{
	"credit": "Made with Blockbench",
	"textures": {
		"0": "items/legend",
		"particle": "items/legend"
	},
	"elements": [
		{
			"from": [-16, 0, -16],
			"to": [32, 0, 32],
			"faces": {
				"up": {"uv": [0, 0, 16, 16], "texture": "#0"}
			}
		}
	],
	"gui_light": "front",
	"display": {
		"thirdperson_righthand": {
			"scale": [0, 0, 0]
		},
		"thirdperson_lefthand": {
			"scale": [0, 0, 0]
		},
		"firstperson_righthand": {
			"scale": [0, 0, 0]
		},
		"firstperson_lefthand": {
			"scale": [0, 0, 0]
		},
		"ground": {
			"scale": [0, 0, 0]
		},
		"gui": {
			"rotation": [90, 0, 0],
			"translation": [-80, 20, 0],
			"scale": [1.25, 1.25, 1.1255]
		},
		"head": {
			"scale": [0, 0, 0]
		}
	}
}