{
	"credit": "Made with Blockbench",
	"textures": {
		"0": "items/glove",
		"1_0": "items/character"
	},
	"elements": [
		{
			"from": [6.5, 18, 6],
			"to": [9.5, 21, 10],
			"rotation": {"angle": 0, "axis": "y", "origin": [14.5, 12, 14]},
			"faces": {
				"north": {"uv": [12.5, 3.5, 15.5, 0.5], "texture": "#0"},
				"east": {"uv": [8.499, 6.998, 12.499, 4], "texture": "#0"},
				"south": {"uv": [12.5, 7, 15.5, 4], "rotation": 180, "texture": "#0"},
				"west": {"uv": [8.5, 3.5, 12.5, 0.5], "texture": "#0"},
				"up": {"uv": [12.499, 7.5, 8.499, 10.5], "rotation": 90, "texture": "#0"},
				"down": {"uv": [0, 4, 3, 0], "texture": "#missing"}
			}
		},
		{
			"from": [6.25, 17, 5.75],
			"to": [9.75, 18, 10.25],
			"rotation": {"angle": 0, "axis": "y", "origin": [14.5, 12, 14]},
			"faces": {
				"north": {"uv": [0.5, 11.5, 5, 10.5], "texture": "#0"},
				"east": {"uv": [0.5, 11.5, 5, 10.5], "texture": "#0"},
				"south": {"uv": [0.5, 11.5, 5, 10.5], "texture": "#0"},
				"west": {"uv": [0.5, 11.5, 5, 10.5], "texture": "#0"},
				"up": {"uv": [0.5, 11.5, 5, 10.5], "texture": "#0"},
				"down": {"uv": [0.5, 11.5, 5, 10.5], "texture": "#0"}
			}
		},
		{
			"from": [6.25, 15, 5.75],
			"to": [9.75, 16, 10.25],
			"rotation": {"angle": 0, "axis": "y", "origin": [14.5, 12, 14]},
			"faces": {
				"north": {"uv": [0.5, 11.5, 5, 10.5], "texture": "#0"},
				"east": {"uv": [0.5, 11.5, 5, 10.5], "texture": "#0"},
				"south": {"uv": [0.5, 11.5, 5, 10.5], "texture": "#0"},
				"west": {"uv": [0.5, 11.5, 5, 10.5], "texture": "#0"},
				"up": {"uv": [0.5, 11.5, 5, 10.5], "texture": "#0"},
				"down": {"uv": [0.5, 11.5, 5, 10.5], "texture": "#0"}
			}
		},
		{
			"from": [9.5, 14.5, 6.75],
			"to": [11, 18.5, 9.25],
			"rotation": {"angle": 0, "axis": "y", "origin": [14.5, 12, 14]},
			"faces": {
				"north": {"uv": [0.5, 4.5, 2, 0.5], "texture": "#0"},
				"east": {"uv": [0.5, 4.5, 3, 0.5], "texture": "#0"},
				"south": {"uv": [1.5, 4.5, 3, 0.5], "texture": "#0"},
				"west": {"uv": [0.5, 11.5, 5, 10.5], "texture": "#0"},
				"up": {"uv": [6.5, 0.5, 4, 2], "rotation": 90, "texture": "#0"},
				"down": {"uv": [6.5, 0.5, 4, 2], "rotation": 90, "texture": "#0"}
			}
		},
		{
			"from": [10.2, 17.95, 7.5],
			"to": [11.2, 18.95, 8.5],
			"rotation": {"angle": -45, "axis": "z", "origin": [10.5, 19, 8]},
			"faces": {
				"north": {"uv": [0.5, 7.5, 2.5, 5.5], "texture": "#0"},
				"east": {"uv": [0.5, 7.5, 2.5, 5.5], "texture": "#0"},
				"south": {"uv": [0.5, 7.5, 2.5, 5.5], "texture": "#0"},
				"west": {"uv": [0.5, 7.5, 2.5, 5.5], "texture": "#0"},
				"up": {"uv": [0.5, 7.5, 2.5, 5.5], "texture": "#0"},
				"down": {"uv": [0.5, 7.5, 2.5, 5.5], "texture": "#0"}
			}
		},
		{
			"from": [6.5, 8, 6],
			"to": [9.5, 17, 10],
			"rotation": {"angle": 0, "axis": "y", "origin": [8, 12.5, 8]},
			"faces": {
				"north": {"uv": [4.5, 9.5, 7.5, 0.5], "texture": "#1_0"},
				"east": {"uv": [0.5, 9.5, 4.5, 0.5], "texture": "#1_0"},
				"south": {"uv": [4.5, 9.5, 7.5, 0.5], "texture": "#1_0"},
				"west": {"uv": [0.5, 9.5, 4.5, 0.5], "texture": "#1_0"},
				"up": {"uv": [0, 4, 3, 0], "texture": "#missing"},
				"down": {"uv": [12.5, 15.5, 15.5, 11.5], "texture": "#1_0"}
			}
		}
	],
	"display": {
		"thirdperson_righthand": {
			"rotation": [67.5, 0, 0],
			"translation": [-0.5, -2.75, 8.2]
		},
		"thirdperson_lefthand": {
			"rotation": [67.5, 180, 5],
			"translation": [-0.5, -2.75, 8.2]
		},
		"firstperson_righthand": {
			"rotation": [-1, -6, 10],
			"translation": [-3.75, 2.25, 5.25]
		},
		"firstperson_lefthand": {
			"rotation": [-5, 168, -5],
			"translation": [-3.5, 2.25, 5.25]
		},
		"ground": {
			"scale": [0, 0, 0]
		},
		"gui": {
			"scale": [0, 0, 0]
		}
	},
	"groups": [
		0,
		1,
		2,
		3,
		4,
		{
			"name": "carrot_on_a_stick2",
			"origin": [8, 8, 8],
			"color": 0,
			"children": [5]
		}
	]
}