{
	"parent": "item/generated",
	"textures": {
		"layer0": "item/carrot_on_a_stick"
	},
	
	"overrides": [
		{"predicate": {"custom_model_data":1}, "model": "item/carrot_on_a_stick1"},
		{"predicate": {"custom_model_data":2}, "model": "item/carrot_on_a_stick2"},
                     	{"predicate": {"custom_model_data":3}, "model": "item/carrot_on_a_stick3"},
                     	{"predicate": {"custom_model_data":4}, "model": "item/carrot_on_a_stick4"},
                     	{"predicate": {"custom_model_data":5}, "model": "item/carrot_on_a_stick5"},
                     	{"predicate": {"custom_model_data":6}, "model": "item/carrot_on_a_stick6"},
                     	{"predicate": {"custom_model_data":7}, "model": "item/carrot_on_a_stick7"},
                     	{"predicate": {"custom_model_data":8}, "model": "item/carrot_on_a_stick8"},
                     	{"predicate": {"custom_model_data":9}, "model": "item/carrot_on_a_stick9"},
                     	{"predicate": {"custom_model_data":10}, "model": "item/carrot_on_a_stick10"},
                     	{"predicate": {"custom_model_data":11}, "model": "item/carrot_on_a_stick11"},
                     	{"predicate": {"custom_model_data":12}, "model": "item/carrot_on_a_stick12"},
                     	{"predicate": {"custom_model_data":13}, "model": "item/carrot_on_a_stick13"},
                     	{"predicate": {"custom_model_data":14}, "model": "item/carrot_on_a_stick14"},
                     	{"predicate": {"custom_model_data":15}, "model": "item/carrot_on_a_stick15"}

                               ]
}