{
	"credit": "Made with Blockbench",
	"textures": {
		"0": "items/glove",
		"particle": "items/character",
		"1_0": "items/character"
	},
	"elements": [
		{
			"from": [6.5, -1, 6],
			"to": [9.5, 2, 10],
			"rotation": {"angle": 0, "axis": "y", "origin": [14.5, 8, 14]},
			"faces": {
				"north": {"uv": [12.5, 0.5, 15.5, 3.5], "texture": "#0"},
				"east": {"uv": [8.499, 4, 12.499, 6.998], "texture": "#0"},
				"south": {"uv": [12.5, 4, 15.5, 7], "rotation": 180, "texture": "#0"},
				"west": {"uv": [8.5, 0.5, 12.5, 3.5], "texture": "#0"},
				"up": {"uv": [0, 0, 3, 4], "texture": "#missing"},
				"down": {"uv": [8.499, 7.5, 12.499, 10.5], "rotation": 90, "texture": "#0"}
			}
		},
		{
			"from": [6.25, 2, 5.75],
			"to": [9.75, 3, 10.25],
			"rotation": {"angle": 0, "axis": "y", "origin": [14.5, 8, 14]},
			"faces": {
				"north": {"uv": [0.5, 10.5, 5, 11.5], "texture": "#0"},
				"east": {"uv": [0.5, 10.5, 5, 11.5], "texture": "#0"},
				"south": {"uv": [0.5, 10.5, 5, 11.5], "texture": "#0"},
				"west": {"uv": [0.5, 10.5, 5, 11.5], "texture": "#0"},
				"up": {"uv": [0.5, 10.5, 5, 11.5], "texture": "#0"},
				"down": {"uv": [0.5, 10.5, 5, 11.5], "texture": "#0"}
			}
		},
		{
			"from": [6.25, 4, 5.75],
			"to": [9.75, 5, 10.25],
			"rotation": {"angle": 0, "axis": "y", "origin": [14.5, 8, 14]},
			"faces": {
				"north": {"uv": [0.5, 10.5, 5, 11.5], "texture": "#0"},
				"east": {"uv": [0.5, 10.5, 5, 11.5], "texture": "#0"},
				"south": {"uv": [0.5, 10.5, 5, 11.5], "texture": "#0"},
				"west": {"uv": [0.5, 10.5, 5, 11.5], "texture": "#0"},
				"up": {"uv": [0.5, 10.5, 5, 11.5], "texture": "#0"},
				"down": {"uv": [0.5, 10.5, 5, 11.5], "texture": "#0"}
			}
		},
		{
			"from": [9.5, 1.5, 6.75],
			"to": [11, 5.5, 9.25],
			"rotation": {"angle": 0, "axis": "y", "origin": [14.5, 8, 14]},
			"faces": {
				"north": {"uv": [0.5, 0.5, 2, 4.5], "texture": "#0"},
				"east": {"uv": [0.5, 0.5, 3, 4.5], "texture": "#0"},
				"south": {"uv": [1.5, 0.5, 3, 4.5], "texture": "#0"},
				"west": {"uv": [0.5, 10.5, 5, 11.5], "texture": "#0"},
				"up": {"uv": [4, 0.5, 6.5, 2], "rotation": 90, "texture": "#0"},
				"down": {"uv": [4, 0.5, 6.5, 2], "rotation": 90, "texture": "#0"}
			}
		},
		{
			"from": [10.2, 1.05, 7.5],
			"to": [11.2, 2.05, 8.5],
			"rotation": {"angle": 45, "axis": "z", "origin": [10.5, 1, 8]},
			"faces": {
				"north": {"uv": [0.5, 5.5, 2.5, 7.5], "texture": "#0"},
				"east": {"uv": [0.5, 5.5, 2.5, 7.5], "texture": "#0"},
				"south": {"uv": [0.5, 5.5, 2.5, 7.5], "texture": "#0"},
				"west": {"uv": [0.5, 5.5, 2.5, 7.5], "texture": "#0"},
				"up": {"uv": [0.5, 5.5, 2.5, 7.5], "texture": "#0"},
				"down": {"uv": [0.5, 5.5, 2.5, 7.5], "texture": "#0"}
			}
		},
		{
			"from": [6.5, 3, 6],
			"to": [9.5, 12, 10],
			"rotation": {"angle": 0, "axis": "y", "origin": [14.5, 8, 14]},
			"faces": {
				"north": {"uv": [4.5, 0.5, 7.5, 9.5], "texture": "#1_0"},
				"east": {"uv": [0.5, 0.5, 4.5, 9.5], "texture": "#1_0"},
				"south": {"uv": [4.5, 0.5, 7.5, 9.5], "texture": "#1_0"},
				"west": {"uv": [0.5, 0.5, 4.5, 9.5], "texture": "#1_0"},
				"up": {"uv": [12.5, 11.5, 15.5, 15.5], "texture": "#1_0"},
				"down": {"uv": [0, 0, 3, 4], "texture": "#missing"}
			}
		}
	],
	"display": {
		"thirdperson_righthand": {
			"rotation": [22.5, 0, 0],
			"translation": [-0.5, -4, 9.2]
		},
		"thirdperson_lefthand": {
			"rotation": [22.5, -180, 0],
			"translation": [-0.5, -4, 9.2]
		},
		"firstperson_righthand": {
			"rotation": [137, 18, -11],
			"translation": [0, -0.25, 1.25],
			"scale": [0, 0, 0]
		},
		"firstperson_lefthand": {
			"rotation": [137, 18, -11],
			"translation": [0, -0.25, 1.25],
			"scale": [0, 0, 0]
		},
		"ground": {
			"scale": [0, 0, 0]
		},
		"gui": {
			"scale": [0, 0, 0]
		}
	},
	"groups": [
		0,
		1,
		2,
		3,
		4,
		{
			"name": "carrot_on_a_stick2",
			"origin": [8, 8, 8],
			"color": 0,
			"children": [5]
		}
	]
}