{
	"credit": "Made with Blockbench",
	"parent": "block/block",
	"ambientocclusion": false,
	"texture_size": [32, 32],
	"textures": {
		"1": "items/eggs"
	},
	"elements": [
		{
			"from": [3, -3.5, 4.5],
			"to": [4.5, 1.5, 6],
			"rotation": {"angle": -45, "axis": "x", "origin": [0.75, 4.66667, 1.08333]},
			"faces": {
				"north": {"uv": [1.5, 5.75, 2.25, 8.25], "texture": "#1"},
				"east": {"uv": [1.5, 5.75, 2.25, 8.25], "texture": "#1"},
				"south": {"uv": [1.5, 5.75, 2.25, 8.25], "texture": "#1"},
				"west": {"uv": [1.5, 5.75, 2.25, 8.25], "texture": "#1"},
				"up": {"uv": [2.75, 5.75, 3.5, 6.5], "texture": "#1"},
				"down": {"uv": [2.75, 5.75, 3.5, 6.5], "texture": "#1"}
			}
		},
		{
			"from": [3.75, 1.5, 5],
			"to": [3.75, 3, 6.5],
			"rotation": {"angle": -45, "axis": "x", "origin": [0.75, 4.66667, 1.08333]},
			"faces": {
				"west": {"uv": [0.25, 5.75, 1, 6.5], "texture": "#1"}
			}
		},
		{
			"from": [3.75, 1.5, 5],
			"to": [3.75, 3, 6.5],
			"rotation": {"angle": -45, "axis": "x", "origin": [0.75, 4.66667, 1.08333]},
			"faces": {
				"east": {"uv": [0.25, 5.75, 1, 6.5], "rotation": 90, "texture": "#1"}
			}
		},
		{
			"from": [6.5, 7.5, 6.5],
			"to": [9.5, 9, 9.5],
			"rotation": {"angle": 0, "axis": "y", "origin": [4, 0, 4]},
			"faces": {
				"north": {"uv": [1.5, 4.25, 1.55, 4.3], "texture": "#1"},
				"east": {"uv": [1.5, 4.25, 1.55, 4.3], "texture": "#1"},
				"south": {"uv": [1.5, 4.25, 1.55, 4.3], "texture": "#1"},
				"west": {"uv": [1.5, 4.25, 1.55, 4.3], "texture": "#1"},
				"up": {"uv": [1.5, 4.25, 1.55, 4.3], "texture": "#1"},
				"down": {"uv": [1.5, 4.25, 1.55, 4.3], "texture": "#1"}
			}
		},
		{
			"from": [6, 7, 6],
			"to": [10, 8.5, 10],
			"rotation": {"angle": 0, "axis": "y", "origin": [4, 0, 4]},
			"faces": {
				"north": {"uv": [3, 4.25, 5, 5], "texture": "#1"},
				"east": {"uv": [3, 4.25, 5, 5], "texture": "#1"},
				"south": {"uv": [3, 4.25, 5, 5], "texture": "#1"},
				"west": {"uv": [3, 4.25, 5, 5], "texture": "#1"},
				"up": {"uv": [1.5, 4.25, 1.55, 4.3], "texture": "#1"},
				"down": {"uv": [1.5, 4.25, 1.55, 4.3], "texture": "#1"}
			}
		},
		{
			"from": [5.5, 6.5, 5.5],
			"to": [10.5, 7.5, 10.5],
			"rotation": {"angle": 0, "axis": "y", "origin": [4, 0, 4]},
			"faces": {
				"north": {"uv": [0.25, 4.75, 2.75, 5.25], "texture": "#1"},
				"east": {"uv": [0.25, 4.75, 2.75, 5.25], "texture": "#1"},
				"south": {"uv": [0.25, 4.75, 2.75, 5.25], "texture": "#1"},
				"west": {"uv": [0.25, 4.75, 2.75, 5.25], "texture": "#1"},
				"up": {"uv": [11.75, 0.25, 14.25, 2.75], "texture": "#1"},
				"down": {"uv": [3, 11, 13, 13], "rotation": 180, "texture": "#missing"}
			}
		},
		{
			"from": [5, 5, 5],
			"to": [11, 6.5, 11],
			"rotation": {"angle": 0, "axis": "y", "origin": [4, 0, 4]},
			"faces": {
				"north": {"uv": [0.25, 2.5, 3.25, 3.25], "rotation": 180, "texture": "#1"},
				"east": {"uv": [0.25, 2.5, 3.25, 3.25], "rotation": 180, "texture": "#1"},
				"south": {"uv": [0.25, 2.5, 3.25, 3.25], "rotation": 180, "texture": "#1"},
				"west": {"uv": [0.25, 2.5, 3.25, 3.25], "rotation": 180, "texture": "#1"},
				"up": {"uv": [8.25, 0.25, 11.25, 3.25], "rotation": 180, "texture": "#1"},
				"down": {"uv": [8.25, 0.25, 11.25, 3.25], "rotation": 180, "texture": "#1"}
			}
		},
		{
			"from": [4.5, 1.5, 4.5],
			"to": [11.5, 5, 11.5],
			"rotation": {"angle": 0, "axis": "y", "origin": [4, 0, 4]},
			"faces": {
				"north": {"uv": [0.25, 0.25, 3.75, 2], "rotation": 180, "texture": "#1"},
				"east": {"uv": [0.25, 0.25, 3.75, 2], "rotation": 180, "texture": "#1"},
				"south": {"uv": [0.25, 0.25, 3.75, 2], "rotation": 180, "texture": "#1"},
				"west": {"uv": [0.25, 0.25, 3.75, 2], "rotation": 180, "texture": "#1"},
				"up": {"uv": [4.25, 0.25, 7.75, 3.75], "rotation": 180, "texture": "#1"},
				"down": {"uv": [4.25, 0.25, 7.75, 3.75], "rotation": 180, "texture": "#1"}
			}
		},
		{
			"from": [5, 0.5, 5],
			"to": [11, 1.5, 11],
			"rotation": {"angle": 0, "axis": "y", "origin": [4, 0, 4]},
			"faces": {
				"north": {"uv": [0.25, 2.5, 3.25, 3.5], "rotation": 180, "texture": "#1"},
				"east": {"uv": [0.25, 2.5, 3.25, 3.5], "rotation": 180, "texture": "#1"},
				"south": {"uv": [0.25, 2.5, 3.25, 3.5], "rotation": 180, "texture": "#1"},
				"west": {"uv": [0.25, 2.5, 3.25, 3.5], "rotation": 180, "texture": "#1"},
				"up": {"uv": [2, 1, 14, 3], "rotation": 180, "texture": "#missing"},
				"down": {"uv": [8.25, 0.25, 11.25, 3.25], "rotation": 180, "texture": "#1"}
			}
		},
		{
			"from": [5.5, 0, 5.5],
			"to": [10.5, 0.5, 10.5],
			"rotation": {"angle": 0, "axis": "y", "origin": [4, 0, 4]},
			"faces": {
				"north": {"uv": [0.25, 5, 2.75, 5.25], "rotation": 180, "texture": "#1"},
				"east": {"uv": [0.25, 5, 2.75, 5.25], "rotation": 180, "texture": "#1"},
				"south": {"uv": [0.25, 5, 2.75, 5.25], "rotation": 180, "texture": "#1"},
				"west": {"uv": [0.25, 5, 2.75, 5.25], "rotation": 180, "texture": "#1"},
				"up": {"uv": [3, 3, 13, 13], "texture": "#missing"},
				"down": {"uv": [11.75, 0.25, 14.25, 2.75], "texture": "#1"}
			}
		},
		{
			"from": [11, 0.90165, 8.78769],
			"to": [12.5, 5.90165, 10.28769],
			"rotation": {"angle": 22.5, "axis": "x", "origin": [11.75, 7.31832, 11.20436]},
			"faces": {
				"north": {"uv": [1.5, 5.75, 2.25, 8.25], "texture": "#1"},
				"east": {"uv": [1.5, 5.75, 2.25, 8.25], "texture": "#1"},
				"south": {"uv": [1.5, 5.75, 2.25, 8.25], "texture": "#1"},
				"west": {"uv": [1.5, 5.75, 2.25, 8.25], "texture": "#1"},
				"up": {"uv": [3.5, 6.5, 2.75, 5.75], "texture": "#1"},
				"down": {"uv": [3.5, 6.5, 2.75, 5.75], "texture": "#1"}
			}
		},
		{
			"from": [11.75, 5.90165, 8.28769],
			"to": [11.75, 7.40165, 9.78769],
			"rotation": {"angle": 22.5, "axis": "x", "origin": [11.75, 7.31832, 11.20436]},
			"faces": {
				"east": {"uv": [0.25, 5.75, 1, 6.5], "texture": "#1"}
			}
		},
		{
			"from": [11.75, 5.90165, 8.28769],
			"to": [11.75, 7.40165, 9.78769],
			"rotation": {"angle": 22.5, "axis": "x", "origin": [11.75, 7.31832, 11.20436]},
			"faces": {
				"west": {"uv": [0.25, 5.75, 1, 6.5], "rotation": 90, "texture": "#1"}
			}
		},
		{
			"from": [7.16667, 6.56832, 7.78769],
			"to": [8.66667, 8.06832, 12.78769],
			"rotation": {"angle": 45, "axis": "x", "origin": [11.75, 7.31832, 11.20436]},
			"faces": {
				"north": {"uv": [3.5, 6.5, 2.75, 5.75], "rotation": 90, "texture": "#1"},
				"east": {"uv": [1.5, 5.75, 2.25, 8.25], "rotation": 270, "texture": "#1"},
				"south": {"uv": [3.5, 6.5, 2.75, 5.75], "rotation": 90, "texture": "#1"},
				"west": {"uv": [1.5, 5.75, 2.25, 8.25], "rotation": 90, "texture": "#1"},
				"up": {"uv": [1.5, 5.75, 2.25, 8.25], "rotation": 180, "texture": "#1"},
				"down": {"uv": [1.5, 5.75, 2.25, 8.25], "texture": "#1"}
			}
		},
		{
			"from": [7.66667, 7.31832, 12.78769],
			"to": [9.16667, 7.31832, 14.28769],
			"rotation": {"angle": 45, "axis": "x", "origin": [11.75, 7.31832, 11.20436]},
			"faces": {
				"down": {"uv": [0.25, 5.75, 1, 6.5], "texture": "#1"}
			}
		},
		{
			"from": [7.66667, 7.31832, 12.78769],
			"to": [9.16667, 7.31832, 14.28769],
			"rotation": {"angle": 45, "axis": "x", "origin": [11.75, 7.31832, 11.20436]},
			"faces": {
				"up": {"uv": [0.25, 5.75, 1, 6.5], "rotation": 270, "texture": "#1"}
			}
		},
		{
			"from": [7.33333, 4.92247, 6.32357],
			"to": [8.83333, 9.92247, 7.82357],
			"rotation": {"angle": 22.5, "axis": "x", "origin": [7.75, 12.83914, 3.07357]},
			"faces": {
				"north": {"uv": [2.25, 5.75, 1.5, 8.25], "texture": "#1"},
				"east": {"uv": [1.5, 8.25, 2.25, 5.75], "rotation": 180, "texture": "#1"},
				"south": {"uv": [2.25, 5.75, 1.5, 8.25], "texture": "#1"},
				"west": {"uv": [1.5, 8.25, 2.25, 5.75], "rotation": 180, "texture": "#1"},
				"up": {"uv": [2.75, 6.5, 3.5, 5.75], "rotation": 270, "texture": "#1"},
				"down": {"uv": [2.75, 6.5, 3.5, 5.75], "rotation": 90, "texture": "#1"}
			}
		},
		{
			"from": [6.83333, 9.92247, 7.07357],
			"to": [8.33333, 11.42247, 7.07357],
			"rotation": {"angle": 22.5, "axis": "x", "origin": [7.75, 12.83914, 3.07357]},
			"faces": {
				"south": {"uv": [1, 5.75, 0.25, 6.5], "texture": "#1"}
			}
		},
		{
			"from": [6.83333, 9.92247, 7.07357],
			"to": [8.33333, 11.42247, 7.07357],
			"rotation": {"angle": 22.5, "axis": "x", "origin": [7.75, 12.83914, 3.07357]},
			"faces": {
				"north": {"uv": [0.25, 6.5, 1, 5.75], "rotation": 90, "texture": "#1"}
			}
		},
		{
			"from": [7.1, 6, 1.25],
			"to": [9.1, 7, 3.25],
			"rotation": {"angle": 22.5, "axis": "x", "origin": [8, 0.5, 2]},
			"faces": {
				"north": {"uv": [4, 5.75, 6, 6.25], "texture": "#1"},
				"east": {"uv": [4, 5.75, 6, 6.25], "texture": "#1"},
				"south": {"uv": [4, 5.75, 6, 6.25], "texture": "#1"},
				"west": {"uv": [4, 5.75, 6, 6.25], "texture": "#1"},
				"up": {"uv": [4, 5.75, 6, 5.8], "texture": "#1"},
				"down": {"uv": [4, 6.25, 6, 6.3], "texture": "#1"}
			}
		},
		{
			"from": [7.1, 6.72971, 10.1772],
			"to": [9.1, 8.72971, 11.1772],
			"rotation": {"angle": 45, "axis": "x", "origin": [8.1, 7.72971, 10.6772]},
			"faces": {
				"north": {"uv": [4, 6.25, 6, 6.3], "rotation": 180, "texture": "#1"},
				"east": {"uv": [4, 5.75, 6, 6.25], "rotation": 270, "texture": "#1"},
				"south": {"uv": [4, 5.75, 6, 5.8], "texture": "#1"},
				"west": {"uv": [4, 5.75, 6, 6.25], "rotation": 90, "texture": "#1"},
				"up": {"uv": [4, 5.75, 6, 6.25], "rotation": 180, "texture": "#1"},
				"down": {"uv": [4, 5.75, 6, 6.25], "texture": "#1"}
			}
		},
		{
			"from": [10.75, 3.97971, 8.6772],
			"to": [12.75, 4.97971, 10.6772],
			"rotation": {"angle": 22.5, "axis": "x", "origin": [8.1, 7.72971, 10.6772]},
			"faces": {
				"north": {"uv": [4, 5.75, 6, 6.25], "rotation": 180, "texture": "#1"},
				"east": {"uv": [4, 5.75, 6, 6.25], "rotation": 180, "texture": "#1"},
				"south": {"uv": [4, 5.75, 6, 6.25], "rotation": 180, "texture": "#1"},
				"west": {"uv": [4, 5.75, 6, 6.25], "rotation": 180, "texture": "#1"},
				"up": {"uv": [4, 6.25, 6, 6.3], "rotation": 270, "texture": "#1"},
				"down": {"uv": [4, 5.75, 6, 5.8], "rotation": 90, "texture": "#1"}
			}
		},
		{
			"from": [2.75, 3.60978, 5.7404],
			"to": [4.75, 4.60978, 7.7404],
			"rotation": {"angle": -45, "axis": "x", "origin": [4.25, 5.10978, 7.4904]},
			"faces": {
				"north": {"uv": [4, 5.75, 6, 6.25], "rotation": 180, "texture": "#1"},
				"east": {"uv": [4, 5.75, 6, 6.25], "rotation": 180, "texture": "#1"},
				"south": {"uv": [4, 5.75, 6, 6.25], "rotation": 180, "texture": "#1"},
				"west": {"uv": [4, 5.75, 6, 6.25], "rotation": 180, "texture": "#1"},
				"up": {"uv": [6, 6.3, 4, 6.25], "rotation": 270, "texture": "#1"},
				"down": {"uv": [6, 5.8, 4, 5.75], "rotation": 90, "texture": "#1"}
			}
		}
	],
	"display": {
		"ground": {
			"rotation": [45, 45, 0],
			"translation": [0, 5.5, 0]
		},
		"gui": {
			"rotation": [20, 135, 0],
			"translation": [0, 3, 0]
		},
		"head": {
			"translation": [0, -2.15, 0],
			"scale": [2.29, 2.29, 2.29]
		}
	},
	"groups": [
		{
			"name": "dynamite",
			"origin": [0.75, 5.75, 1.25],
			"color": 0,
			"children": [0, 1, 2]
		},
		{
			"name": "egg",
			"origin": [4, 0, 4],
			"color": 0,
			"children": [3, 4, 5, 6, 7, 8, 9]
		},
		{
			"name": "dynamite",
			"origin": [0.75, 5.75, 1.25],
			"color": 0,
			"children": [10, 11, 12]
		},
		{
			"name": "dynamite",
			"origin": [0.75, 5.75, 1.25],
			"color": 0,
			"children": [13, 14, 15]
		},
		{
			"name": "dynamite",
			"origin": [0.75, 5.75, 1.25],
			"color": 0,
			"children": [16, 17, 18]
		}, 19, 20, 21, 22]
}