{
	"credit": "Made with Blockbench",
	"parent": "block/block",
	"ambientocclusion": false,
	"texture_size": [32, 32],
	"textures": {
		"1": "items/rotten_egg"
	},
	"elements": [
		{
			"from": [6.5, 7.5, 6.5],
			"to": [9.5, 9, 9.5],
			"rotation": {"angle": 0, "axis": "y", "origin": [4, 0, 4]},
			"faces": {
				"north": {"uv": [1.5, 4.25, 1.55, 4.3], "texture": "#1"},
				"east": {"uv": [1.5, 4.25, 1.55, 4.3], "texture": "#1"},
				"south": {"uv": [1.5, 4.25, 1.55, 4.3], "texture": "#1"},
				"west": {"uv": [1.5, 4.25, 1.55, 4.3], "texture": "#1"},
				"up": {"uv": [1.5, 4.25, 1.55, 4.3], "texture": "#1"},
				"down": {"uv": [1.5, 4.25, 1.55, 4.3], "texture": "#1"}
			}
		},
		{
			"from": [6, 7, 6],
			"to": [10, 8.5, 10],
			"rotation": {"angle": 0, "axis": "y", "origin": [4, 0, 4]},
			"faces": {
				"north": {"uv": [3, 4.25, 5, 5], "texture": "#1"},
				"east": {"uv": [3, 4.25, 5, 5], "texture": "#1"},
				"south": {"uv": [3, 4.25, 5, 5], "texture": "#1"},
				"west": {"uv": [3, 4.25, 5, 5], "texture": "#1"},
				"up": {"uv": [1.5, 4.25, 1.55, 4.3], "texture": "#1"},
				"down": {"uv": [1.5, 4.25, 1.55, 4.3], "texture": "#1"}
			}
		},
		{
			"from": [5.5, 6.5, 5.5],
			"to": [10.5, 7.5, 10.5],
			"rotation": {"angle": 0, "axis": "y", "origin": [4, 0, 4]},
			"faces": {
				"north": {"uv": [0.25, 4.75, 2.75, 5.25], "texture": "#1"},
				"east": {"uv": [0.25, 4.75, 2.75, 5.25], "texture": "#1"},
				"south": {"uv": [0.25, 4.75, 2.75, 5.25], "texture": "#1"},
				"west": {"uv": [0.25, 4.75, 2.75, 5.25], "texture": "#1"},
				"up": {"uv": [11.75, 0.25, 14.25, 2.75], "texture": "#1"},
				"down": {"uv": [3, 11, 13, 13], "rotation": 180, "texture": "#missing"}
			}
		},
		{
			"from": [5, 5, 5],
			"to": [11, 6.5, 11],
			"rotation": {"angle": 0, "axis": "y", "origin": [4, 0, 4]},
			"faces": {
				"north": {"uv": [0.25, 2.5, 3.25, 3.25], "rotation": 180, "texture": "#1"},
				"east": {"uv": [0.25, 2.5, 3.25, 3.25], "rotation": 180, "texture": "#1"},
				"south": {"uv": [0.25, 2.5, 3.25, 3.25], "rotation": 180, "texture": "#1"},
				"west": {"uv": [0.25, 2.5, 3.25, 3.25], "rotation": 180, "texture": "#1"},
				"up": {"uv": [8.25, 0.25, 11.25, 3.25], "rotation": 180, "texture": "#1"},
				"down": {"uv": [8.25, 0.25, 11.25, 3.25], "rotation": 180, "texture": "#1"}
			}
		},
		{
			"from": [4.5, 1.5, 4.5],
			"to": [11.5, 5, 11.5],
			"rotation": {"angle": 0, "axis": "y", "origin": [4, 0, 4]},
			"faces": {
				"north": {"uv": [0.25, 0.25, 3.75, 2], "rotation": 180, "texture": "#1"},
				"east": {"uv": [0.25, 0.25, 3.75, 2], "rotation": 180, "texture": "#1"},
				"south": {"uv": [0.25, 0.25, 3.75, 2], "rotation": 180, "texture": "#1"},
				"west": {"uv": [0.25, 0.25, 3.75, 2], "rotation": 180, "texture": "#1"},
				"up": {"uv": [4.25, 0.25, 7.75, 3.75], "rotation": 180, "texture": "#1"},
				"down": {"uv": [4.25, 0.25, 7.75, 3.75], "rotation": 180, "texture": "#1"}
			}
		},
		{
			"from": [5, 0.5, 5],
			"to": [11, 1.5, 11],
			"rotation": {"angle": 0, "axis": "y", "origin": [4, 0, 4]},
			"faces": {
				"north": {"uv": [0.25, 2.5, 3.25, 3.5], "rotation": 180, "texture": "#1"},
				"east": {"uv": [0.25, 2.5, 3.25, 3.5], "rotation": 180, "texture": "#1"},
				"south": {"uv": [0.25, 2.5, 3.25, 3.5], "rotation": 180, "texture": "#1"},
				"west": {"uv": [0.25, 2.5, 3.25, 3.5], "rotation": 180, "texture": "#1"},
				"up": {"uv": [2, 1, 14, 3], "rotation": 180, "texture": "#missing"},
				"down": {"uv": [8.25, 0.25, 11.25, 3.25], "rotation": 180, "texture": "#1"}
			}
		},
		{
			"from": [5.5, 0, 5.5],
			"to": [10.5, 0.5, 10.5],
			"rotation": {"angle": 0, "axis": "y", "origin": [4, 0, 4]},
			"faces": {
				"north": {"uv": [0.25, 5, 2.75, 5.25], "rotation": 180, "texture": "#1"},
				"east": {"uv": [0.25, 5, 2.75, 5.25], "rotation": 180, "texture": "#1"},
				"south": {"uv": [0.25, 5, 2.75, 5.25], "rotation": 180, "texture": "#1"},
				"west": {"uv": [0.25, 5, 2.75, 5.25], "rotation": 180, "texture": "#1"},
				"up": {"uv": [3, 3, 13, 13], "texture": "#missing"},
				"down": {"uv": [11.75, 0.25, 14.25, 2.75], "texture": "#1"}
			}
		}
	],
	"display": {
		"ground": {
			"rotation": [45, 45, 0],
			"translation": [0, 5.5, 0]
		},
		"gui": {
			"rotation": [20, 135, 0],
			"translation": [0, 3, 0]
		},
		"head": {
			"translation": [0, -2.15, 0],
			"scale": [2.29, 2.29, 2.29]
		}
	},
	"groups": [
		{
			"name": "egg",
			"origin": [4, 0, 4],
			"color": 0,
			"children": [0, 1, 2, 3, 4, 5, 6]
		}
	]
}