{
	"credit": "Made with Blockbench",
	"texture_size": [32, 32],
	"textures": {
		"1": "items/flag",
		"particle": "items/flag"
	},
	"elements": [
		{
			"from": [7, 2, 6],
			"to": [8.5, 16, 7.5],
			"faces": {
				"north": {"uv": [0.25, 0.25, 1, 7.25], "texture": "#1"},
				"east": {"uv": [0.25, 0.25, 1, 7.25], "texture": "#1"},
				"south": {"uv": [0.25, 0.25, 1, 7.25], "texture": "#1"},
				"west": {"uv": [0.25, 0.25, 1, 7.25], "texture": "#1"},
				"up": {"uv": [1.25, 0.25, 2, 1], "texture": "#1"},
				"down": {"uv": [1.25, 0.25, 2, 1], "texture": "#1"}
			}
		},
		{
			"from": [7.25, 16, 6.25],
			"to": [8.25, 30, 7.25],
			"faces": {
				"north": {"uv": [2.5, 0.25, 3, 7.25], "rotation": 180, "texture": "#1"},
				"east": {"uv": [2.5, 0.25, 3, 7.25], "texture": "#1"},
				"south": {"uv": [2.5, 0.25, 3, 7.25], "rotation": 180, "texture": "#1"},
				"west": {"uv": [2.5, 0.25, 3, 7.25], "texture": "#1"},
				"up": {"uv": [2.5, 0.25, 3, 0.75], "rotation": 180, "texture": "#1"},
				"down": {"uv": [2.5, 0.25, 3, 0.75], "rotation": 180, "texture": "#1"}
			}
		},
		{
			"from": [8.75, 19, 9],
			"to": [14.75, 29, 9],
			"rotation": {"angle": -22.5, "axis": "y", "origin": [13.75, 24, 6.75]},
			"faces": {
				"north": {"uv": [6.5, 0.25, 9.5, 5.25], "texture": "#1"},
				"south": {"uv": [9.5, 0.25, 6.5, 5.25], "texture": "#1"}
			}
		},
		{
			"from": [13.81246, 19, 9.21134],
			"to": [17.81246, 29, 9.21134],
			"rotation": {"angle": 0, "axis": "y", "origin": [16.81246, 24, 9.21134]},
			"faces": {
				"north": {"uv": [4.5, 0.25, 6.5, 5.25], "texture": "#1"},
				"south": {"uv": [6.5, 0.25, 4.5, 5.25], "texture": "#1"}
			}
		},
		{
			"from": [17.52027, 19, 9.91874],
			"to": [19.52027, 29, 9.91874],
			"rotation": {"angle": -45, "axis": "y", "origin": [18.52027, 24, 9.91874]},
			"faces": {
				"north": {"uv": [3.5, 0.25, 4.5, 5.25], "texture": "#1"},
				"south": {"uv": [4.5, 0.25, 3.5, 5.25], "texture": "#1"}
			}
		}
	],
	"display": {
		"thirdperson_righthand": {
			"rotation": [59, 19, 0],
			"translation": [-3.75, 3.75, 4.15]
		},
		"thirdperson_lefthand": {
			"rotation": [67.5, 0, 0],
			"translation": [-0.5, -2.75, 8.2]
		},
		"firstperson_righthand": {
			"rotation": [4, 3, -11],
			"translation": [-4, -1.25, -1.5]
		},
		"firstperson_lefthand": {
			"rotation": [137, 18, -11],
			"translation": [0, -0.25, 1.25],
			"scale": [0, 0, 0]
		},
		"ground": {
			"translation": [0, 3.5, 1]
		},
		"gui": {
			"scale": [0, 0, 0]
		},
		"head": {
			"translation": [0, -17.5, 0],
			"scale": [2.29, 2.29, 2.29]
		},
		"fixed": {
			"rotation": [0, -90, 0],
			"translation": [0, -1, -1.5],
			"scale": [0.75, 0.75, 0.75]
		}
	},
	"groups": [
		{
			"name": "group",
			"origin": [-8, -7.72487, -4.62737],
			"color": 0,
			"children": []
		},
		{
			"name": "group",
			"origin": [8, 5.99761, 10.79277],
			"color": 0,
			"children": []
		},
		{
			"name": "group",
			"origin": [8, 5.99761, 10.79277],
			"color": 0,
			"children": []
		}, 0, 1, 2, 3, 4]
}