{
	"credit": "Made with Blockbench",
	"parent": "block/block",
	"ambientocclusion": false,
	"texture_size": [32, 32],
	"textures": {
		"0": "items/skewer",
		"1": "items/skeweregg",
		"particle": "items/skewer"
	},
	"elements": [
		{
			"from": [6.5, 7.5, 6.5],
			"to": [9.5, 9, 9.5],
			"rotation": {"angle": 0, "axis": "y", "origin": [4, 0, 4]},
			"faces": {
				"north": {"uv": [1.5, 4.25, 1.55, 4.3], "texture": "#1"},
				"east": {"uv": [1.5, 4.25, 1.55, 4.3], "texture": "#1"},
				"south": {"uv": [1.5, 4.25, 1.55, 4.3], "texture": "#1"},
				"west": {"uv": [1.5, 4.25, 1.55, 4.3], "texture": "#1"},
				"up": {"uv": [1.5, 4.25, 1.55, 4.3], "texture": "#1"},
				"down": {"uv": [1.5, 4.25, 1.55, 4.3], "texture": "#1"}
			}
		},
		{
			"from": [6, 7, 6],
			"to": [10, 8.5, 10],
			"rotation": {"angle": 0, "axis": "y", "origin": [4, 0, 4]},
			"faces": {
				"north": {"uv": [3, 4.25, 5, 5], "texture": "#1"},
				"east": {"uv": [3, 4.25, 5, 5], "texture": "#1"},
				"south": {"uv": [3, 4.25, 5, 5], "texture": "#1"},
				"west": {"uv": [3, 4.25, 5, 5], "texture": "#1"},
				"up": {"uv": [1.5, 4.25, 1.55, 4.3], "texture": "#1"},
				"down": {"uv": [1.5, 4.25, 1.55, 4.3], "texture": "#1"}
			}
		},
		{
			"from": [5.5, 6.5, 5.5],
			"to": [10.5, 7.5, 10.5],
			"rotation": {"angle": 0, "axis": "y", "origin": [4, 0, 4]},
			"faces": {
				"north": {"uv": [0.25, 4.75, 2.75, 5.25], "texture": "#1"},
				"east": {"uv": [0.25, 4.75, 2.75, 5.25], "texture": "#1"},
				"south": {"uv": [0.25, 4.75, 2.75, 5.25], "texture": "#1"},
				"west": {"uv": [0.25, 4.75, 2.75, 5.25], "texture": "#1"},
				"up": {"uv": [11.75, 0.25, 14.25, 2.75], "texture": "#1"},
				"down": {"uv": [3, 11, 13, 13], "rotation": 180, "texture": "#missing"}
			}
		},
		{
			"from": [5, 5, 5],
			"to": [11, 6.5, 11],
			"rotation": {"angle": 0, "axis": "y", "origin": [4, 0, 4]},
			"faces": {
				"north": {"uv": [0.25, 2.5, 3.25, 3.25], "rotation": 180, "texture": "#1"},
				"east": {"uv": [0.25, 2.5, 3.25, 3.25], "rotation": 180, "texture": "#1"},
				"south": {"uv": [0.25, 2.5, 3.25, 3.25], "rotation": 180, "texture": "#1"},
				"west": {"uv": [0.25, 2.5, 3.25, 3.25], "rotation": 180, "texture": "#1"},
				"up": {"uv": [8.25, 0.25, 11.25, 3.25], "rotation": 180, "texture": "#1"},
				"down": {"uv": [8.25, 0.25, 11.25, 3.25], "rotation": 180, "texture": "#1"}
			}
		},
		{
			"from": [4.5, 1.5, 4.5],
			"to": [11.5, 5, 11.5],
			"rotation": {"angle": 0, "axis": "y", "origin": [4, 0, 4]},
			"faces": {
				"north": {"uv": [0.25, 0.25, 3.75, 2], "rotation": 180, "texture": "#1"},
				"east": {"uv": [0.25, 0.25, 3.75, 2], "rotation": 180, "texture": "#1"},
				"south": {"uv": [0.25, 0.25, 3.75, 2], "rotation": 180, "texture": "#1"},
				"west": {"uv": [0.25, 0.25, 3.75, 2], "rotation": 180, "texture": "#1"},
				"up": {"uv": [4.25, 0.25, 7.75, 3.75], "rotation": 180, "texture": "#1"},
				"down": {"uv": [4.25, 0.25, 7.75, 3.75], "rotation": 180, "texture": "#1"}
			}
		},
		{
			"from": [5, 0.5, 5],
			"to": [11, 1.5, 11],
			"rotation": {"angle": 0, "axis": "y", "origin": [4, 0, 4]},
			"faces": {
				"north": {"uv": [0.25, 2.5, 3.25, 3.5], "rotation": 180, "texture": "#1"},
				"east": {"uv": [0.25, 2.5, 3.25, 3.5], "rotation": 180, "texture": "#1"},
				"south": {"uv": [0.25, 2.5, 3.25, 3.5], "rotation": 180, "texture": "#1"},
				"west": {"uv": [0.25, 2.5, 3.25, 3.5], "rotation": 180, "texture": "#1"},
				"up": {"uv": [2, 1, 14, 3], "rotation": 180, "texture": "#missing"},
				"down": {"uv": [8.25, 0.25, 11.25, 3.25], "rotation": 180, "texture": "#1"}
			}
		},
		{
			"from": [5.5, 0, 5.5],
			"to": [10.5, 0.5, 10.5],
			"rotation": {"angle": 0, "axis": "y", "origin": [4, 0, 4]},
			"faces": {
				"north": {"uv": [0.25, 5, 2.75, 5.25], "rotation": 180, "texture": "#1"},
				"east": {"uv": [0.25, 5, 2.75, 5.25], "rotation": 180, "texture": "#1"},
				"south": {"uv": [0.25, 5, 2.75, 5.25], "rotation": 180, "texture": "#1"},
				"west": {"uv": [0.25, 5, 2.75, 5.25], "rotation": 180, "texture": "#1"},
				"up": {"uv": [3, 3, 13, 13], "texture": "#missing"},
				"down": {"uv": [11.75, 0.25, 14.25, 2.75], "texture": "#1"}
			}
		},
		{
			"from": [5.25, 2.75, 1],
			"to": [7.25, 4.75, 9],
			"rotation": {"angle": -22.5, "axis": "z", "origin": [6.25, 3.75, 5]},
			"faces": {
				"north": {"uv": [5.25, 0.25, 6.25, 1.25], "texture": "#0"},
				"east": {"uv": [3.75, 0.25, 4.75, 4.25], "rotation": 90, "texture": "#0"},
				"south": {"uv": [5.25, 0.25, 6.25, 1.25], "texture": "#0"},
				"west": {"uv": [3.75, 0.25, 4.75, 4.25], "rotation": 270, "texture": "#0"},
				"up": {"uv": [3.75, 0.25, 4.75, 4.25], "rotation": 180, "texture": "#0"},
				"down": {"uv": [3.75, 0.25, 4.75, 4.25], "texture": "#0"}
			}
		},
		{
			"from": [6.25, 0.75, -1],
			"to": [6.25, 6.75, 11],
			"rotation": {"angle": 22.5, "axis": "z", "origin": [6.25, 3.75, 5]},
			"faces": {
				"north": {"uv": [0, 0, 0, 6], "texture": "#missing"},
				"east": {"uv": [0.25, 0.25, 3.25, 6.25], "rotation": 90, "texture": "#0"},
				"south": {"uv": [0, 0, 0, 6], "texture": "#missing"},
				"up": {"uv": [0, 0, 0, 12], "texture": "#missing"},
				"down": {"uv": [0, 0, 0, 12], "texture": "#missing"}
			}
		},
		{
			"name": "cube inverted",
			"from": [6.25, 6.75, 11],
			"to": [6.25, 0.75, -1],
			"rotation": {"angle": 22.5, "axis": "z", "origin": [6.25, 3.75, 5]},
			"faces": {
				"north": {"uv": [0, 6, 0, 0], "texture": "#missing"},
				"south": {"uv": [0, 6, 0, 0], "texture": "#missing"},
				"west": {"uv": [3.25, 0.25, 0.25, 6.25], "rotation": 90, "texture": "#0"},
				"up": {"uv": [0, 0, 0, 12], "texture": "#missing"},
				"down": {"uv": [0, 0, 0, 12], "texture": "#missing"}
			}
		},
		{
			"from": [3.25, 3.75, -1],
			"to": [9.25, 3.75, 11],
			"rotation": {"angle": 22.5, "axis": "z", "origin": [6.25, 3.75, 5]},
			"faces": {
				"north": {"uv": [0, 0, 0, 6], "rotation": 90, "texture": "#missing"},
				"east": {"uv": [0, 0, 0, 12], "rotation": 270, "texture": "#missing"},
				"south": {"uv": [0, 0, 0, 6], "rotation": 270, "texture": "#missing"},
				"west": {"uv": [0, 0, 0, 12], "rotation": 270, "texture": "#missing"},
				"up": {"uv": [0.25, 0.25, 3.25, 6.25], "texture": "#0"}
			}
		},
		{
			"name": "cube inverted",
			"from": [9.25, 3.75, 11],
			"to": [3.25, 3.75, -1],
			"rotation": {"angle": 22.5, "axis": "z", "origin": [6.25, 3.75, 5]},
			"faces": {
				"north": {"uv": [0, 6, 0, 0], "rotation": 90, "texture": "#missing"},
				"east": {"uv": [0, 0, 0, 12], "rotation": 270, "texture": "#missing"},
				"south": {"uv": [0, 6, 0, 0], "rotation": 270, "texture": "#missing"},
				"west": {"uv": [0, 0, 0, 12], "rotation": 270, "texture": "#missing"},
				"down": {"uv": [3.25, 0.25, 0.25, 6.25], "texture": "#0"}
			}
		},
		{
			"from": [8.5, 5, 6.6],
			"to": [10.5, 7, 14.6],
			"rotation": {"angle": -22.5, "axis": "z", "origin": [9.5, 6, 10.6]},
			"faces": {
				"north": {"uv": [5.25, 0.25, 6.25, 1.25], "rotation": 90, "texture": "#0"},
				"east": {"uv": [4.75, 4.25, 3.75, 0.25], "rotation": 270, "texture": "#0"},
				"south": {"uv": [5.25, 0.25, 6.25, 1.25], "rotation": 270, "texture": "#0"},
				"west": {"uv": [4.75, 4.25, 3.75, 0.25], "rotation": 90, "texture": "#0"},
				"up": {"uv": [3.75, 0.25, 4.75, 4.25], "rotation": 180, "texture": "#0"},
				"down": {"uv": [3.75, 0.25, 4.75, 4.25], "texture": "#0"}
			}
		},
		{
			"from": [9.5, 3, 4.6],
			"to": [9.5, 9, 16.6],
			"rotation": {"angle": 22.5, "axis": "z", "origin": [9.5, 6, 10.6]},
			"faces": {
				"north": {"uv": [0, 0, 0, 6], "texture": "#missing"},
				"south": {"uv": [0, 0, 0, 6], "texture": "#missing"},
				"west": {"uv": [0.25, 0.25, 3.25, 6.25], "rotation": 90, "texture": "#0"},
				"up": {"uv": [0, 12, 0, 0], "texture": "#missing"},
				"down": {"uv": [0, 12, 0, 0], "texture": "#missing"}
			}
		},
		{
			"name": "cube inverted",
			"from": [9.5, 9, 16.6],
			"to": [9.5, 3, 4.6],
			"rotation": {"angle": 22.5, "axis": "z", "origin": [9.5, 6, 10.6]},
			"faces": {
				"north": {"uv": [0, 6, 0, 0], "texture": "#missing"},
				"east": {"uv": [3.25, 0.25, 0.25, 6.25], "rotation": 90, "texture": "#0"},
				"south": {"uv": [0, 6, 0, 0], "texture": "#missing"},
				"up": {"uv": [0, 12, 0, 0], "texture": "#missing"},
				"down": {"uv": [0, 12, 0, 0], "texture": "#missing"}
			}
		},
		{
			"from": [6.5, 6, 4.6],
			"to": [12.5, 6, 16.6],
			"rotation": {"angle": 22.5, "axis": "z", "origin": [9.5, 6, 10.6]},
			"faces": {
				"north": {"uv": [0, 0, 0, 6], "rotation": 270, "texture": "#missing"},
				"east": {"uv": [0, 0, 0, 12], "rotation": 270, "texture": "#missing"},
				"south": {"uv": [0, 0, 0, 6], "rotation": 90, "texture": "#missing"},
				"west": {"uv": [0, 0, 0, 12], "rotation": 270, "texture": "#missing"},
				"up": {"uv": [3.25, 6.25, 0.25, 0.25], "texture": "#0"}
			}
		},
		{
			"name": "cube inverted",
			"from": [12.5, 6, 16.6],
			"to": [6.5, 6, 4.6],
			"rotation": {"angle": 22.5, "axis": "z", "origin": [9.5, 6, 10.6]},
			"faces": {
				"north": {"uv": [0, 6, 0, 0], "rotation": 270, "texture": "#missing"},
				"east": {"uv": [0, 0, 0, 12], "rotation": 270, "texture": "#missing"},
				"south": {"uv": [0, 6, 0, 0], "rotation": 90, "texture": "#missing"},
				"west": {"uv": [0, 0, 0, 12], "rotation": 270, "texture": "#missing"},
				"down": {"uv": [0.25, 6.25, 3.25, 0.25], "texture": "#0"}
			}
		},
		{
			"from": [6.5, 2.75, 6.75],
			"to": [14.5, 4.75, 8.75],
			"rotation": {"angle": 22.5, "axis": "x", "origin": [10.5, 3.75, 7.75]},
			"faces": {
				"north": {"uv": [4.75, 4.25, 3.75, 0.25], "rotation": 90, "texture": "#0"},
				"east": {"uv": [5.25, 0.25, 6.25, 1.25], "rotation": 90, "texture": "#0"},
				"south": {"uv": [4.75, 4.25, 3.75, 0.25], "rotation": 270, "texture": "#0"},
				"west": {"uv": [5.25, 0.25, 6.25, 1.25], "rotation": 270, "texture": "#0"},
				"up": {"uv": [3.75, 0.25, 4.75, 4.25], "rotation": 270, "texture": "#0"},
				"down": {"uv": [3.75, 0.25, 4.75, 4.25], "rotation": 270, "texture": "#0"}
			}
		},
		{
			"from": [4.5, 0.75, 7.75],
			"to": [16.5, 6.75, 7.75],
			"rotation": {"angle": -22.5, "axis": "x", "origin": [10.5, 3.75, 7.75]},
			"faces": {
				"north": {"uv": [0.25, 0.25, 3.25, 6.25], "rotation": 90, "texture": "#0"},
				"east": {"uv": [0, 0, 0, 6], "texture": "#missing"},
				"west": {"uv": [0, 0, 0, 6], "texture": "#missing"},
				"up": {"uv": [0, 12, 0, 0], "rotation": 90, "texture": "#missing"},
				"down": {"uv": [0, 12, 0, 0], "rotation": 270, "texture": "#missing"}
			}
		},
		{
			"name": "cube inverted",
			"from": [16.5, 6.75, 7.75],
			"to": [4.5, 0.75, 7.75],
			"rotation": {"angle": -22.5, "axis": "x", "origin": [10.5, 3.75, 7.75]},
			"faces": {
				"east": {"uv": [0, 6, 0, 0], "texture": "#missing"},
				"south": {"uv": [3.25, 0.25, 0.25, 6.25], "rotation": 90, "texture": "#0"},
				"west": {"uv": [0, 6, 0, 0], "texture": "#missing"},
				"up": {"uv": [0, 12, 0, 0], "rotation": 90, "texture": "#missing"},
				"down": {"uv": [0, 12, 0, 0], "rotation": 270, "texture": "#missing"}
			}
		},
		{
			"from": [4.5, 3.75, 4.75],
			"to": [16.5, 3.75, 10.75],
			"rotation": {"angle": -22.5, "axis": "x", "origin": [10.5, 3.75, 7.75]},
			"faces": {
				"north": {"uv": [0, 0, 0, 12], "rotation": 270, "texture": "#missing"},
				"east": {"uv": [0, 0, 0, 6], "rotation": 270, "texture": "#missing"},
				"south": {"uv": [0, 0, 0, 12], "rotation": 270, "texture": "#missing"},
				"west": {"uv": [0, 0, 0, 6], "rotation": 90, "texture": "#missing"},
				"up": {"uv": [3.25, 6.25, 0.25, 0.25], "rotation": 90, "texture": "#0"}
			}
		},
		{
			"name": "cube inverted",
			"from": [16.5, 3.75, 10.75],
			"to": [4.5, 3.75, 4.75],
			"rotation": {"angle": -22.5, "axis": "x", "origin": [10.5, 3.75, 7.75]},
			"faces": {
				"north": {"uv": [0, 0, 0, 12], "rotation": 270, "texture": "#missing"},
				"east": {"uv": [0, 6, 0, 0], "rotation": 270, "texture": "#missing"},
				"south": {"uv": [0, 0, 0, 12], "rotation": 270, "texture": "#missing"},
				"west": {"uv": [0, 6, 0, 0], "rotation": 90, "texture": "#missing"},
				"down": {"uv": [0.25, 6.25, 3.25, 0.25], "rotation": 270, "texture": "#0"}
			}
		},
		{
			"from": [1.5, 3.75, 6.25],
			"to": [9.5, 5.75, 8.25],
			"rotation": {"angle": 22.5, "axis": "x", "origin": [5.5, 4.75, 7.25]},
			"faces": {
				"north": {"uv": [4.75, 0.25, 3.75, 4.25], "rotation": 90, "texture": "#0"},
				"east": {"uv": [5.25, 1.25, 6.25, 0.25], "rotation": 270, "texture": "#0"},
				"south": {"uv": [4.75, 0.25, 3.75, 4.25], "rotation": 270, "texture": "#0"},
				"west": {"uv": [5.25, 1.25, 6.25, 0.25], "rotation": 90, "texture": "#0"},
				"up": {"uv": [3.75, 4.25, 4.75, 0.25], "rotation": 270, "texture": "#0"},
				"down": {"uv": [3.75, 4.25, 4.75, 0.25], "rotation": 270, "texture": "#0"}
			}
		},
		{
			"from": [-0.5, 1.75, 7.25],
			"to": [11.5, 7.75, 7.25],
			"rotation": {"angle": -22.5, "axis": "x", "origin": [5.5, 4.75, 7.25]},
			"faces": {
				"north": {"uv": [0.25, 6.25, 3.25, 0.25], "rotation": 90, "texture": "#0"},
				"east": {"uv": [0, 0, 0, 6], "texture": "#missing"},
				"west": {"uv": [0, 0, 0, 6], "texture": "#missing"},
				"up": {"uv": [0, 0, 0, 12], "rotation": 90, "texture": "#missing"},
				"down": {"uv": [0, 0, 0, 12], "rotation": 270, "texture": "#missing"}
			}
		},
		{
			"name": "cube inverted",
			"from": [11.5, 7.75, 7.25],
			"to": [-0.5, 1.75, 7.25],
			"rotation": {"angle": -22.5, "axis": "x", "origin": [5.5, 4.75, 7.25]},
			"faces": {
				"east": {"uv": [0, 6, 0, 0], "texture": "#missing"},
				"south": {"uv": [3.25, 6.25, 0.25, 0.25], "rotation": 90, "texture": "#0"},
				"west": {"uv": [0, 6, 0, 0], "texture": "#missing"},
				"up": {"uv": [0, 0, 0, 12], "rotation": 90, "texture": "#missing"},
				"down": {"uv": [0, 0, 0, 12], "rotation": 270, "texture": "#missing"}
			}
		},
		{
			"from": [-0.5, 4.75, 4.25],
			"to": [11.5, 4.75, 10.25],
			"rotation": {"angle": -22.5, "axis": "x", "origin": [5.5, 4.75, 7.25]},
			"faces": {
				"north": {"uv": [0, 12, 0, 0], "rotation": 270, "texture": "#missing"},
				"east": {"uv": [0, 6, 0, 0], "rotation": 90, "texture": "#missing"},
				"south": {"uv": [0, 12, 0, 0], "rotation": 270, "texture": "#missing"},
				"west": {"uv": [0, 6, 0, 0], "rotation": 270, "texture": "#missing"},
				"up": {"uv": [3.25, 0.25, 0.25, 6.25], "rotation": 90, "texture": "#0"}
			}
		},
		{
			"name": "cube inverted",
			"from": [11.5, 4.75, 10.25],
			"to": [-0.5, 4.75, 4.25],
			"rotation": {"angle": -22.5, "axis": "x", "origin": [5.5, 4.75, 7.25]},
			"faces": {
				"north": {"uv": [0, 12, 0, 0], "rotation": 270, "texture": "#missing"},
				"east": {"uv": [0, 0, 0, 6], "rotation": 90, "texture": "#missing"},
				"south": {"uv": [0, 12, 0, 0], "rotation": 270, "texture": "#missing"},
				"west": {"uv": [0, 0, 0, 6], "rotation": 270, "texture": "#missing"},
				"down": {"uv": [0.25, 0.25, 3.25, 6.25], "rotation": 270, "texture": "#0"}
			}
		},
		{
			"from": [5.5, 2, 5],
			"to": [7.5, 4, 13],
			"rotation": {"angle": -22.5, "axis": "z", "origin": [6.5, 3, 9]},
			"faces": {
				"north": {"uv": [5.25, 0.25, 6.25, 1.25], "rotation": 90, "texture": "#0"},
				"east": {"uv": [4.75, 4.25, 3.75, 0.25], "rotation": 270, "texture": "#0"},
				"south": {"uv": [5.25, 0.25, 6.25, 1.25], "rotation": 270, "texture": "#0"},
				"west": {"uv": [4.75, 4.25, 3.75, 0.25], "rotation": 90, "texture": "#0"},
				"up": {"uv": [3.75, 0.25, 4.75, 4.25], "rotation": 180, "texture": "#0"},
				"down": {"uv": [3.75, 0.25, 4.75, 4.25], "texture": "#0"}
			}
		},
		{
			"from": [6.5, 0, 3],
			"to": [6.5, 6, 15],
			"rotation": {"angle": 22.5, "axis": "z", "origin": [6.5, 3, 9]},
			"faces": {
				"north": {"uv": [0, 0, 0, 6], "texture": "#missing"},
				"south": {"uv": [0, 0, 0, 6], "texture": "#missing"},
				"west": {"uv": [0.25, 0.25, 3.25, 6.25], "rotation": 90, "texture": "#0"},
				"up": {"uv": [0, 12, 0, 0], "texture": "#missing"},
				"down": {"uv": [0, 12, 0, 0], "texture": "#missing"}
			}
		},
		{
			"name": "cube inverted",
			"from": [6.5, 6, 15],
			"to": [6.5, 0, 3],
			"rotation": {"angle": 22.5, "axis": "z", "origin": [6.5, 3, 9]},
			"faces": {
				"north": {"uv": [0, 6, 0, 0], "texture": "#missing"},
				"east": {"uv": [3.25, 0.25, 0.25, 6.25], "rotation": 90, "texture": "#0"},
				"south": {"uv": [0, 6, 0, 0], "texture": "#missing"},
				"up": {"uv": [0, 12, 0, 0], "texture": "#missing"},
				"down": {"uv": [0, 12, 0, 0], "texture": "#missing"}
			}
		},
		{
			"from": [3.5, 3, 3],
			"to": [9.5, 3, 15],
			"rotation": {"angle": 22.5, "axis": "z", "origin": [6.5, 3, 9]},
			"faces": {
				"north": {"uv": [0, 0, 0, 6], "rotation": 270, "texture": "#missing"},
				"east": {"uv": [0, 0, 0, 12], "rotation": 270, "texture": "#missing"},
				"south": {"uv": [0, 0, 0, 6], "rotation": 90, "texture": "#missing"},
				"west": {"uv": [0, 0, 0, 12], "rotation": 270, "texture": "#missing"},
				"up": {"uv": [3.25, 6.25, 0.25, 0.25], "texture": "#0"}
			}
		},
		{
			"name": "cube inverted",
			"from": [9.5, 3, 15],
			"to": [3.5, 3, 3],
			"rotation": {"angle": 22.5, "axis": "z", "origin": [6.5, 3, 9]},
			"faces": {
				"north": {"uv": [0, 6, 0, 0], "rotation": 270, "texture": "#missing"},
				"east": {"uv": [0, 0, 0, 12], "rotation": 270, "texture": "#missing"},
				"south": {"uv": [0, 6, 0, 0], "rotation": 90, "texture": "#missing"},
				"west": {"uv": [0, 0, 0, 12], "rotation": 270, "texture": "#missing"},
				"down": {"uv": [0.25, 6.25, 3.25, 0.25], "texture": "#0"}
			}
		},
		{
			"from": [8, 4.5, 2.7],
			"to": [10, 6.5, 10.7],
			"rotation": {"angle": 22.5, "axis": "z", "origin": [9, 5.5, 6.7]},
			"faces": {
				"north": {"uv": [5.25, 0.25, 6.25, 1.25], "rotation": 270, "texture": "#0"},
				"east": {"uv": [4.75, 4.25, 3.75, 0.25], "rotation": 90, "texture": "#0"},
				"south": {"uv": [5.25, 0.25, 6.25, 1.25], "rotation": 90, "texture": "#0"},
				"west": {"uv": [4.75, 4.25, 3.75, 0.25], "rotation": 270, "texture": "#0"},
				"up": {"uv": [4.75, 4.25, 3.75, 0.25], "rotation": 180, "texture": "#0"},
				"down": {"uv": [4.75, 4.25, 3.75, 0.25], "texture": "#0"}
			}
		},
		{
			"from": [9, 2.5, 0.7],
			"to": [9, 8.5, 12.7],
			"rotation": {"angle": -22.5, "axis": "z", "origin": [9, 5.5, 6.7]},
			"faces": {
				"north": {"uv": [0, 0, 0, 6], "texture": "#missing"},
				"east": {"uv": [0.25, 0.25, 3.25, 6.25], "rotation": 90, "texture": "#0"},
				"south": {"uv": [0, 0, 0, 6], "texture": "#missing"},
				"up": {"uv": [0, 0, 0, 12], "texture": "#missing"},
				"down": {"uv": [0, 0, 0, 12], "texture": "#missing"}
			}
		},
		{
			"name": "cube inverted",
			"from": [9, 8.5, 12.7],
			"to": [9, 2.5, 0.7],
			"rotation": {"angle": -22.5, "axis": "z", "origin": [9, 5.5, 6.7]},
			"faces": {
				"north": {"uv": [0, 6, 0, 0], "texture": "#missing"},
				"south": {"uv": [0, 6, 0, 0], "texture": "#missing"},
				"west": {"uv": [3.25, 0.25, 0.25, 6.25], "rotation": 90, "texture": "#0"},
				"up": {"uv": [0, 0, 0, 12], "texture": "#missing"},
				"down": {"uv": [0, 0, 0, 12], "texture": "#missing"}
			}
		},
		{
			"from": [6, 5.5, 0.7],
			"to": [12, 5.5, 12.7],
			"rotation": {"angle": -22.5, "axis": "z", "origin": [9, 5.5, 6.7]},
			"faces": {
				"north": {"uv": [0, 0, 0, 6], "rotation": 90, "texture": "#missing"},
				"east": {"uv": [0, 0, 0, 12], "rotation": 270, "texture": "#missing"},
				"south": {"uv": [0, 0, 0, 6], "rotation": 270, "texture": "#missing"},
				"west": {"uv": [0, 0, 0, 12], "rotation": 270, "texture": "#missing"},
				"up": {"uv": [0.25, 0.25, 3.25, 6.25], "texture": "#0"}
			}
		},
		{
			"name": "cube inverted",
			"from": [12, 5.5, 12.7],
			"to": [6, 5.5, 0.7],
			"rotation": {"angle": -22.5, "axis": "z", "origin": [9, 5.5, 6.7]},
			"faces": {
				"north": {"uv": [0, 6, 0, 0], "rotation": 90, "texture": "#missing"},
				"east": {"uv": [0, 0, 0, 12], "rotation": 270, "texture": "#missing"},
				"south": {"uv": [0, 6, 0, 0], "rotation": 270, "texture": "#missing"},
				"west": {"uv": [0, 0, 0, 12], "rotation": 270, "texture": "#missing"},
				"down": {"uv": [3.25, 0.25, 0.25, 6.25], "texture": "#0"}
			}
		},
		{
			"from": [8, 2.5, 1.95],
			"to": [10, 4.5, 9.95],
			"rotation": {"angle": -45, "axis": "y", "origin": [9, 5.5, 6.7]},
			"faces": {
				"north": {"uv": [5.25, 0.25, 6.25, 1.25], "rotation": 270, "texture": "#0"},
				"east": {"uv": [4.75, 4.25, 3.75, 0.25], "rotation": 90, "texture": "#0"},
				"south": {"uv": [5.25, 0.25, 6.25, 1.25], "rotation": 90, "texture": "#0"},
				"west": {"uv": [4.75, 4.25, 3.75, 0.25], "rotation": 270, "texture": "#0"},
				"up": {"uv": [4.75, 4.25, 3.75, 0.25], "rotation": 180, "texture": "#0"},
				"down": {"uv": [4.75, 4.25, 3.75, 0.25], "texture": "#0"}
			}
		},
		{
			"from": [9, 0.5, -0.05],
			"to": [9, 6.5, 11.95],
			"rotation": {"angle": -45, "axis": "y", "origin": [9, 5.5, 6.7]},
			"faces": {
				"north": {"uv": [0, 0, 0, 6], "texture": "#missing"},
				"east": {"uv": [0.25, 0.25, 3.25, 6.25], "rotation": 90, "texture": "#0"},
				"south": {"uv": [0, 0, 0, 6], "texture": "#missing"},
				"up": {"uv": [0, 0, 0, 12], "texture": "#missing"},
				"down": {"uv": [0, 0, 0, 12], "texture": "#missing"}
			}
		},
		{
			"name": "cube inverted",
			"from": [9, 6.5, 11.95],
			"to": [9, 0.5, -0.05],
			"rotation": {"angle": -45, "axis": "y", "origin": [9, 5.5, 6.7]},
			"faces": {
				"north": {"uv": [0, 6, 0, 0], "texture": "#missing"},
				"south": {"uv": [0, 6, 0, 0], "texture": "#missing"},
				"west": {"uv": [3.25, 0.25, 0.25, 6.25], "rotation": 90, "texture": "#0"},
				"up": {"uv": [0, 0, 0, 12], "texture": "#missing"},
				"down": {"uv": [0, 0, 0, 12], "texture": "#missing"}
			}
		},
		{
			"from": [6, 3.5, -0.05],
			"to": [12, 3.5, 11.95],
			"rotation": {"angle": -45, "axis": "y", "origin": [9, 5.5, 6.7]},
			"faces": {
				"north": {"uv": [0, 0, 0, 6], "rotation": 90, "texture": "#missing"},
				"east": {"uv": [0, 0, 0, 12], "rotation": 270, "texture": "#missing"},
				"south": {"uv": [0, 0, 0, 6], "rotation": 270, "texture": "#missing"},
				"west": {"uv": [0, 0, 0, 12], "rotation": 270, "texture": "#missing"},
				"up": {"uv": [0.25, 0.25, 3.25, 6.25], "texture": "#0"}
			}
		},
		{
			"name": "cube inverted",
			"from": [12, 3.5, 11.95],
			"to": [6, 3.5, -0.05],
			"rotation": {"angle": -45, "axis": "y", "origin": [9, 5.5, 6.7]},
			"faces": {
				"north": {"uv": [0, 6, 0, 0], "rotation": 90, "texture": "#missing"},
				"east": {"uv": [0, 0, 0, 12], "rotation": 270, "texture": "#missing"},
				"south": {"uv": [0, 6, 0, 0], "rotation": 270, "texture": "#missing"},
				"west": {"uv": [0, 0, 0, 12], "rotation": 270, "texture": "#missing"},
				"down": {"uv": [3.25, 0.25, 0.25, 6.25], "texture": "#0"}
			}
		},
		{
			"from": [8.7, 4.75, 6.7],
			"to": [10.7, 6.75, 14.7],
			"rotation": {"angle": -45, "axis": "y", "origin": [9, 5.5, 6.7]},
			"faces": {
				"north": {"uv": [5.25, 0.25, 6.25, 1.25], "rotation": 270, "texture": "#0"},
				"east": {"uv": [4.75, 4.25, 3.75, 0.25], "rotation": 90, "texture": "#0"},
				"south": {"uv": [5.25, 0.25, 6.25, 1.25], "rotation": 90, "texture": "#0"},
				"west": {"uv": [4.75, 4.25, 3.75, 0.25], "rotation": 270, "texture": "#0"},
				"up": {"uv": [4.75, 4.25, 3.75, 0.25], "rotation": 180, "texture": "#0"},
				"down": {"uv": [4.75, 4.25, 3.75, 0.25], "texture": "#0"}
			}
		},
		{
			"from": [9.7, 2.75, 4.7],
			"to": [9.7, 8.75, 16.7],
			"rotation": {"angle": -45, "axis": "y", "origin": [9, 5.5, 6.7]},
			"faces": {
				"north": {"uv": [0, 0, 0, 6], "texture": "#missing"},
				"east": {"uv": [0.25, 0.25, 3.25, 6.25], "rotation": 90, "texture": "#0"},
				"south": {"uv": [0, 0, 0, 6], "texture": "#missing"},
				"up": {"uv": [0, 0, 0, 12], "texture": "#missing"},
				"down": {"uv": [0, 0, 0, 12], "texture": "#missing"}
			}
		},
		{
			"name": "cube inverted",
			"from": [9.7, 8.75, 16.7],
			"to": [9.7, 2.75, 4.7],
			"rotation": {"angle": -45, "axis": "y", "origin": [9, 5.5, 6.7]},
			"faces": {
				"north": {"uv": [0, 6, 0, 0], "texture": "#missing"},
				"south": {"uv": [0, 6, 0, 0], "texture": "#missing"},
				"west": {"uv": [3.25, 0.25, 0.25, 6.25], "rotation": 90, "texture": "#0"},
				"up": {"uv": [0, 0, 0, 12], "texture": "#missing"},
				"down": {"uv": [0, 0, 0, 12], "texture": "#missing"}
			}
		},
		{
			"from": [6.7, 5.75, 4.7],
			"to": [12.7, 5.75, 16.7],
			"rotation": {"angle": -45, "axis": "y", "origin": [9, 5.5, 6.7]},
			"faces": {
				"north": {"uv": [0, 0, 0, 6], "rotation": 90, "texture": "#missing"},
				"east": {"uv": [0, 0, 0, 12], "rotation": 270, "texture": "#missing"},
				"south": {"uv": [0, 0, 0, 6], "rotation": 270, "texture": "#missing"},
				"west": {"uv": [0, 0, 0, 12], "rotation": 270, "texture": "#missing"},
				"up": {"uv": [0.25, 0.25, 3.25, 6.25], "texture": "#0"}
			}
		},
		{
			"name": "cube inverted",
			"from": [12.7, 5.75, 16.7],
			"to": [6.7, 5.75, 4.7],
			"rotation": {"angle": -45, "axis": "y", "origin": [9, 5.5, 6.7]},
			"faces": {
				"north": {"uv": [0, 6, 0, 0], "rotation": 90, "texture": "#missing"},
				"east": {"uv": [0, 0, 0, 12], "rotation": 270, "texture": "#missing"},
				"south": {"uv": [0, 6, 0, 0], "rotation": 270, "texture": "#missing"},
				"west": {"uv": [0, 0, 0, 12], "rotation": 270, "texture": "#missing"},
				"down": {"uv": [3.25, 0.25, 0.25, 6.25], "texture": "#0"}
			}
		},
		{
			"from": [7.25, 1.75, 7.2],
			"to": [15.25, 3.75, 9.2],
			"rotation": {"angle": -45, "axis": "y", "origin": [9, 5.5, 6.7]},
			"faces": {
				"north": {"uv": [4.75, 4.25, 3.75, 0.25], "rotation": 270, "texture": "#0"},
				"east": {"uv": [5.25, 0.25, 6.25, 1.25], "rotation": 270, "texture": "#0"},
				"south": {"uv": [4.75, 4.25, 3.75, 0.25], "rotation": 90, "texture": "#0"},
				"west": {"uv": [5.25, 0.25, 6.25, 1.25], "rotation": 90, "texture": "#0"},
				"up": {"uv": [4.75, 4.25, 3.75, 0.25], "rotation": 270, "texture": "#0"},
				"down": {"uv": [4.75, 4.25, 3.75, 0.25], "rotation": 270, "texture": "#0"}
			}
		},
		{
			"from": [5.25, -0.25, 8.2],
			"to": [17.25, 5.75, 8.2],
			"rotation": {"angle": -45, "axis": "y", "origin": [9, 5.5, 6.7]},
			"faces": {
				"east": {"uv": [0, 0, 0, 6], "texture": "#missing"},
				"south": {"uv": [0.25, 0.25, 3.25, 6.25], "rotation": 90, "texture": "#0"},
				"west": {"uv": [0, 0, 0, 6], "texture": "#missing"},
				"up": {"uv": [0, 0, 0, 12], "rotation": 90, "texture": "#missing"},
				"down": {"uv": [0, 0, 0, 12], "rotation": 270, "texture": "#missing"}
			}
		},
		{
			"name": "cube inverted",
			"from": [17.25, 5.75, 8.2],
			"to": [5.25, -0.25, 8.2],
			"rotation": {"angle": -45, "axis": "y", "origin": [9, 5.5, 6.7]},
			"faces": {
				"north": {"uv": [3.25, 0.25, 0.25, 6.25], "rotation": 90, "texture": "#0"},
				"east": {"uv": [0, 6, 0, 0], "texture": "#missing"},
				"west": {"uv": [0, 6, 0, 0], "texture": "#missing"},
				"up": {"uv": [0, 0, 0, 12], "rotation": 90, "texture": "#missing"},
				"down": {"uv": [0, 0, 0, 12], "rotation": 270, "texture": "#missing"}
			}
		},
		{
			"from": [5.25, 2.75, 5.2],
			"to": [17.25, 2.75, 11.2],
			"rotation": {"angle": -45, "axis": "y", "origin": [9, 5.5, 6.7]},
			"faces": {
				"north": {"uv": [0, 0, 0, 12], "rotation": 270, "texture": "#missing"},
				"east": {"uv": [0, 0, 0, 6], "rotation": 90, "texture": "#missing"},
				"south": {"uv": [0, 0, 0, 12], "rotation": 270, "texture": "#missing"},
				"west": {"uv": [0, 0, 0, 6], "rotation": 270, "texture": "#missing"},
				"up": {"uv": [0.25, 0.25, 3.25, 6.25], "rotation": 90, "texture": "#0"}
			}
		},
		{
			"name": "cube inverted",
			"from": [17.25, 2.75, 11.2],
			"to": [5.25, 2.75, 5.2],
			"rotation": {"angle": -45, "axis": "y", "origin": [9, 5.5, 6.7]},
			"faces": {
				"north": {"uv": [0, 0, 0, 12], "rotation": 270, "texture": "#missing"},
				"east": {"uv": [0, 6, 0, 0], "rotation": 90, "texture": "#missing"},
				"south": {"uv": [0, 0, 0, 12], "rotation": 270, "texture": "#missing"},
				"west": {"uv": [0, 6, 0, 0], "rotation": 270, "texture": "#missing"},
				"down": {"uv": [3.25, 0.25, 0.25, 6.25], "rotation": 270, "texture": "#0"}
			}
		},
		{
			"from": [3.53033, 1.75, 5.10165],
			"to": [11.53033, 3.75, 7.10165],
			"rotation": {"angle": 45, "axis": "y", "origin": [9.53033, 2.75, 9.35165]},
			"faces": {
				"north": {"uv": [4.75, 4.25, 3.75, 0.25], "rotation": 270, "texture": "#0"},
				"east": {"uv": [5.25, 0.25, 6.25, 1.25], "rotation": 270, "texture": "#0"},
				"south": {"uv": [4.75, 4.25, 3.75, 0.25], "rotation": 90, "texture": "#0"},
				"west": {"uv": [5.25, 0.25, 6.25, 1.25], "rotation": 90, "texture": "#0"},
				"up": {"uv": [4.75, 4.25, 3.75, 0.25], "rotation": 270, "texture": "#0"},
				"down": {"uv": [4.75, 4.25, 3.75, 0.25], "rotation": 270, "texture": "#0"}
			}
		},
		{
			"from": [1.53033, -0.25, 6.10165],
			"to": [13.53033, 5.75, 6.10165],
			"rotation": {"angle": 45, "axis": "y", "origin": [9.53033, 2.75, 9.35165]},
			"faces": {
				"east": {"uv": [0, 0, 0, 6], "texture": "#missing"},
				"south": {"uv": [0.25, 0.25, 3.25, 6.25], "rotation": 90, "texture": "#0"},
				"west": {"uv": [0, 0, 0, 6], "texture": "#missing"},
				"up": {"uv": [0, 0, 0, 12], "rotation": 90, "texture": "#missing"},
				"down": {"uv": [0, 0, 0, 12], "rotation": 270, "texture": "#missing"}
			}
		},
		{
			"name": "cube inverted",
			"from": [13.53033, 5.75, 6.10165],
			"to": [1.53033, -0.25, 6.10165],
			"rotation": {"angle": 45, "axis": "y", "origin": [9.53033, 2.75, 9.35165]},
			"faces": {
				"north": {"uv": [3.25, 0.25, 0.25, 6.25], "rotation": 90, "texture": "#0"},
				"east": {"uv": [0, 6, 0, 0], "texture": "#missing"},
				"west": {"uv": [0, 6, 0, 0], "texture": "#missing"},
				"up": {"uv": [0, 0, 0, 12], "rotation": 90, "texture": "#missing"},
				"down": {"uv": [0, 0, 0, 12], "rotation": 270, "texture": "#missing"}
			}
		},
		{
			"from": [1.53033, 2.75, 3.10165],
			"to": [13.53033, 2.75, 9.10165],
			"rotation": {"angle": 45, "axis": "y", "origin": [9.53033, 2.75, 9.35165]},
			"faces": {
				"north": {"uv": [0, 0, 0, 12], "rotation": 270, "texture": "#missing"},
				"east": {"uv": [0, 0, 0, 6], "rotation": 90, "texture": "#missing"},
				"south": {"uv": [0, 0, 0, 12], "rotation": 270, "texture": "#missing"},
				"west": {"uv": [0, 0, 0, 6], "rotation": 270, "texture": "#missing"},
				"up": {"uv": [0.25, 0.25, 3.25, 6.25], "rotation": 90, "texture": "#0"}
			}
		},
		{
			"name": "cube inverted",
			"from": [13.53033, 2.75, 9.10165],
			"to": [1.53033, 2.75, 3.10165],
			"rotation": {"angle": 45, "axis": "y", "origin": [9.53033, 2.75, 9.35165]},
			"faces": {
				"north": {"uv": [0, 0, 0, 12], "rotation": 270, "texture": "#missing"},
				"east": {"uv": [0, 6, 0, 0], "rotation": 90, "texture": "#missing"},
				"south": {"uv": [0, 0, 0, 12], "rotation": 270, "texture": "#missing"},
				"west": {"uv": [0, 6, 0, 0], "rotation": 270, "texture": "#missing"},
				"down": {"uv": [3.25, 0.25, 0.25, 6.25], "rotation": 270, "texture": "#0"}
			}
		}
	],
	"display": {
		"ground": {
			"rotation": [45, 45, 0],
			"translation": [0, 5.5, 0]
		},
		"gui": {
			"rotation": [20, 135, 0],
			"translation": [0, 3, 0]
		},
		"head": {
			"translation": [0, -2.15, 0],
			"scale": [2.29, 2.29, 2.29]
		}
	},
	"groups": [
		{
			"name": "egg",
			"origin": [4, 0, 4],
			"color": 0,
			"children": [0, 1, 2, 3, 4, 5, 6]
		},
		{
			"name": "flint",
			"origin": [8, 8, 8],
			"color": 0,
			"children": [7, 8, 9, 10, 11]
		},
		{
			"name": "flint",
			"origin": [8, 8, 8],
			"color": 0,
			"children": [12, 13, 14, 15, 16]
		},
		{
			"name": "flint",
			"origin": [8, 8, 8],
			"color": 0,
			"children": [17, 18, 19, 20, 21]
		},
		{
			"name": "flint",
			"origin": [8, 8, 8],
			"color": 0,
			"children": [22, 23, 24, 25, 26]
		},
		{
			"name": "flint",
			"origin": [8, 8, 8],
			"color": 0,
			"children": [27, 28, 29, 30, 31]
		},
		{
			"name": "flint",
			"origin": [8, 8, 8],
			"color": 0,
			"children": [32, 33, 34, 35, 36]
		},
		{
			"name": "flint",
			"origin": [8, 8, 8],
			"color": 0,
			"children": [37, 38, 39, 40, 41]
		},
		{
			"name": "flint",
			"origin": [8, 8, 8],
			"color": 0,
			"children": [42, 43, 44, 45, 46]
		},
		{
			"name": "flint",
			"origin": [8, 8, 8],
			"color": 0,
			"children": [47, 48, 49, 50, 51]
		},
		{
			"name": "flint",
			"origin": [8, 8, 8],
			"color": 0,
			"children": [52, 53, 54, 55, 56]
		}
	]
}