{
	"credit": "Made with Blockbench",
	"textures": {
		"0": "items/radar",
		"particle": "items/radar"
	},
	"elements": [
		{
			"from": [6, 6, 6],
			"to": [10, 10, 10],
			"rotation": {"angle": 0, "axis": "y", "origin": [6, 6, 6]},
			"faces": {
				"north": {"uv": [0.5, 0.5, 4.5, 4.5], "texture": "#0"},
				"east": {"uv": [0.5, 0.5, 4.5, 4.5], "texture": "#0"},
				"south": {"uv": [0.5, 0.5, 4.5, 4.5], "texture": "#0"},
				"west": {"uv": [0.5, 0.5, 4.5, 4.5], "texture": "#0"},
				"up": {"uv": [0.5, 0.5, 4.5, 4.5], "texture": "#0"},
				"down": {"uv": [0.5, 0.5, 4.5, 4.5], "texture": "#0"}
			}
		},
		{
			"from": [5.5, 5.5, 5.5],
			"to": [10.5, 10.5, 10.5],
			"rotation": {"angle": 0, "axis": "y", "origin": [5.5, 5.5, 5.5]},
			"faces": {
				"north": {"uv": [5.5, 0.5, 10.5, 5.5], "texture": "#0"},
				"east": {"uv": [5.5, 0.5, 10.5, 5.5], "texture": "#0"},
				"south": {"uv": [5.5, 0.5, 10.5, 5.5], "texture": "#0"},
				"west": {"uv": [5.5, 0.5, 10.5, 5.5], "texture": "#0"},
				"up": {"uv": [5.5, 0.5, 10.5, 5.5], "texture": "#0"},
				"down": {"uv": [5.5, 0.5, 10.5, 5.5], "texture": "#0"}
			}
		},
		{
			"name": "cube inverted",
			"from": [10.5, 10.5, 10.5],
			"to": [5.5, 5.5, 5.5],
			"rotation": {"angle": 0, "axis": "y", "origin": [-5.5, -5.5, -5.5]},
			"faces": {
				"north": {"uv": [5.5, 5.5, 10.5, 0.5], "texture": "#0"},
				"east": {"uv": [5.5, 5.5, 10.5, 0.5], "texture": "#0"},
				"south": {"uv": [5.5, 5.5, 10.5, 0.5], "texture": "#0"},
				"west": {"uv": [5.5, 5.5, 10.5, 0.5], "texture": "#0"},
				"up": {"uv": [10.5, 0.5, 5.5, 5.5], "texture": "#0"},
				"down": {"uv": [10.5, 0.5, 5.5, 5.5], "texture": "#0"}
			}
		}
	],
	"display": {
		"ground": {
			"rotation": [45, 45, 0],
			"translation": [0, 1.25, 0]
		},
		"gui": {
			"rotation": [20, 135, 0],
			"scale": [1.25, 1.25, 1.25]
		},
		"head": {
			"rotation": [45, 0, 45],
			"translation": [0, -8.75, 0],
			"scale": [2.29, 2.29, 2.29]
		}
	}
}