{
	"parent": "item/generated",
	"textures": {
		"layer0": "item/charcoal"
	},
	
	"overrides": [
		{"predicate": {"custom_model_data":1}, "model": "item/charcoal1"},
		{"predicate": {"custom_model_data":2}, "model": "item/charcoal2"},
                     	{"predicate": {"custom_model_data":3}, "model": "item/charcoal3"},
                     	{"predicate": {"custom_model_data":4}, "model": "item/charcoal4"},
                     	{"predicate": {"custom_model_data":5}, "model": "item/charcoal5"},
                     	{"predicate": {"custom_model_data":6}, "model": "item/charcoal6"},
                     	{"predicate": {"custom_model_data":7}, "model": "item/charcoal7"},
                     	{"predicate": {"custom_model_data":8}, "model": "item/charcoal8"},
                     	{"predicate": {"custom_model_data":9}, "model": "item/charcoal9"},
                     	{"predicate": {"custom_model_data":10}, "model": "item/charcoal10"},
                     	{"predicate": {"custom_model_data":11}, "model": "item/charcoal11"},
                     	{"predicate": {"custom_model_data":12}, "model": "item/charcoal12"},
                     	{"predicate": {"custom_model_data":13}, "model": "item/charcoal13"},
                     	{"predicate": {"custom_model_data":14}, "model": "item/charcoal14"},
                     	{"predicate": {"custom_model_data":15}, "model": "item/charcoal15"},
                     	{"predicate": {"custom_model_data":16}, "model": "item/charcoal16"},
                     	{"predicate": {"custom_model_data":17}, "model": "item/charcoal17"},
                     	{"predicate": {"custom_model_data":18}, "model": "item/charcoal18"},
                     	{"predicate": {"custom_model_data":19}, "model": "item/charcoal19"},
                     	{"predicate": {"custom_model_data":20}, "model": "item/charcoal20"},
                     	{"predicate": {"custom_model_data":21}, "model": "item/charcoal21"},
                     	{"predicate": {"custom_model_data":22}, "model": "item/charcoal22"},
                     	{"predicate": {"custom_model_data":23}, "model": "item/charcoal23"}

                               ]
}