{
	"parent": "item/generated",
	"textures": {
		"layer0": "item/clay_ball"
	},
	
	"overrides": [
		{"predicate": {"custom_model_data":1}, "model": "item/clay_ball1"},
		{"predicate": {"custom_model_data":2}, "model": "item/clay_ball2"},
		{"predicate": {"custom_model_data":3}, "model": "item/clay_ball3"},
		{"predicate": {"custom_model_data":4}, "model": "item/clay_ball4"},
		{"predicate": {"custom_model_data":5}, "model": "item/clay_ball5"},
		{"predicate": {"custom_model_data":6}, "model": "item/clay_ball6"}

                               ]
}