{
	"credit": "Made with Blockbench",
	"texture_size": [32, 32],
	"textures": {
		"0": "items/goosehead1",
		"1": "items/goosehead2",
		"particle": "items/goosehead1"
	},
	"elements": [
		{
			"from": [4, 0, 4],
			"to": [12, 10, 12],
			"rotation": {"angle": 0, "axis": "y", "origin": [4, 0, 4]},
			"faces": {
				"north": {"uv": [0.25, 0.25, 4.25, 5.25], "texture": "#0"},
				"east": {"uv": [4.75, 0.25, 8.75, 5.25], "texture": "#0"},
				"south": {"uv": [4.75, 0.25, 8.75, 5.25], "texture": "#0"},
				"west": {"uv": [4.75, 0.25, 8.75, 5.25], "texture": "#0"},
				"up": {"uv": [9.25, 0.25, 13.25, 4.25], "texture": "#0"},
				"down": {"uv": [9.25, 0.25, 13.25, 4.25], "texture": "#0"}
			}
		},
		{
			"from": [7, 3, 1],
			"to": [9, 6, 4],
			"rotation": {"angle": 0, "axis": "y", "origin": [4, 0, 4]},
			"faces": {
				"north": {"uv": [2.25, 6.75, 3.25, 8.25], "texture": "#0"},
				"east": {"uv": [0.25, 6.75, 1.75, 8.25], "texture": "#0"},
				"south": {"uv": [4.75, 0.25, 8.75, 6.25], "texture": "#0"},
				"west": {"uv": [3.75, 6.75, 5.25, 8.25], "texture": "#0"},
				"up": {"uv": [2.25, 6.75, 3.25, 8.25], "texture": "#0"},
				"down": {"uv": [2.25, 6.75, 3.25, 8.25], "texture": "#0"}
			}
		},
		{
			"from": [3, 9, 3],
			"to": [13, 10.5, 13],
			"rotation": {"angle": 0, "axis": "y", "origin": [2, 7.5, 2]},
			"faces": {
				"north": {"uv": [4.25, 4.75, 9.25, 5.5], "texture": "#1"},
				"east": {"uv": [4.25, 4.75, 9.25, 5.5], "texture": "#1"},
				"south": {"uv": [4.25, 4.75, 9.25, 5.5], "texture": "#1"},
				"west": {"uv": [4.25, 4.75, 9.25, 5.5], "texture": "#1"},
				"up": {"uv": [4.25, 6.25, 9.25, 11.25], "texture": "#1"},
				"down": {"uv": [4.25, 6.25, 9.25, 11.25], "texture": "#1"}
			}
		},
		{
			"from": [4.5, 10, 4.5],
			"to": [11.5, 17, 11.5],
			"rotation": {"angle": 0, "axis": "y", "origin": [4.5, 7.5, 3.5]},
			"faces": {
				"north": {"uv": [9.75, 2.25, 13.25, 5.75], "texture": "#1"},
				"east": {"uv": [9.75, 2.25, 13.25, 5.75], "texture": "#1"},
				"south": {"uv": [9.75, 2.25, 13.25, 5.75], "texture": "#1"},
				"west": {"uv": [9.75, 2.25, 13.25, 5.75], "texture": "#1"},
				"up": {"uv": [9.75, 6, 13.25, 9.5], "texture": "#1"},
				"down": {"uv": [9.75, 6, 13.25, 9.5], "texture": "#1"}
			}
		}
	],
	"display": {
		"gui": {
			"scale": [0, 0, 0]
		},
		"head": {
			"translation": [0, 6.4, 0],
			"scale": [1.6, 1.6, 1.6]
		}
	}
}