{
	"credit": "Made with Blockbench",
	"texture_size": [32, 32],
	"textures": {
		"0": "items/goosehead1",
		"1": "items/goosehead2",
		"particle": "items/goosehead1"
	},
	"elements": [
		{
			"from": [4, 0, 4],
			"to": [12, 10, 12],
			"rotation": {"angle": 0, "axis": "y", "origin": [4, 0, 4]},
			"faces": {
				"north": {"uv": [0.25, 0.25, 4.25, 5.25], "texture": "#0"},
				"east": {"uv": [4.75, 0.25, 8.75, 5.25], "texture": "#0"},
				"south": {"uv": [4.75, 0.25, 8.75, 5.25], "texture": "#0"},
				"west": {"uv": [4.75, 0.25, 8.75, 5.25], "texture": "#0"},
				"up": {"uv": [9.25, 0.25, 13.25, 4.25], "texture": "#0"},
				"down": {"uv": [9.25, 0.25, 13.25, 4.25], "texture": "#0"}
			}
		},
		{
			"from": [7, 3, 1],
			"to": [9, 6, 4],
			"rotation": {"angle": 0, "axis": "y", "origin": [4, 0, 4]},
			"faces": {
				"north": {"uv": [2.25, 6.75, 3.25, 8.25], "texture": "#0"},
				"east": {"uv": [0.25, 6.75, 1.75, 8.25], "texture": "#0"},
				"south": {"uv": [4.75, 0.25, 8.75, 6.25], "texture": "#0"},
				"west": {"uv": [3.75, 6.75, 5.25, 8.25], "texture": "#0"},
				"up": {"uv": [2.25, 6.75, 3.25, 8.25], "texture": "#0"},
				"down": {"uv": [2.25, 6.75, 3.25, 8.25], "texture": "#0"}
			}
		},
		{
			"from": [3.875, 4.25, 3.725],
			"to": [12.125, 7.25, 11.975],
			"rotation": {"angle": 0, "axis": "y", "origin": [3.875, 0, 3.875]},
			"faces": {
				"north": {"uv": [0.25, 2.25, 4.25, 3.75], "texture": "#1"},
				"east": {"uv": [10, 4.75, 14.125, 6.25], "rotation": 180, "texture": "#0"},
				"west": {"uv": [10, 7, 14.125, 8.5], "texture": "#0"}
			}
		},
		{
			"from": [6.5, 8, 2.5],
			"to": [9.5, 12, 11.5],
			"rotation": {"angle": 0, "axis": "y", "origin": [6.5, 7.5, 3.5]},
			"faces": {
				"north": {"uv": [5, 2.25, 6.5, 4.25], "texture": "#1"},
				"east": {"uv": [4.75, 2.25, 9.25, 4.25], "texture": "#1"},
				"south": {"uv": [5, 2.25, 6.5, 4.25], "texture": "#1"},
				"west": {"uv": [4.75, 2.25, 9.25, 4.25], "texture": "#1"},
				"up": {"uv": [4.75, 2.5, 9.25, 4], "rotation": 90, "texture": "#1"},
				"down": {"uv": [4.75, 2.5, 9.25, 4], "rotation": 90, "texture": "#1"}
			}
		}
	],
	"display": {
		"gui": {
			"scale": [0, 0, 0]
		},
		"head": {
			"translation": [0, 6.4, 0],
			"scale": [1.6, 1.6, 1.6]
		}
	}
}