{
	"credit": "Made with Blockbench",
	"texture_size": [32, 32],
	"textures": {
		"0": "items/goosehead1",
		"1": "items/goosehead2",
		"particle": "items/goosehead1"
	},
	"elements": [
		{
			"from": [4, 0, 4],
			"to": [12, 10, 12],
			"rotation": {"angle": 0, "axis": "y", "origin": [4, 0, 4]},
			"faces": {
				"north": {"uv": [0.25, 0.25, 4.25, 5.25], "texture": "#0"},
				"east": {"uv": [4.75, 0.25, 8.75, 5.25], "texture": "#0"},
				"south": {"uv": [4.75, 0.25, 8.75, 5.25], "texture": "#0"},
				"west": {"uv": [4.75, 0.25, 8.75, 5.25], "texture": "#0"},
				"up": {"uv": [9.25, 0.25, 13.25, 4.25], "texture": "#0"},
				"down": {"uv": [9.25, 0.25, 13.25, 4.25], "texture": "#0"}
			}
		},
		{
			"from": [3.77188, 4.66875, 3.7975],
			"to": [12.22812, 7.23125, 3.7975],
			"rotation": {"angle": 0, "axis": "y", "origin": [4.02813, 0, 3.9]},
			"faces": {
				"north": {"uv": [4.75, 11.75, 8.75, 13], "texture": "#1"}
			}
		},
		{
			"from": [12.2271, 4.66875, 3.79853],
			"to": [12.2271, 7.23125, 12.25477],
			"rotation": {"angle": 0, "axis": "y", "origin": [1.8746, 0, 4.05478]},
			"faces": {
				"east": {"uv": [6.75, 12.25, 7, 12.5], "texture": "#1"}
			}
		},
		{
			"from": [3.7729, 4.66875, 3.79853],
			"to": [3.7729, 7.23125, 12.25477],
			"rotation": {"angle": 0, "axis": "y", "origin": [14.1254, 0, 4.05478]},
			"faces": {
				"north": {"uv": [6.75, 12.25, 7, 12.5], "texture": "#1"},
				"east": {"uv": [6.75, 12.25, 7, 12.5], "texture": "#1"},
				"south": {"uv": [6.75, 12.25, 7, 12.5], "texture": "#1"},
				"west": {"uv": [6.75, 12.25, 7, 12.5], "texture": "#1"},
				"up": {"uv": [6.75, 12.25, 7, 12.5], "texture": "#1"},
				"down": {"uv": [6.75, 12.25, 7, 12.5], "texture": "#1"}
			}
		},
		{
			"from": [3.77392, 4.66875, 12.25375],
			"to": [12.23018, 7.23125, 12.25375],
			"rotation": {"angle": 0, "axis": "y", "origin": [11.97392, 0, 1.90125]},
			"faces": {
				"north": {"uv": [6.75, 12.25, 7, 12.5], "texture": "#1"},
				"east": {"uv": [6.75, 12.25, 7, 12.5], "texture": "#1"},
				"south": {"uv": [6.75, 12.25, 7, 12.5], "texture": "#1"},
				"west": {"uv": [6.75, 12.25, 7, 12.5], "texture": "#1"},
				"up": {"uv": [6.75, 12.25, 7, 12.5], "texture": "#1"},
				"down": {"uv": [6.75, 12.25, 7, 12.5], "texture": "#1"}
			}
		},
		{
			"from": [6.377, 2.25, 12.15],
			"to": [7.377, 4.75, 12.15],
			"rotation": {"angle": 0, "axis": "y", "origin": [11.877, 0, 2.05]},
			"faces": {
				"south": {"uv": [6.75, 12.25, 7, 12.5], "texture": "#1"}
			}
		},
		{
			"from": [8.377, 1, 12.15],
			"to": [9.377, 4.75, 12.15],
			"rotation": {"angle": 0, "axis": "y", "origin": [11.877, 0, 2.05]},
			"faces": {
				"south": {"uv": [6.75, 12.25, 7, 12.5], "texture": "#1"}
			}
		},
		{
			"from": [4, 2.5, 3.9],
			"to": [12, 4.5, 3.9],
			"rotation": {"angle": 0, "axis": "y", "origin": [4, 0, 4]},
			"faces": {
				"north": {"uv": [4.75, 13.5, 8.75, 14.5], "texture": "#1"}
			}
		},
		{
			"from": [7, 3, 1],
			"to": [9, 6, 4],
			"rotation": {"angle": 0, "axis": "y", "origin": [4, 0, 4]},
			"faces": {
				"north": {"uv": [2.25, 6.75, 3.25, 8.25], "texture": "#0"},
				"east": {"uv": [0.25, 6.75, 1.75, 8.25], "texture": "#0"},
				"south": {"uv": [4.75, 0.25, 8.75, 6.25], "texture": "#0"},
				"west": {"uv": [3.75, 6.75, 5.25, 8.25], "texture": "#0"},
				"up": {"uv": [2.25, 6.75, 3.25, 8.25], "texture": "#0"},
				"down": {"uv": [2.25, 6.75, 3.25, 8.25], "texture": "#0"}
			}
		}
	],
	"display": {
		"gui": {
			"scale": [0, 0, 0]
		},
		"head": {
			"translation": [0, 6.4, 0],
			"scale": [1.6, 1.6, 1.6]
		}
	}
}