{
	"parent": "item/generated",
	"textures": {
		"layer0": "item/coal"
	},
	
	"overrides": [
		{"predicate": {"custom_model_data":1}, "model": "item/coal1"},
		{"predicate": {"custom_model_data":2}, "model": "item/coal2"},
                     	{"predicate": {"custom_model_data":3}, "model": "item/coal3"},
                     	{"predicate": {"custom_model_data":4}, "model": "item/coal4"},
                     	{"predicate": {"custom_model_data":5}, "model": "item/coal5"},
                     	{"predicate": {"custom_model_data":6}, "model": "item/coal6"},
                     	{"predicate": {"custom_model_data":7}, "model": "item/coal7"},
                     	{"predicate": {"custom_model_data":8}, "model": "item/coal8"},
                     	{"predicate": {"custom_model_data":9}, "model": "item/coal9"},
                     	{"predicate": {"custom_model_data":10}, "model": "item/coal10"},
                     	{"predicate": {"custom_model_data":11}, "model": "item/coal11"},
                     	{"predicate": {"custom_model_data":12}, "model": "item/coal12"},
                     	{"predicate": {"custom_model_data":13}, "model": "item/coal13"},
                     	{"predicate": {"custom_model_data":14}, "model": "item/coal14"},
                     	{"predicate": {"custom_model_data":15}, "model": "item/coal15"},
                     	{"predicate": {"custom_model_data":16}, "model": "item/coal16"},
                     	{"predicate": {"custom_model_data":17}, "model": "item/coal17"},
                     	{"predicate": {"custom_model_data":18}, "model": "item/coal18"},
                     	{"predicate": {"custom_model_data":19}, "model": "item/coal19"},
                     	{"predicate": {"custom_model_data":20}, "model": "item/coal20"},
                     	{"predicate": {"custom_model_data":21}, "model": "item/coal21"},
                     	{"predicate": {"custom_model_data":22}, "model": "item/coal22"},
                     	{"predicate": {"custom_model_data":23}, "model": "item/coal23"}

                               ]
}