{
	"credit": "Made with Blockbench",
	"texture_size": [32, 32],
	"textures": {
		"0": "items/angrygoosehead",
		"1": "items/campfire_fire",
		"particle": "items/angrygoosehead"
	},
	"elements": [
		{
			"from": [4, 0, 4],
			"to": [12, 10, 12],
			"rotation": {"angle": 0, "axis": "y", "origin": [4, 0, 4]},
			"faces": {
				"north": {"uv": [0.25, 0.25, 4.25, 5.25], "texture": "#0"},
				"east": {"uv": [4.75, 0.25, 8.75, 5.25], "texture": "#0"},
				"south": {"uv": [4.75, 0.25, 8.75, 5.25], "texture": "#0"},
				"west": {"uv": [4.75, 0.25, 8.75, 5.25], "texture": "#0"},
				"up": {"uv": [9.25, 0.25, 13.25, 4.25], "texture": "#0"},
				"down": {"uv": [9.25, 0.25, 13.25, 4.25], "texture": "#0"}
			}
		},
		{
			"from": [7, 3, 1],
			"to": [9, 6, 4],
			"rotation": {"angle": 0, "axis": "y", "origin": [4, 0, 4]},
			"faces": {
				"north": {"uv": [2.25, 6.75, 3.25, 8.25], "texture": "#0"},
				"east": {"uv": [0.25, 6.75, 1.75, 8.25], "texture": "#0"},
				"south": {"uv": [4.75, 0.25, 8.75, 6.25], "texture": "#0"},
				"west": {"uv": [3.75, 6.75, 5.25, 8.25], "texture": "#0"},
				"up": {"uv": [2.25, 6.75, 3.25, 8.25], "texture": "#0"},
				"down": {"uv": [2.25, 6.75, 3.25, 8.25], "texture": "#0"}
			}
		},
		{
			"from": [-2, 0, 8],
			"to": [18, 20, 8],
			"rotation": {"angle": -45, "axis": "y", "origin": [8, 8, 8]},
			"faces": {
				"north": {"uv": [0, 1, 16, 16], "texture": "#1"}
			}
		},
		{
			"from": [8.00018, 0, -1.99956],
			"to": [8.00018, 20, 18.00044],
			"rotation": {"angle": -45, "axis": "y", "origin": [7.99956, 8, 8.00044]},
			"faces": {
				"east": {"uv": [0, 1, 16, 16], "texture": "#1"}
			}
		},
		{
			"name": "cube inverted",
			"from": [32, 20, -0.28339],
			"to": [17.99912, 0, -0.28339],
			"rotation": {"angle": -45, "axis": "y", "origin": [7.99912, -12, -20.28339]},
			"faces": {
				"south": {"uv": [0, 16, 16, 1], "texture": "#1"}
			}
		},
		{
			"name": "cube inverted",
			"from": [7.99893, 20, 18.00044],
			"to": [7.99893, 0, -1.99956],
			"rotation": {"angle": -45, "axis": "y", "origin": [7.99956, 8, 8.00044]},
			"faces": {
				"west": {"uv": [0, 16, 16, 1], "texture": "#1"}
			}
		}
	],
	"display": {
		"gui": {
			"rotation": [0, 169, 0]
		},
		"head": {
			"translation": [0, 6.4, 0],
			"scale": [1.6, 1.6, 1.6]
		}
	},
	"groups": [0, 1,
		{
			"name": "group",
			"origin": [8, 8, 8],
			"color": 0,
			"children": [2, 3, 4, 5]
		}
	]
}