{
	"credit": "Made with Blockbench",
	"texture_size": [32, 32],
	"textures": {
		"0": "items/goosehead1",
		"2": "items/goosehead3",
		"particle": "items/goosehead1"
	},
	"elements": [
		{
			"from": [4, 0, 4],
			"to": [12, 10, 12],
			"rotation": {"angle": 0, "axis": "y", "origin": [4, 0, 4]},
			"faces": {
				"north": {"uv": [9.25, 8.75, 13.25, 13.75], "texture": "#2"},
				"east": {"uv": [4.75, 0.25, 8.75, 5.25], "texture": "#0"},
				"south": {"uv": [4.75, 0.25, 8.75, 5.25], "texture": "#0"},
				"west": {"uv": [4.75, 0.25, 8.75, 5.25], "texture": "#0"},
				"up": {"uv": [9.25, 0.25, 13.25, 4.25], "texture": "#0"},
				"down": {"uv": [9.25, 0.25, 13.25, 4.25], "texture": "#0"}
			}
		},
		{
			"from": [7, 3, 1],
			"to": [9, 6, 4],
			"rotation": {"angle": 0, "axis": "y", "origin": [4, 0, 4]},
			"faces": {
				"north": {"uv": [2.25, 6.75, 3.25, 8.25], "texture": "#0"},
				"east": {"uv": [0.25, 6.75, 1.75, 8.25], "texture": "#0"},
				"south": {"uv": [4.75, 0.25, 8.75, 6.25], "texture": "#0"},
				"west": {"uv": [3.75, 6.75, 5.25, 8.25], "texture": "#0"},
				"up": {"uv": [2.25, 6.75, 3.25, 8.25], "texture": "#0"},
				"down": {"uv": [2.25, 6.75, 3.25, 8.25], "texture": "#0"}
			}
		},
		{
			"from": [4, 10, 4],
			"to": [12, 13, 4],
			"rotation": {"angle": 0, "axis": "y", "origin": [8, 11.5, 4]},
			"faces": {
				"north": {"uv": [9.25, 6.75, 13.25, 8.25], "texture": "#2"}
			}
		},
		{
			"name": "cube inverted",
			"from": [12, 13, 4],
			"to": [4, 10, 4],
			"rotation": {"angle": 0, "axis": "y", "origin": [-8, -11.5, -4]},
			"faces": {
				"south": {"uv": [9.25, 8.25, 13.25, 6.75], "texture": "#2"}
			}
		},
		{
			"from": [4, 10, 12],
			"to": [12, 13, 12],
			"rotation": {"angle": 0, "axis": "y", "origin": [8, 11.5, 12]},
			"faces": {
				"south": {"uv": [13.25, 6.75, 9.25, 8.25], "texture": "#2"}
			}
		},
		{
			"name": "cube inverted",
			"from": [12, 13, 12],
			"to": [4, 10, 12],
			"rotation": {"angle": 0, "axis": "y", "origin": [-8, -11.5, 20]},
			"faces": {
				"north": {"uv": [13.25, 8.25, 9.25, 6.75], "texture": "#2"}
			}
		},
		{
			"from": [12, 10, 4],
			"to": [12, 13, 12],
			"rotation": {"angle": 0, "axis": "y", "origin": [12, 11.5, 8]},
			"faces": {
				"east": {"uv": [9.25, 6.75, 13.25, 8.25], "texture": "#2"}
			}
		},
		{
			"name": "cube inverted",
			"from": [12, 13, 12],
			"to": [12, 10, 4],
			"rotation": {"angle": 0, "axis": "y", "origin": [20, -11.5, -8]},
			"faces": {
				"west": {"uv": [9.25, 8.25, 13.25, 6.75], "texture": "#2"}
			}
		},
		{
			"from": [4, 10, 4],
			"to": [4, 13, 12],
			"rotation": {"angle": 0, "axis": "y", "origin": [4, 11.5, 8]},
			"faces": {
				"west": {"uv": [13.25, 6.75, 9.25, 8.25], "texture": "#2"}
			}
		},
		{
			"name": "cube inverted",
			"from": [4, 13, 12],
			"to": [4, 10, 4],
			"rotation": {"angle": 0, "axis": "y", "origin": [-4, -11.5, -8]},
			"faces": {
				"east": {"uv": [13.25, 8.25, 9.25, 6.75], "texture": "#2"}
			}
		}
	],
	"display": {
		"gui": {
			"scale": [0, 0, 0]
		},
		"head": {
			"translation": [0, 6.4, 0],
			"scale": [1.6, 1.6, 1.6]
		}
	},
	"groups": [0, 1,
		{
			"name": "group",
			"origin": [-8, -11.5, -4],
			"children": [2, 3]
		},
		{
			"name": "group",
			"origin": [-8, -11.5, -4],
			"children": [4, 5]
		},
		{
			"name": "group",
			"origin": [-8, -11.5, -4],
			"children": [6, 7]
		},
		{
			"name": "group",
			"origin": [-8, -11.5, -4],
			"children": [8, 9]
		}
	]
}