{
	"credit": "Made with Blockbench",
	"texture_size": [32, 32],
	"textures": {
		"0": "items/goosehead1",
		"1": "items/goosehead2",
		"2": "items/goosehead3",
		"particle": "items/goosehead1"
	},
	"elements": [
		{
			"from": [4, 0, 4],
			"to": [12, 10, 12],
			"rotation": {"angle": 0, "axis": "y", "origin": [4, 0, 4]},
			"faces": {
				"north": {"uv": [9.25, 0.25, 13.25, 5.25], "texture": "#2"},
				"east": {"uv": [4.75, 0.25, 8.75, 5.25], "texture": "#0"},
				"south": {"uv": [4.75, 0.25, 8.75, 5.25], "texture": "#0"},
				"west": {"uv": [4.75, 0.25, 8.75, 5.25], "texture": "#0"},
				"up": {"uv": [9.25, 0.25, 13.25, 4.25], "texture": "#0"},
				"down": {"uv": [9.25, 0.25, 13.25, 4.25], "texture": "#0"}
			}
		},
		{
			"from": [7, 3, 1],
			"to": [9, 6, 4],
			"rotation": {"angle": 0, "axis": "y", "origin": [4, 0, 4]},
			"faces": {
				"north": {"uv": [2.25, 6.75, 3.25, 8.25], "texture": "#0"},
				"east": {"uv": [0.25, 6.75, 1.75, 8.25], "texture": "#0"},
				"south": {"uv": [4.75, 0.25, 8.75, 6.25], "texture": "#0"},
				"west": {"uv": [3.75, 6.75, 5.25, 8.25], "texture": "#0"},
				"up": {"uv": [2.25, 6.75, 3.25, 8.25], "texture": "#0"},
				"down": {"uv": [2.25, 6.75, 3.25, 8.25], "texture": "#0"}
			}
		},
		{
			"from": [7, 10, 5],
			"to": [9, 13, 7],
			"rotation": {"angle": 0, "axis": "y", "origin": [7, 6.5, 7]},
			"faces": {
				"north": {"uv": [13.75, 0.25, 14.75, 1.75], "texture": "#1"},
				"east": {"uv": [13.75, 0.25, 13.75, 1.75], "texture": "#1"},
				"south": {"uv": [13.75, 0.25, 13.75, 1.75], "texture": "#1"},
				"west": {"uv": [13.75, 0.25, 13.75, 1.75], "texture": "#1"},
				"up": {"uv": [13.75, 0.25, 13.8, 0.3], "texture": "#1"},
				"down": {"uv": [13.75, 0.25, 13.8, 0.3], "texture": "#1"}
			}
		},
		{
			"from": [7.25, 10, 7],
			"to": [8.75, 12, 7.75],
			"rotation": {"angle": 0, "axis": "y", "origin": [7, 6.5, 7]},
			"faces": {
				"north": {"uv": [14, 1.5, 14, 1.55], "texture": "#1"},
				"east": {"uv": [14, 1.5, 14, 1.55], "texture": "#1"},
				"south": {"uv": [14, 1.5, 14, 1.55], "texture": "#1"},
				"west": {"uv": [14, 1.5, 14, 1.55], "texture": "#1"},
				"up": {"uv": [14, 1.5, 14, 1.55], "texture": "#1"},
				"down": {"uv": [14, 1.5, 14, 1.55], "texture": "#1"}
			}
		},
		{
			"from": [7.25, 10, 4.25],
			"to": [7.75, 10.75, 5],
			"rotation": {"angle": 0, "axis": "y", "origin": [7, 6.5, 7]},
			"faces": {
				"north": {"uv": [14, 1.5, 14, 1.55], "texture": "#1"},
				"east": {"uv": [14, 1.5, 14, 1.55], "texture": "#1"},
				"south": {"uv": [14, 1.5, 14, 1.55], "texture": "#1"},
				"west": {"uv": [14, 1.5, 14, 1.55], "texture": "#1"},
				"up": {"uv": [14, 1.5, 14, 1.55], "texture": "#1"},
				"down": {"uv": [14, 1.5, 14, 1.55], "texture": "#1"}
			}
		},
		{
			"from": [8.25, 10, 4.25],
			"to": [8.75, 10.75, 5],
			"rotation": {"angle": 0, "axis": "y", "origin": [7, 6.5, 7]},
			"faces": {
				"north": {"uv": [14, 1.5, 14, 1.55], "texture": "#1"},
				"east": {"uv": [14, 1.5, 14, 1.55], "texture": "#1"},
				"south": {"uv": [14, 1.5, 14, 1.55], "texture": "#1"},
				"west": {"uv": [14, 1.5, 14, 1.55], "texture": "#1"},
				"up": {"uv": [14, 1.5, 14, 1.55], "texture": "#1"},
				"down": {"uv": [14, 1.5, 14, 1.55], "texture": "#1"}
			}
		}
	],
	"display": {
		"gui": {
			"scale": [0, 0, 0]
		},
		"head": {
			"translation": [0, 6.4, 0],
			"scale": [1.6, 1.6, 1.6]
		}
	}
}