{
	"credit": "Made with Blockbench",
	"texture_size": [32, 32],
	"textures": {
		"0": "items/goosehead1",
		"1": "items/goosehead2",
		"particle": "items/goosehead1"
	},
	"elements": [
		{
			"from": [4, 0, 4],
			"to": [12, 10, 12],
			"rotation": {"angle": 0, "axis": "y", "origin": [4, 0, 4]},
			"faces": {
				"north": {"uv": [0.25, 0.25, 4.25, 5.25], "texture": "#0"},
				"east": {"uv": [4.75, 0.25, 8.75, 5.25], "texture": "#0"},
				"south": {"uv": [4.75, 0.25, 8.75, 5.25], "texture": "#0"},
				"west": {"uv": [4.75, 0.25, 8.75, 5.25], "texture": "#0"},
				"up": {"uv": [9.25, 0.25, 13.25, 4.25], "texture": "#0"},
				"down": {"uv": [9.25, 0.25, 13.25, 4.25], "texture": "#0"}
			}
		},
		{
			"from": [3.75, -0.25, 3.75],
			"to": [12.25, 3.75, 12.25],
			"rotation": {"angle": 0, "axis": "y", "origin": [4.25, 0, 3.75]},
			"faces": {
				"north": {"uv": [4.75, 2.25, 9, 4.25], "texture": "#1"},
				"east": {"uv": [4.75, 2.25, 9, 4.25], "texture": "#1"},
				"south": {"uv": [4.75, 2.25, 9, 4.25], "texture": "#1"},
				"west": {"uv": [4.75, 2.25, 9, 4.25], "texture": "#1"},
				"up": {"uv": [4.5, 6.75, 8.75, 11], "texture": "#1"},
				"down": {"uv": [4.5, 6.75, 8.75, 11], "texture": "#1"}
			}
		},
		{
			"from": [4.75, -4.25, 3.75],
			"to": [7.25, -0.25, 3.75],
			"rotation": {"angle": 0, "axis": "y", "origin": [4.25, 0, 3.75]},
			"faces": {
				"north": {"uv": [4.75, 2.25, 6, 4.25], "texture": "#1"},
				"east": {"uv": [4.75, 2.25, 9, 4.25], "texture": "#1"},
				"south": {"uv": [4.75, 2.25, 6, 4.25], "texture": "#1"},
				"west": {"uv": [4.75, 2.25, 9, 4.25], "texture": "#1"},
				"up": {"uv": [4.5, 6.75, 8.75, 11], "texture": "#1"},
				"down": {"uv": [4.5, 6.75, 8.75, 11], "texture": "#1"}
			}
		},
		{
			"from": [5.75, -6.25, 4.25],
			"to": [8.25, -0.25, 4.25],
			"rotation": {"angle": 0, "axis": "y", "origin": [4.25, 0, 3.75]},
			"faces": {
				"north": {"uv": [5, 2.25, 6.25, 4.25], "texture": "#1"},
				"east": {"uv": [4.75, 2.25, 9, 4.25], "texture": "#1"},
				"south": {"uv": [5, 2.25, 6.25, 4.25], "texture": "#1"},
				"west": {"uv": [4.75, 2.25, 9, 4.25], "texture": "#1"},
				"up": {"uv": [4.5, 6.75, 8.75, 11], "texture": "#1"},
				"down": {"uv": [4.5, 6.75, 8.75, 11], "texture": "#1"}
			}
		},
		{
			"from": [11.5, 6.75, 7],
			"to": [14.5, 8.75, 9],
			"rotation": {"angle": 22.5, "axis": "z", "origin": [13.5, 7.75, 8]},
			"faces": {
				"north": {"uv": [5.75, 2.75, 7.25, 3.75], "rotation": 180, "texture": "#1"},
				"east": {"uv": [5.75, 2.75, 6.75, 3.75], "texture": "#1"},
				"south": {"uv": [5.75, 2.75, 7.25, 3.75], "texture": "#1"},
				"west": {"uv": [4.25, 6.75, 5.25, 7.75], "rotation": 180, "texture": "#0"},
				"up": {"uv": [5.75, 2.75, 7.25, 3.75], "texture": "#1"},
				"down": {"uv": [5.75, 2.75, 7.25, 3.75], "texture": "#1"}
			}
		},
		{
			"from": [1.5, 6.75, 7],
			"to": [4.5, 8.75, 9],
			"rotation": {"angle": -22.5, "axis": "z", "origin": [2.5, 7.75, 8]},
			"faces": {
				"north": {"uv": [7.25, 2.75, 5.75, 3.75], "rotation": 180, "texture": "#1"},
				"east": {"uv": [5.25, 6.75, 4.25, 7.75], "rotation": 180, "texture": "#0"},
				"south": {"uv": [7.25, 2.75, 5.75, 3.75], "texture": "#1"},
				"west": {"uv": [6.75, 2.75, 5.75, 3.75], "texture": "#1"},
				"up": {"uv": [7.25, 2.75, 5.75, 3.75], "texture": "#1"},
				"down": {"uv": [7.25, 2.75, 5.75, 3.75], "texture": "#1"}
			}
		},
		{
			"from": [13.7597, 7.00671, 7.25],
			"to": [15.2597, 10.00671, 8.75],
			"rotation": {"angle": -22.5, "axis": "z", "origin": [15.8097, 8.70671, 8]},
			"faces": {
				"north": {"uv": [5.75, 2.75, 7.25, 3.5], "rotation": 270, "texture": "#1"},
				"east": {"uv": [5.75, 2.75, 7.25, 3.5], "rotation": 270, "texture": "#1"},
				"south": {"uv": [5.75, 2.75, 7.25, 3.5], "rotation": 270, "texture": "#1"},
				"west": {"uv": [5.75, 2.75, 7.25, 3.75], "rotation": 270, "texture": "#1"},
				"up": {"uv": [5.75, 2.75, 6.5, 3.5], "rotation": 270, "texture": "#1"},
				"down": {"uv": [4.25, 6.75, 5.25, 7.75], "rotation": 90, "texture": "#0"}
			}
		},
		{
			"from": [0.7403, 7.00671, 7.25],
			"to": [2.2403, 10.00671, 8.75],
			"rotation": {"angle": 22.5, "axis": "z", "origin": [0.1903, 8.70671, 8]},
			"faces": {
				"north": {"uv": [5.75, 3.5, 7.25, 2.75], "rotation": 270, "texture": "#1"},
				"east": {"uv": [5.75, 3.75, 7.25, 2.75], "rotation": 270, "texture": "#1"},
				"south": {"uv": [5.75, 3.5, 7.25, 2.75], "rotation": 270, "texture": "#1"},
				"west": {"uv": [5.75, 3.5, 7.25, 2.75], "rotation": 270, "texture": "#1"},
				"up": {"uv": [5.75, 3.5, 6.5, 2.75], "rotation": 270, "texture": "#1"},
				"down": {"uv": [4.25, 7.75, 5.25, 6.75], "rotation": 90, "texture": "#0"}
			}
		},
		{
			"from": [14.58883, 10.02912, 7.5],
			"to": [15.58883, 12.02912, 8.5],
			"rotation": {"angle": 0, "axis": "z", "origin": [15.48883, 11.32912, 8]},
			"faces": {
				"north": {"uv": [5.75, 2.75, 6.75, 3.25], "rotation": 270, "texture": "#1"},
				"east": {"uv": [5.75, 2.75, 6.75, 3.25], "rotation": 270, "texture": "#1"},
				"south": {"uv": [5.75, 2.75, 6.75, 3.25], "rotation": 270, "texture": "#1"},
				"west": {"uv": [5.75, 2.75, 6.75, 3.25], "rotation": 270, "texture": "#1"},
				"up": {"uv": [5.75, 2.75, 6.25, 3.25], "rotation": 270, "texture": "#1"},
				"down": {"uv": [4.25, 6.75, 5.25, 7.75], "rotation": 90, "texture": "#0"}
			}
		},
		{
			"from": [0.41117, 10.02912, 7.5],
			"to": [1.41117, 12.02912, 8.5],
			"rotation": {"angle": 0, "axis": "z", "origin": [0.51117, 11.32912, 8]},
			"faces": {
				"north": {"uv": [5.75, 3.25, 6.75, 2.75], "rotation": 270, "texture": "#1"},
				"east": {"uv": [5.75, 3.25, 6.75, 2.75], "rotation": 270, "texture": "#1"},
				"south": {"uv": [5.75, 3.25, 6.75, 2.75], "rotation": 270, "texture": "#1"},
				"west": {"uv": [5.75, 3.25, 6.75, 2.75], "rotation": 270, "texture": "#1"},
				"up": {"uv": [5.75, 3.25, 6.25, 2.75], "rotation": 270, "texture": "#1"},
				"down": {"uv": [4.25, 7.75, 5.25, 6.75], "rotation": 90, "texture": "#0"}
			}
		},
		{
			"from": [7, 3, 1],
			"to": [9, 6, 4],
			"rotation": {"angle": 0, "axis": "y", "origin": [4, 0, 4]},
			"faces": {
				"north": {"uv": [2.25, 6.75, 3.25, 8.25], "texture": "#0"},
				"east": {"uv": [0.25, 6.75, 1.75, 8.25], "texture": "#0"},
				"south": {"uv": [4.75, 0.25, 8.75, 6.25], "texture": "#0"},
				"west": {"uv": [3.75, 6.75, 5.25, 8.25], "texture": "#0"},
				"up": {"uv": [2.25, 6.75, 3.25, 8.25], "texture": "#0"},
				"down": {"uv": [2.25, 6.75, 3.25, 8.25], "texture": "#0"}
			}
		}
	],
	"display": {
		"gui": {
			"scale": [0, 0, 0]
		},
		"head": {
			"translation": [0, 6.4, 0],
			"scale": [1.6, 1.6, 1.6]
		}
	}
}