{
	"credit": "Made with Blockbench",
	"texture_size": [32, 32],
	"textures": {
		"0": "items/cooked_goose",
		"particle": "items/cooked_goose"
	},
	"elements": [
		{
			"from": [2, 2.82174, 8.0502],
			"to": [5, 7.82174, 15.0502],
			"rotation": {"angle": -22.5, "axis": "x", "origin": [8, 6.78469, 15.60436]},
			"faces": {
				"north": {"uv": [4.25, 8.5, 6.75, 10], "rotation": 90, "texture": "#0"},
				"east": {"uv": [0.25, 8.25, 3.75, 10.75], "texture": "#0"},
				"south": {"uv": [4.25, 8.5, 6.75, 10], "rotation": 90, "texture": "#0"},
				"west": {"uv": [0.25, 8.25, 3.75, 10.75], "texture": "#0"},
				"up": {"uv": [4.75, 6.75, 8.25, 8.25], "rotation": 90, "texture": "#0"},
				"down": {"uv": [4.75, 6.75, 8.25, 8.25], "rotation": 90, "texture": "#0"}
			}
		},
		{
			"from": [11, 2.82174, 8.0502],
			"to": [14, 7.82174, 15.0502],
			"rotation": {"angle": -22.5, "axis": "x", "origin": [8, 6.78469, 15.60436]},
			"faces": {
				"north": {"uv": [4.25, 10, 6.75, 8.5], "rotation": 90, "texture": "#0"},
				"east": {"uv": [3.75, 8.25, 0.25, 10.75], "texture": "#0"},
				"south": {"uv": [4.25, 10, 6.75, 8.5], "rotation": 90, "texture": "#0"},
				"west": {"uv": [3.75, 8.25, 0.25, 10.75], "texture": "#0"},
				"up": {"uv": [4.75, 8.25, 8.25, 6.75], "rotation": 90, "texture": "#0"},
				"down": {"uv": [4.75, 8.25, 8.25, 6.75], "rotation": 90, "texture": "#0"}
			}
		},
		{
			"from": [3, 1.10771, 2.97314],
			"to": [5, 3.60771, 7.97314],
			"rotation": {"angle": -22.5, "axis": "x", "origin": [8, 2.35771, 5.47314]},
			"faces": {
				"north": {"uv": [12, 6.75, 13, 8], "texture": "#0"},
				"east": {"uv": [0, 0, 5, 2.5], "texture": "#missing"},
				"south": {"uv": [12, 6.75, 13, 8], "rotation": 180, "texture": "#0"},
				"west": {"uv": [0.25, 11.25, 2.75, 12.5], "texture": "#0"},
				"up": {"uv": [0.25, 11.25, 2.75, 12.25], "rotation": 270, "texture": "#0"},
				"down": {"uv": [0.25, 11.25, 2.75, 12.25], "rotation": 270, "texture": "#0"}
			}
		},
		{
			"from": [11, 1.10771, 2.97314],
			"to": [13, 3.60771, 7.97314],
			"rotation": {"angle": -22.5, "axis": "x", "origin": [8, 2.35771, 5.47314]},
			"faces": {
				"north": {"uv": [13, 6.75, 12, 8], "texture": "#0"},
				"east": {"uv": [2.75, 11.25, 0.25, 12.5], "texture": "#0"},
				"south": {"uv": [13, 6.75, 12, 8], "rotation": 180, "texture": "#0"},
				"west": {"uv": [5, 0, 0, 2.5], "texture": "#missing"},
				"up": {"uv": [0.25, 12.25, 2.75, 11.25], "rotation": 270, "texture": "#0"},
				"down": {"uv": [0.25, 12.25, 2.75, 11.25], "rotation": 270, "texture": "#0"}
			}
		},
		{
			"from": [2.499, 4.2514, 13.95616],
			"to": [4.999, 8.2514, 16.95616],
			"rotation": {"angle": -45, "axis": "x", "origin": [8, 6.78469, 15.60436]},
			"faces": {
				"north": {"uv": [0, 0, 2.5, 4], "texture": "#missing"},
				"east": {"uv": [8.75, 6.75, 10.75, 8.25], "rotation": 90, "texture": "#0"},
				"south": {"uv": [7.25, 8.75, 9.25, 10], "rotation": 90, "texture": "#0"},
				"west": {"uv": [8.75, 6.75, 10.75, 8.25], "rotation": 90, "texture": "#0"},
				"up": {"uv": [14.25, 6.75, 15.75, 8], "rotation": 90, "texture": "#0"},
				"down": {"uv": [11.25, 6.75, 12.75, 8], "rotation": 90, "texture": "#0"}
			}
		},
		{
			"from": [11.001, 4.2514, 13.95616],
			"to": [13.501, 8.2514, 16.95616],
			"rotation": {"angle": -45, "axis": "x", "origin": [8, 6.78469, 15.60436]},
			"faces": {
				"north": {"uv": [2.5, 0, 0, 4], "texture": "#missing"},
				"east": {"uv": [8.75, 8.25, 10.75, 6.75], "rotation": 90, "texture": "#0"},
				"south": {"uv": [7.25, 10, 9.25, 8.75], "rotation": 90, "texture": "#0"},
				"west": {"uv": [8.75, 8.25, 10.75, 6.75], "rotation": 90, "texture": "#0"},
				"up": {"uv": [14.25, 8, 15.75, 6.75], "rotation": 90, "texture": "#0"},
				"down": {"uv": [11.25, 8, 12.75, 6.75], "rotation": 90, "texture": "#0"}
			}
		},
		{
			"from": [3, 6.2014, 16.95616],
			"to": [4.5, 7.7014, 17.95616],
			"rotation": {"angle": -45, "axis": "x", "origin": [8, 6.78469, 15.60436]},
			"faces": {
				"north": {"uv": [3.25, 11.5, 4, 12], "rotation": 90, "texture": "#0"},
				"east": {"uv": [3.25, 11.5, 4, 12], "rotation": 90, "texture": "#0"},
				"south": {"uv": [3.25, 11.5, 4, 12], "rotation": 90, "texture": "#0"},
				"west": {"uv": [3.25, 11.5, 4, 12], "rotation": 90, "texture": "#0"},
				"up": {"uv": [3.25, 11.5, 4, 12], "texture": "#0"},
				"down": {"uv": [3.25, 11.5, 4, 12], "texture": "#0"}
			}
		},
		{
			"from": [11.5, 6.2014, 16.95616],
			"to": [13, 7.7014, 17.95616],
			"rotation": {"angle": -45, "axis": "x", "origin": [8, 6.78469, 15.60436]},
			"faces": {
				"north": {"uv": [3.25, 12, 4, 11.5], "rotation": 90, "texture": "#0"},
				"east": {"uv": [3.25, 12, 4, 11.5], "rotation": 90, "texture": "#0"},
				"south": {"uv": [3.25, 12, 4, 11.5], "rotation": 90, "texture": "#0"},
				"west": {"uv": [3.25, 12, 4, 11.5], "rotation": 90, "texture": "#0"},
				"up": {"uv": [4, 11.5, 3.25, 12], "texture": "#0"},
				"down": {"uv": [4, 11.5, 3.25, 12], "texture": "#0"}
			}
		},
		{
			"from": [2.5, 5.7014, 17.95616],
			"to": [5, 8.2014, 19.95616],
			"rotation": {"angle": -45, "axis": "x", "origin": [8, 6.78469, 15.60436]},
			"faces": {
				"north": {"uv": [4.5, 11.25, 5.75, 12.5], "rotation": 90, "texture": "#0"},
				"east": {"uv": [6, 11.25, 7.25, 12.25], "rotation": 90, "texture": "#0"},
				"south": {"uv": [4.5, 11.25, 5.75, 12.5], "rotation": 90, "texture": "#0"},
				"west": {"uv": [6, 11.25, 7.25, 12.25], "rotation": 90, "texture": "#0"},
				"up": {"uv": [6, 11.25, 7.25, 12.25], "texture": "#0"},
				"down": {"uv": [6, 11.25, 7.25, 12.25], "texture": "#0"}
			}
		},
		{
			"from": [11, 5.7014, 17.95616],
			"to": [13.5, 8.2014, 19.95616],
			"rotation": {"angle": -45, "axis": "x", "origin": [8, 6.78469, 15.60436]},
			"faces": {
				"north": {"uv": [4.5, 12.5, 5.75, 11.25], "rotation": 90, "texture": "#0"},
				"east": {"uv": [6, 12.25, 7.25, 11.25], "rotation": 90, "texture": "#0"},
				"south": {"uv": [4.5, 12.5, 5.75, 11.25], "rotation": 90, "texture": "#0"},
				"west": {"uv": [6, 12.25, 7.25, 11.25], "rotation": 90, "texture": "#0"},
				"up": {"uv": [7.25, 11.25, 6, 12.25], "texture": "#0"},
				"down": {"uv": [7.25, 11.25, 6, 12.25], "texture": "#0"}
			}
		},
		{
			"from": [4, 0, 2],
			"to": [12, 7, 14],
			"rotation": {"angle": 0, "axis": "y", "origin": [4, 0, 2]},
			"faces": {
				"north": {"uv": [0.25, 0.25, 4.25, 3.75], "texture": "#0"},
				"east": {"uv": [9.25, 0.25, 12.75, 6.25], "rotation": 90, "texture": "#0"},
				"south": {"uv": [0.25, 4.25, 4.25, 7.75], "texture": "#0"},
				"west": {"uv": [9.25, 0.25, 12.75, 6.25], "rotation": 270, "texture": "#0"},
				"up": {"uv": [4.75, 0.25, 8.75, 6.25], "rotation": 180, "texture": "#0"},
				"down": {"uv": [9.25, 0.25, 12.75, 6.25], "rotation": 180, "texture": "#0"}
			}
		}
	],
	"display": {
		"ground": {
			"translation": [0, 5, 0]
		},
		"head": {
			"translation": [0, -12.75, 0],
			"scale": [2.29, 2.29, 2.29]
		}
	}
}