{
	"credit": "Made with Blockbench",
	"texture_size": [32, 32],
	"textures": {
		"1": "items/weapon1",
		"particle": "items/character",
		"1_0": "items/character"
	},
	"elements": [
		{
			"from": [6, 7.5, -5],
			"to": [10, 12.5, 0],
			"rotation": {"angle": 0, "axis": "y", "origin": [6, 5.5, 0]},
			"faces": {
				"north": {"uv": [3.25, 0.25, 5.25, 2.75], "texture": "#1"},
				"east": {"uv": [0.25, 0.25, 2.75, 2.75], "texture": "#1"},
				"south": {"uv": [3.25, 0.25, 5.25, 2.75], "texture": "#1"},
				"west": {"uv": [0.25, 0.25, 2.75, 2.75], "texture": "#1"},
				"up": {"uv": [3.25, 0.25, 5.25, 2.75], "texture": "#1"},
				"down": {"uv": [3.25, 0.25, 5.25, 2.75], "texture": "#1"}
			}
		},
		{
			"from": [6, 7.5, 0.5],
			"to": [10, 12.5, 1],
			"rotation": {"angle": 0, "axis": "y", "origin": [6, 5.5, 0]},
			"faces": {
				"north": {"uv": [3.25, 0.25, 5.25, 2.75], "texture": "#1"},
				"east": {"uv": [3.25, 0.25, 3.5, 2.75], "texture": "#1"},
				"south": {"uv": [3.25, 0.25, 5.25, 2.75], "texture": "#1"},
				"west": {"uv": [3.25, 0.25, 3.5, 2.75], "texture": "#1"},
				"up": {"uv": [3.25, 0.25, 5.25, 0.5], "texture": "#1"},
				"down": {"uv": [3.25, 0.25, 5.25, 0.5], "texture": "#1"}
			}
		},
		{
			"from": [6.25, 7.75, 0],
			"to": [9.75, 12.25, 0.5],
			"rotation": {"angle": 0, "axis": "y", "origin": [6, 5.5, 0]},
			"faces": {
				"north": {"uv": [0, 0.25, 2, 2.75], "texture": "#missing"},
				"east": {"uv": [5.75, 0.25, 6, 2.5], "texture": "#1"},
				"south": {"uv": [2, 0.25, 4, 2.75], "texture": "#missing"},
				"west": {"uv": [5.75, 0.25, 6, 2.5], "texture": "#1"},
				"up": {"uv": [5.75, 0.5, 6, 2.25], "rotation": 90, "texture": "#1"},
				"down": {"uv": [5.75, 0.5, 6, 2.25], "rotation": 90, "texture": "#1"}
			}
		},
		{
			"from": [5.5, 5.05, -4.5],
			"to": [9.5, 9.05, -2.5],
			"rotation": {"angle": 45, "axis": "z", "origin": [8, 7.8, -3]},
			"faces": {
				"north": {"uv": [3.25, 3.25, 5.25, 5.25], "rotation": 180, "texture": "#1"},
				"east": {"uv": [5.5, 3.25, 6.5, 5.25], "rotation": 180, "texture": "#1"},
				"south": {"uv": [3.25, 3.25, 5.25, 5.25], "rotation": 180, "texture": "#1"},
				"west": {"uv": [5.5, 3.25, 6.5, 5.25], "rotation": 180, "texture": "#1"},
				"up": {"uv": [5.5, 3.25, 6.5, 5.25], "rotation": 90, "texture": "#1"},
				"down": {"uv": [5.5, 3.25, 6.5, 5.25], "rotation": 90, "texture": "#1"}
			}
		},
		{
			"from": [2.375, 9.375, -4],
			"to": [5.375, 10.875, -2.5],
			"rotation": {"angle": 22.5, "axis": "y", "origin": [8, 7.375, -6]},
			"faces": {
				"north": {"uv": [7, 3.25, 8.5, 4], "texture": "#1"},
				"east": {"uv": [0, 3.5, 1, 4.5], "rotation": 270, "texture": "#missing"},
				"south": {"uv": [7, 3.25, 8.5, 4], "rotation": 180, "texture": "#1"},
				"west": {"uv": [3.5, 3.5, 4.5, 4.5], "rotation": 270, "texture": "#missing"},
				"up": {"uv": [7, 3.25, 8.5, 4], "rotation": 180, "texture": "#1"},
				"down": {"uv": [7, 3.25, 8.5, 4], "rotation": 180, "texture": "#1"}
			}
		},
		{
			"from": [10.625, 9.375, -4],
			"to": [13.625, 10.875, -2.5],
			"rotation": {"angle": -22.5, "axis": "y", "origin": [8, 7.375, -6]},
			"faces": {
				"north": {"uv": [8.5, 3.25, 7, 4], "texture": "#1"},
				"east": {"uv": [3.5, 4.5, 4.5, 3.5], "rotation": 270, "texture": "#missing"},
				"south": {"uv": [8.5, 3.25, 7, 4], "rotation": 180, "texture": "#1"},
				"west": {"uv": [0, 4.5, 1, 3.5], "rotation": 270, "texture": "#missing"},
				"up": {"uv": [8.5, 3.25, 7, 4], "rotation": 180, "texture": "#1"},
				"down": {"uv": [8.5, 3.25, 7, 4], "rotation": 180, "texture": "#1"}
			}
		},
		{
			"from": [7.25, 11.93994, -3.59352],
			"to": [8.75, 13.43994, -0.59352],
			"rotation": {"angle": -22.5, "axis": "x", "origin": [8, 13.68994, -0.84352]},
			"faces": {
				"north": {"uv": [0, 4.5, 1, 3.5], "texture": "#missing"},
				"east": {"uv": [8.5, 3.25, 7, 4], "texture": "#1"},
				"south": {"uv": [3.5, 4.5, 4.5, 3.5], "rotation": 180, "texture": "#missing"},
				"west": {"uv": [8.5, 3.25, 7, 4], "rotation": 180, "texture": "#1"},
				"up": {"uv": [8.5, 3.25, 7, 4], "rotation": 270, "texture": "#1"},
				"down": {"uv": [8.5, 3.25, 7, 4], "rotation": 90, "texture": "#1"}
			}
		},
		{
			"from": [0.375, 9.125, -4.25],
			"to": [2.375, 11.125, -2.25],
			"rotation": {"angle": 22.5, "axis": "y", "origin": [8, 7.375, -6]},
			"faces": {
				"north": {"uv": [6.5, 0.25, 7.5, 1.25], "rotation": 270, "texture": "#1"},
				"east": {"uv": [6.5, 0.25, 7.5, 1.25], "rotation": 270, "texture": "#1"},
				"south": {"uv": [6.5, 0.25, 7.5, 1.25], "rotation": 270, "texture": "#1"},
				"west": {"uv": [6.5, 0.25, 7.5, 1.25], "rotation": 270, "texture": "#1"},
				"up": {"uv": [6.5, 0.25, 7.5, 1.25], "rotation": 270, "texture": "#1"},
				"down": {"uv": [6.5, 0.25, 7.5, 1.25], "rotation": 270, "texture": "#1"}
			}
		},
		{
			"from": [13.625, 9.125, -4.25],
			"to": [15.625, 11.125, -2.25],
			"rotation": {"angle": -22.5, "axis": "y", "origin": [8, 7.375, -6]},
			"faces": {
				"north": {"uv": [6.5, 1.25, 7.5, 0.25], "rotation": 270, "texture": "#1"},
				"east": {"uv": [6.5, 1.25, 7.5, 0.25], "rotation": 270, "texture": "#1"},
				"south": {"uv": [6.5, 1.25, 7.5, 0.25], "rotation": 270, "texture": "#1"},
				"west": {"uv": [6.5, 1.25, 7.5, 0.25], "rotation": 270, "texture": "#1"},
				"up": {"uv": [6.5, 1.25, 7.5, 0.25], "rotation": 270, "texture": "#1"},
				"down": {"uv": [6.5, 1.25, 7.5, 0.25], "rotation": 270, "texture": "#1"}
			}
		},
		{
			"from": [7, 11.68994, -0.59352],
			"to": [9, 13.68994, 1.40648],
			"rotation": {"angle": -22.5, "axis": "x", "origin": [8, 13.68994, -0.84352]},
			"faces": {
				"north": {"uv": [6.5, 1.25, 7.5, 0.25], "texture": "#1"},
				"east": {"uv": [6.5, 1.25, 7.5, 0.25], "rotation": 90, "texture": "#1"},
				"south": {"uv": [6.5, 1.25, 7.5, 0.25], "rotation": 180, "texture": "#1"},
				"west": {"uv": [6.5, 1.25, 7.5, 0.25], "rotation": 270, "texture": "#1"},
				"up": {"uv": [6.5, 1.25, 7.5, 0.25], "rotation": 180, "texture": "#1"},
				"down": {"uv": [6.5, 1.25, 7.5, 0.25], "rotation": 180, "texture": "#1"}
			}
		},
		{
			"from": [6.5, 9, -9],
			"to": [9.5, 12, -5],
			"rotation": {"angle": 0, "axis": "y", "origin": [6, 5.5, 0]},
			"faces": {
				"north": {"uv": [11.5, 0.25, 13.5, 1.75], "texture": "#1"},
				"east": {"uv": [11.5, 0.25, 13.5, 1.75], "rotation": 180, "texture": "#1"},
				"south": {"uv": [11.5, 0.25, 13.5, 1.75], "texture": "#1"},
				"west": {"uv": [11.5, 0.25, 13.5, 1.75], "texture": "#1"},
				"up": {"uv": [11.5, 0.25, 13.5, 1.75], "rotation": 90, "texture": "#1"},
				"down": {"uv": [11.5, 0.25, 13.5, 1.75], "rotation": 270, "texture": "#1"}
			}
		},
		{
			"from": [6, 8.5, -10],
			"to": [10, 12.5, -9],
			"rotation": {"angle": 0, "axis": "y", "origin": [6, 5.5, 0]},
			"faces": {
				"north": {"uv": [8, 0.25, 10, 2.25], "texture": "#1"},
				"east": {"uv": [10.5, 0.25, 11, 2.25], "texture": "#1"},
				"south": {"uv": [8, 0.25, 10, 2.25], "texture": "#1"},
				"west": {"uv": [10.5, 0.25, 11, 2.25], "texture": "#1"},
				"up": {"uv": [10.5, 0.25, 11, 2.25], "rotation": 90, "texture": "#1"},
				"down": {"uv": [10.5, 0.25, 11, 2.25], "rotation": 90, "texture": "#1"}
			}
		},
		{
			"from": [6.5, 8, 1.073],
			"to": [9.5, 12, 10.073],
			"rotation": {"angle": 0, "axis": "y", "origin": [8, 10, 1.573]},
			"faces": {
				"north": {"uv": [0, 0, 3, 4], "rotation": 180, "texture": "#missing"},
				"east": {"uv": [0.5, 0.5, 4.5, 9.5], "rotation": 270, "texture": "#1_0"},
				"south": {"uv": [12.5, 11.5, 15.5, 15.5], "texture": "#1_0"},
				"west": {"uv": [0.5, 0.5, 4.5, 9.5], "rotation": 90, "texture": "#1_0"},
				"up": {"uv": [4.5, 0.5, 7.5, 9.5], "rotation": 180, "texture": "#1_0"},
				"down": {"uv": [4.5, 0.5, 7.5, 9.5], "texture": "#1_0"}
			}
		},
		{
			"from": [6.5, 8, 0.073],
			"to": [9.5, 12, 1.073],
			"rotation": {"angle": 0, "axis": "y", "origin": [8, 10, 1.573]},
			"faces": {
				"north": {"uv": [0, 0, 3, 4], "rotation": 180, "texture": "#missing"},
				"east": {"uv": [0.5, 4, 4.5, 5], "rotation": 270, "texture": "#1_0"},
				"south": {"uv": [12.5, 11.5, 15.5, 15.5], "texture": "#1_0"},
				"west": {"uv": [9, 0.5, 13, 1.5], "rotation": 270, "texture": "#1_0"},
				"up": {"uv": [4.5, 4, 7.5, 5], "rotation": 180, "texture": "#1_0"},
				"down": {"uv": [4.5, 7, 7.5, 8], "rotation": 180, "texture": "#1_0"}
			}
		},
		{
			"from": [6.5, 8, -2.927],
			"to": [9.5, 12, 0.073],
			"rotation": {"angle": 0, "axis": "y", "origin": [8, 10, 1.573]},
			"faces": {
				"north": {"uv": [8.499, 7.5, 12.499, 10.5], "rotation": 270, "texture": "#1_0"},
				"east": {"uv": [8.499, 4, 12.499, 6.998], "rotation": 270, "texture": "#1_0"},
				"south": {"uv": [0, 0, 3, 4], "texture": "#missing"},
				"west": {"uv": [8.5, 0.5, 12.5, 3.5], "rotation": 90, "texture": "#1_0"},
				"up": {"uv": [12.5, 0.5, 15.5, 3.5], "rotation": 180, "texture": "#1_0"},
				"down": {"uv": [12.5, 4, 15.5, 7], "rotation": 180, "texture": "#1_0"}
			}
		}
	],
	"display": {
		"thirdperson_righthand": {
			"translation": [-0.5, -4, 9.927]
		},
		"thirdperson_lefthand": {
			"rotation": [67.5, 0, 0],
			"translation": [-0.5, -2.75, 8.2]
		},
		"firstperson_righthand": {
			"rotation": [4, 3, -11],
			"translation": [-4, -1.25, 6]
		},
		"firstperson_lefthand": {
			"rotation": [137, 18, -11],
			"translation": [0, -0.25, 1.25],
			"scale": [0, 0, 0]
		},
		"ground": {
			"scale": [0, 0, 0]
		},
		"gui": {
			"scale": [0, 0, 0]
		}
	},
	"groups": [
		{
			"name": "gun",
			"origin": [0, 0, 0],
			"children": [0, 1, 2, 3, 4, 5, 6, 7, 8, 9, 10, 11]
		},
		{
			"name": "group",
			"origin": [8, 8, 8],
			"children": [12, 13, 14]
		}
	]
}