{
	"credit": "Made with Blockbench",
	"texture_size": [32, 32],
	"textures": {
		"0": "items/skewer",
		"particle": "items/skewer"
	},
	"elements": [
		{
			"from": [7, 7, 4],
			"to": [9, 9, 12],
			"rotation": {"angle": 0, "axis": "y", "origin": [7, 7, 4]},
			"faces": {
				"north": {"uv": [5.25, 0.25, 6.25, 1.25], "texture": "#0"},
				"east": {"uv": [3.75, 0.25, 4.75, 4.25], "rotation": 90, "texture": "#0"},
				"south": {"uv": [5.25, 0.25, 6.25, 1.25], "texture": "#0"},
				"west": {"uv": [3.75, 0.25, 4.75, 4.25], "rotation": 270, "texture": "#0"},
				"up": {"uv": [3.75, 0.25, 4.75, 4.25], "rotation": 180, "texture": "#0"},
				"down": {"uv": [3.75, 0.25, 4.75, 4.25], "texture": "#0"}
			}
		},
		{
			"from": [8, 5, 2],
			"to": [8, 11, 14],
			"rotation": {"angle": 45, "axis": "z", "origin": [8, 8, 8]},
			"faces": {
				"north": {"uv": [0, 0, 0, 6], "texture": "#missing"},
				"east": {"uv": [0.25, 0.25, 3.25, 6.25], "rotation": 90, "texture": "#0"},
				"south": {"uv": [0, 0, 0, 6], "texture": "#missing"},
				"up": {"uv": [0, 0, 0, 12], "texture": "#missing"},
				"down": {"uv": [0, 0, 0, 12], "texture": "#missing"}
			}
		},
		{
			"name": "cube inverted",
			"from": [24, 4.37258, 14],
			"to": [24, -1.62742, 2],
			"rotation": {"angle": 45, "axis": "z", "origin": [8, -14.62742, -8]},
			"faces": {
				"north": {"uv": [0, 6, 0, 0], "texture": "#missing"},
				"south": {"uv": [0, 6, 0, 0], "texture": "#missing"},
				"west": {"uv": [3.25, 0.25, 0.25, 6.25], "rotation": 90, "texture": "#0"},
				"up": {"uv": [0, 0, 0, 12], "texture": "#missing"},
				"down": {"uv": [0, 0, 0, 12], "texture": "#missing"}
			}
		},
		{
			"from": [5, 8, 2],
			"to": [11, 8, 14],
			"rotation": {"angle": 45, "axis": "z", "origin": [8, 8, 8]},
			"faces": {
				"north": {"uv": [0, 0, 0, 6], "rotation": 90, "texture": "#missing"},
				"east": {"uv": [0, 0, 0, 12], "rotation": 270, "texture": "#missing"},
				"south": {"uv": [0, 0, 0, 6], "rotation": 270, "texture": "#missing"},
				"west": {"uv": [0, 0, 0, 12], "rotation": 270, "texture": "#missing"},
				"up": {"uv": [0.25, 0.25, 3.25, 6.25], "texture": "#0"}
			}
		},
		{
			"name": "cube inverted",
			"from": [11, 8, 14],
			"to": [5, 8, 2],
			"rotation": {"angle": 45, "axis": "z", "origin": [8, 8, 8]},
			"faces": {
				"north": {"uv": [0, 6, 0, 0], "rotation": 90, "texture": "#missing"},
				"east": {"uv": [0, 0, 0, 12], "rotation": 270, "texture": "#missing"},
				"south": {"uv": [0, 6, 0, 0], "rotation": 270, "texture": "#missing"},
				"west": {"uv": [0, 0, 0, 12], "rotation": 270, "texture": "#missing"},
				"down": {"uv": [3.25, 0.25, 0.25, 6.25], "texture": "#0"}
			}
		}
	],
	"display": {
		"head": {
			"translation": [0, -23.75, 0],
			"scale": [2.29, 2.29, 2.29]
		}
	}
}