{
	"parent": "item/generated",
	"textures": {
		"layer0": "item/glowstone_dust"
	},
	
	"overrides": [
		{"predicate": {"custom_model_data":1}, "model": "item/glowstone_dust1"},
		{"predicate": {"custom_model_data":2}, "model": "item/glowstone_dust2"},
                     	{"predicate": {"custom_model_data":3}, "model": "item/glowstone_dust3"},
                     	{"predicate": {"custom_model_data":4}, "model": "item/glowstone_dust4"},
                     	{"predicate": {"custom_model_data":5}, "model": "item/glowstone_dust5"},
                     	{"predicate": {"custom_model_data":6}, "model": "item/glowstone_dust6"},
                     	{"predicate": {"custom_model_data":7}, "model": "item/glowstone_dust7"},
                     	{"predicate": {"custom_model_data":8}, "model": "item/glowstone_dust8"},
                     	{"predicate": {"custom_model_data":9}, "model": "item/glowstone_dust9"},
                     	{"predicate": {"custom_model_data":10}, "model": "item/glowstone_dust10"},
                     	{"predicate": {"custom_model_data":11}, "model": "item/glowstone_dust11"},
                     	{"predicate": {"custom_model_data":12}, "model": "item/glowstone_dust12"},
                     	{"predicate": {"custom_model_data":13}, "model": "item/glowstone_dust13"},
                     	{"predicate": {"custom_model_data":14}, "model": "item/glowstone_dust14"},
                     	{"predicate": {"custom_model_data":15}, "model": "item/glowstone_dust15"}

                               ]
}