{
	"credit": "Made with Blockbench",
	"texture_size": [32, 32],
	"textures": {
		"1": "block/magma"
	},
	"elements": [
		{
			"from": [4, 10, 6],
			"to": [12, 22, 10],
			"faces": {
				"north": {"uv": [10, 5, 14, 11], "texture": "#1"},
				"east": {"uv": [11, 5, 13, 11], "texture": "#1"},
				"south": {"uv": [2, 5, 6, 11], "texture": "#1"},
				"west": {"uv": [6.5, 5.5, 8.5, 11.5], "texture": "#1"},
				"up": {"uv": [2, 3, 6, 5], "texture": "#1"},
				"down": {"uv": [2, 11, 6, 13], "texture": "#1"}
			}
		},
		{
			"from": [3.999, -1.12233, 8.21237],
			"to": [7.999, 10.87767, 12.21237],
			"rotation": {"angle": -22.5, "axis": "x", "origin": [6, 4.87767, 9.31237]},
			"faces": {
				"north": {"uv": [12.0005, 10.56117, 14.0005, 16], "texture": "#1"},
				"east": {"uv": [9.89382, 10.56117, 11.89382, 16], "texture": "#1"},
				"south": {"uv": [1.9995, 10.56117, 3.9995, 16.56117], "texture": "#1"},
				"west": {"uv": [10, 2.5, 12, 8.5], "texture": "#1"},
				"up": {"uv": [1.9995, 4.10619, 3.9995, 6.10619], "texture": "#1"},
				"down": {"uv": [1.9995, 9.89382, 3.9995, 11.89382], "texture": "#1"}
			}
		},
		{
			"from": [3.2064, 22, 4.25731],
			"to": [11.2064, 32, 12.25731],
			"rotation": {"angle": 22.5, "axis": "y", "origin": [7.2064, 26.75, 5.50731]},
			"faces": {
				"north": {"uv": [11, 2, 15, 7], "texture": "#1"},
				"east": {"uv": [8, 2, 12, 7], "texture": "#1"},
				"south": {"uv": [1.5, 2, 5.5, 7], "texture": "#1"},
				"west": {"uv": [6.5, 6, 10.5, 11], "texture": "#1"},
				"up": {"uv": [11.5, 5.5, 15.5, 9.5], "texture": "#1"},
				"down": {"uv": [1.6032, 9.87134, 5.6032, 13.87134], "texture": "#1"}
			}
		},
		{
			"from": [6.2064, 25, 1.25731],
			"to": [8.2064, 28, 4.25731],
			"rotation": {"angle": 22.5, "axis": "y", "origin": [7.2064, 26.75, 5.50731]},
			"faces": {
				"north": {"uv": [11.8968, 2, 12.8968, 3.5], "texture": "#1"},
				"east": {"uv": [13.87134, 2, 15.37134, 3.5], "texture": "#1"},
				"south": {"uv": [3.1032, 2, 4.1032, 3.5], "texture": "#1"},
				"west": {"uv": [6.5, 5.5, 8, 7], "texture": "#1"},
				"up": {"uv": [3.1032, 0.62866, 4.1032, 2.12866], "texture": "#1"},
				"down": {"uv": [3.1032, 13.87134, 4.1032, 15.37134], "texture": "#1"}
			}
		},
		{
			"from": [1, 11.9, 12.5],
			"to": [4, 20.9, 16.5],
			"rotation": {"angle": -22.5, "axis": "x", "origin": [0, 3.5, 8]},
			"faces": {
				"north": {"uv": [14, 5.55, 15.5, 10.05], "texture": "#1"},
				"east": {"uv": [7.75, 5.55, 9.75, 10.05], "texture": "#1"},
				"south": {"uv": [0.5, 5.55, 2, 10.05], "texture": "#1"},
				"west": {"uv": [6.5, 5.5, 8.5, 10], "texture": "#1"},
				"up": {"uv": [0.5, 6.25, 2, 8.25], "rotation": 180, "texture": "#1"},
				"down": {"uv": [0.5, 7.75, 2, 9.75], "rotation": 180, "texture": "#1"}
			}
		},
		{
			"from": [1, 10.9, 12.5],
			"to": [4, 11.9, 16.5],
			"rotation": {"angle": -22.5, "axis": "x", "origin": [0, 3.5, 8]},
			"faces": {
				"north": {"uv": [14, 10.05, 15.5, 10.55], "rotation": 180, "texture": "#1"},
				"east": {"uv": [7.75, 10.05, 9.75, 10.55], "rotation": 180, "texture": "#1"},
				"south": {"uv": [0.5, 10.05, 2, 10.55], "texture": "#1"},
				"west": {"uv": [6.5, 5.5, 8.5, 6], "texture": "#1"},
				"up": {"uv": [0.5, 6.25, 2, 8.25], "rotation": 180, "texture": "#1"},
				"down": {"uv": [0.5, 7.75, 2, 9.75], "rotation": 180, "texture": "#1"}
			}
		},
		{
			"from": [1, 7.9, 12.5],
			"to": [4, 10.9, 16.5],
			"rotation": {"angle": -22.5, "axis": "x", "origin": [0, 3.5, 8]},
			"faces": {
				"north": {"uv": [14, 10.55, 15.5, 12.05], "rotation": 180, "texture": "#1"},
				"east": {"uv": [7.75, 10.55, 9.75, 12.05], "texture": "#1"},
				"south": {"uv": [0.5, 10.55, 2, 12.05], "texture": "#1"},
				"west": {"uv": [6.5, 5.5, 8.5, 7], "texture": "#1"},
				"up": {"uv": [0.5, 6.25, 2, 8.25], "rotation": 180, "texture": "#1"},
				"down": {"uv": [0.5, 7.75, 2, 9.75], "rotation": 270, "texture": "#1"}
			}
		},
		{
			"from": [11.5, 14, -4],
			"to": [15.5, 19, 0],
			"rotation": {"angle": -22.5, "axis": "x", "origin": [12.72564, 17.02979, -0.16364]},
			"faces": {
				"north": {"uv": [8.25, 6.5, 10.25, 9], "texture": "#1"},
				"east": {"uv": [11, 6, 13, 8.5], "texture": "#1"},
				"south": {"uv": [5.75, 6.5, 7.75, 9], "texture": "#1"},
				"west": {"uv": [6.5, 5.5, 8.5, 8], "texture": "#1"},
				"up": {"uv": [5.75, 0, 7.75, 0], "rotation": 90, "texture": "#1"},
				"down": {"uv": [5.75, 16, 7.75, 16], "rotation": 90, "texture": "#1"}
			}
		},
		{
			"from": [11.5005, 19.43598, -3.03274],
			"to": [15.4995, 22.43598, -1.53274],
			"rotation": {"angle": -45, "axis": "x", "origin": [12.72564, 17.02979, -0.16364]},
			"faces": {
				"north": {"uv": [8.25025, 4.78201, 10.24975, 6.28201], "texture": "#1"},
				"east": {"uv": [12, 4, 12.75, 5.5], "texture": "#1"},
				"south": {"uv": [5.75025, 4.78201, 7.74975, 6.28201], "texture": "#1"},
				"west": {"uv": [6.5, 5.5, 7.25, 7], "texture": "#1"},
				"up": {"uv": [5.75025, 0, 7.74975, 0], "texture": "#1"},
				"down": {"uv": [5.75025, 16, 7.74975, 16], "rotation": 90, "texture": "#1"}
			}
		},
		{
			"from": [8.62519, 15.5, -3.23894],
			"to": [11.12519, 18, -1.73894],
			"rotation": {"angle": -22.5, "axis": "x", "origin": [12.72564, 17.02979, -0.16364]},
			"faces": {
				"north": {"uv": [10.43741, 7, 11.68741, 8.25], "texture": "#1"},
				"east": {"uv": [16, 7, 16, 8.25], "texture": "#1"},
				"south": {"uv": [4.3126, 7, 5.5626, 8.25], "texture": "#1"},
				"west": {"uv": [6.5, 5.5, 7.25, 6.75], "texture": "#1"},
				"up": {"uv": [4.3126, 0, 5.5626, 0], "texture": "#1"},
				"down": {"uv": [4.3126, 16, 5.5626, 16], "texture": "#1"}
			}
		},
		{
			"from": [11.5, 14, 1],
			"to": [15.5, 19, 2],
			"rotation": {"angle": -22.5, "axis": "x", "origin": [12.72564, 17.02979, -0.16364]},
			"faces": {
				"north": {"uv": [8.25, 6.5, 10.25, 9], "texture": "#1"},
				"east": {"uv": [15, 6.5, 15.5, 9], "rotation": 180, "texture": "#1"},
				"south": {"uv": [5.75, 6.5, 7.75, 9], "texture": "#1"},
				"west": {"uv": [6.5, 5.5, 7, 8], "texture": "#1"},
				"up": {"uv": [5.75, 0.5, 7.75, 1], "rotation": 90, "texture": "#1"},
				"down": {"uv": [5.75, 15, 7.75, 15.5], "rotation": 270, "texture": "#1"}
			}
		},
		{
			"from": [11.75, 14.25, 0],
			"to": [15.25, 18.75, 1],
			"rotation": {"angle": -22.5, "axis": "x", "origin": [12.72564, 17.02979, -0.16364]},
			"faces": {
				"north": {"uv": [8.375, 6.625, 10.125, 8.875], "texture": "#1"},
				"east": {"uv": [15.5, 6.625, 16, 8.875], "texture": "#1"},
				"south": {"uv": [5.875, 6.625, 7.625, 8.875], "texture": "#1"},
				"west": {"uv": [6.5, 5.5, 7, 7.75], "texture": "#1"},
				"up": {"uv": [5.875, 0, 7.625, 0.5], "rotation": 90, "texture": "#1"},
				"down": {"uv": [5.875, 15.5, 7.625, 16], "rotation": 90, "texture": "#1"}
			}
		},
		{
			"from": [10.75, 15, -2.5],
			"to": [12.75, 17, 1.5],
			"rotation": {"angle": -22.5, "axis": "x", "origin": [12.72564, 17.02979, -0.16364]},
			"faces": {
				"north": {"uv": [9.625, 7.5, 10.625, 8.5], "texture": "#1"},
				"east": {"uv": [15.25, 7.5, 16, 8.5], "texture": "#1"},
				"south": {"uv": [5.375, 7.5, 6.375, 8.5], "texture": "#1"},
				"west": {"uv": [6.5, 5.5, 8.5, 6.5], "texture": "#1"},
				"up": {"uv": [5.375, 0, 6.375, 0.75], "rotation": 90, "texture": "#1"},
				"down": {"uv": [5.375, 15.25, 6.375, 16], "rotation": 90, "texture": "#1"}
			}
		},
		{
			"from": [11, 17, 0.25],
			"to": [11.5, 18, 0.75],
			"rotation": {"angle": -22.5, "axis": "x", "origin": [12.72564, 17.02979, -0.16364]},
			"faces": {
				"north": {"uv": [10.25, 7, 10.5, 7.5], "rotation": 180, "texture": "#1"},
				"east": {"uv": [15.625, 7, 15.875, 7.5], "rotation": 180, "texture": "#1"},
				"south": {"uv": [5.5, 7, 5.75, 7.5], "rotation": 180, "texture": "#1"},
				"west": {"uv": [6.5, 5.5, 6.75, 6], "rotation": 180, "texture": "#1"},
				"up": {"uv": [5.5, 0.125, 5.75, 0.375], "rotation": 180, "texture": "#1"},
				"down": {"uv": [5.5, 15.625, 5.75, 15.875], "rotation": 180, "texture": "#1"}
			}
		},
		{
			"from": [11, 18, 0.25],
			"to": [12, 18.5, 0.75],
			"rotation": {"angle": -22.5, "axis": "x", "origin": [12.72564, 17.02979, -0.16364]},
			"faces": {
				"north": {"uv": [10, 6.75, 10.5, 7], "rotation": 90, "texture": "#1"},
				"east": {"uv": [15.625, 6.75, 15.875, 7], "rotation": 90, "texture": "#1"},
				"south": {"uv": [5.5, 6.75, 5.75, 7.25], "rotation": 270, "texture": "#1"},
				"west": {"uv": [6.5, 5.5, 6.75, 5.75], "rotation": 90, "texture": "#1"},
				"up": {"uv": [5.5, 0.125, 6, 0.375], "rotation": 270, "texture": "#1"},
				"down": {"uv": [5.5, 15.625, 6, 15.875], "rotation": 90, "texture": "#1"}
			}
		},
		{
			"from": [12, 14.5, 1.073],
			"to": [15, 18.5, 10.073],
			"rotation": {"angle": -22.5, "axis": "x", "origin": [12.72564, 17.02979, -0.16364]},
			"faces": {
				"north": {"uv": [8.5, 6.75, 10, 8.75], "rotation": 180, "texture": "#1"},
				"east": {"uv": [10.9635, 6.75, 15.4635, 8.75], "rotation": 270, "texture": "#1"},
				"south": {"uv": [6, 6.75, 7.5, 8.75], "texture": "#1"},
				"west": {"uv": [6.5, 5.5, 8.5, 10], "rotation": 90, "texture": "#1"},
				"up": {"uv": [6, 0.5365, 7.5, 5.0365], "rotation": 180, "texture": "#1"},
				"down": {"uv": [6, 10.9635, 7.5, 15.4635], "texture": "#1"}
			}
		},
		{
			"from": [12, 14.5, 0.073],
			"to": [15, 18.5, 1.073],
			"rotation": {"angle": -22.5, "axis": "x", "origin": [12.72564, 17.02979, -0.16364]},
			"faces": {
				"north": {"uv": [8.5, 6.75, 10, 8.75], "rotation": 180, "texture": "#1"},
				"east": {"uv": [15.4635, 6.75, 15.9635, 8.75], "rotation": 270, "texture": "#1"},
				"south": {"uv": [6, 6.75, 7.5, 8.75], "texture": "#1"},
				"west": {"uv": [6.5, 5.5, 8.5, 6], "rotation": 270, "texture": "#1"},
				"up": {"uv": [6, 0.0365, 7.5, 0.5365], "rotation": 180, "texture": "#1"},
				"down": {"uv": [6, 15.4635, 7.5, 15.9635], "rotation": 180, "texture": "#1"}
			}
		},
		{
			"from": [12, 14.5, -2.927],
			"to": [15, 18.5, 0.073],
			"rotation": {"angle": -22.5, "axis": "x", "origin": [12.72564, 17.02979, -0.16364]},
			"faces": {
				"north": {"uv": [8.5, 6.75, 10, 8.75], "rotation": 270, "texture": "#1"},
				"east": {"uv": [15.9635, 6.75, 16, 8.75], "rotation": 270, "texture": "#1"},
				"south": {"uv": [6, 6.75, 7.5, 8.75], "texture": "#1"},
				"west": {"uv": [6.5, 5.5, 8.5, 7], "rotation": 90, "texture": "#1"},
				"up": {"uv": [6, 0, 7.5, 0.0365], "rotation": 180, "texture": "#1"},
				"down": {"uv": [6, 15.9635, 7.5, 16], "rotation": 180, "texture": "#1"}
			}
		},
		{
			"from": [8, -0.77791, 3.85614],
			"to": [12, 11.22209, 7.85614],
			"rotation": {"angle": 22.5, "axis": "x", "origin": [9.9995, 5.22209, 5.85614]},
			"faces": {
				"north": {"uv": [10, 10.38895, 12, 16], "texture": "#1"},
				"east": {"uv": [12.07193, 10.38895, 14.07193, 16], "texture": "#1"},
				"south": {"uv": [4, 10.38895, 6, 16.38896], "texture": "#1"},
				"west": {"uv": [6.5, 5.5, 8.5, 11.5], "texture": "#1"},
				"up": {"uv": [4, 1.92807, 6, 3.92807], "texture": "#1"},
				"down": {"uv": [4, 12.07193, 6, 14.07193], "texture": "#1"}
			}
		}
	],
	"display": {
		"thirdperson_righthand": {
			"rotation": [59, 0, 0],
			"translation": [-0.5, -3.25, 8.15]
		},
		"thirdperson_lefthand": {
			"rotation": [67.5, 0, 0],
			"translation": [-0.5, -2.75, 8.2]
		},
		"firstperson_righthand": {
			"rotation": [4, 3, -11],
			"translation": [-4, -1.25, 6]
		},
		"firstperson_lefthand": {
			"rotation": [137, 18, -11],
			"translation": [0, -0.25, 1.25],
			"scale": [0, 0, 0]
		},
		"ground": {
			"scale": [0, 0, 0]
		},
		"gui": {
			"rotation": [0, 142, 0],
			"translation": [0, -3.5, 0],
			"scale": [0.4625, 0.4625, 0.4625]
		},
		"head": {
			"rotation": [0, -18, 0],
			"translation": [0, -15.6, 0],
			"scale": [3.2, 3.2, 3.2]
		}
	},
	"groups": [0,
		{
			"name": "leg2",
			"origin": [0, 0, 0],
			"color": 0,
			"children": [1]
		},
		{
			"name": "body",
			"origin": [0, 0, 0],
			"color": 0,
			"children": []
		},
		{
			"name": "coal3",
			"origin": [8, 8, 8],
			"color": 0,
			"children": [2, 3]
		},
		{
			"name": "carrot_on_a_stick2",
			"origin": [8, 8, 8],
			"color": 0,
			"children": [4, 5, 6]
		},
		{
			"name": "wooden_hoe5",
			"origin": [8, 8, 8],
			"color": 0,
			"children": [
				{
					"name": "gun",
					"origin": [0, 0, 0],
					"color": 0,
					"children": [7, 8, 9, 10, 11, 12, 13, 14]
				},
				{
					"name": "group",
					"origin": [8, 8, 8],
					"color": 0,
					"children": [15, 16, 17]
				}
			]
		},
		{
			"name": "leg2",
			"origin": [0, 0, 0],
			"color": 0,
			"children": [18]
		}
	]
}