{
	"credit": "Made with Blockbench",
	"texture_size": [32, 32],
	"textures": {
		"1": "items/weapon7",
		"1_1": "items/weapon6"
	},
	"elements": [
		{
			"from": [5.99732, 6.09566, 7.86667],
			"to": [9.99732, 11.09566, 13.86667],
			"rotation": {"angle": 0, "axis": "y", "origin": [5.99732, 4.09566, 13.86667]},
			"faces": {
				"north": {"uv": [7.25, 0.25, 9.75, 2.25], "rotation": 90, "texture": "#1"},
				"east": {"uv": [0.25, 0.25, 3.25, 2.75], "texture": "#1"},
				"south": {"uv": [7.25, 0.25, 9.75, 2.25], "rotation": 90, "texture": "#1"},
				"west": {"uv": [0.25, 0.25, 3.25, 2.75], "texture": "#1"},
				"up": {"uv": [3.75, 0.25, 6.75, 2.25], "rotation": 90, "texture": "#1"},
				"down": {"uv": [3.75, 0.25, 6.75, 2.25], "rotation": 90, "texture": "#1"}
			}
		},
		{
			"from": [6.99732, 8.59566, -0.13333],
			"to": [8.99732, 10.59566, 7.86667],
			"rotation": {"angle": 0, "axis": "y", "origin": [5.99732, 4.09566, 13.86667]},
			"faces": {
				"north": {"uv": [6.5, 0.25, 8.5, 2.75], "texture": "#missing"},
				"east": {"uv": [10.25, 1.75, 14.25, 2.75], "texture": "#1"},
				"south": {"uv": [3.25, 0.25, 5.25, 2.75], "texture": "#missing"},
				"west": {"uv": [10.25, 1.75, 14.25, 2.75], "rotation": 180, "texture": "#1"},
				"up": {"uv": [10.25, 1.75, 14.25, 2.75], "rotation": 270, "texture": "#1"},
				"down": {"uv": [10.25, 1.75, 14.25, 2.75], "rotation": 90, "texture": "#1"}
			}
		},
		{
			"from": [6.49732, 8.09566, -1.13333],
			"to": [9.49732, 11.09566, -0.13333],
			"rotation": {"angle": 0, "axis": "y", "origin": [5.99732, 4.09566, 13.86667]},
			"faces": {
				"north": {"uv": [10.25, 3.25, 11.75, 4.75], "texture": "#1"},
				"east": {"uv": [12, 3.25, 12.5, 4.75], "texture": "#1"},
				"south": {"uv": [12.5, 3.25, 14, 4.75], "texture": "#1"},
				"west": {"uv": [12, 3.25, 12.5, 4.75], "rotation": 180, "texture": "#1"},
				"up": {"uv": [12, 3.25, 12.5, 4.75], "rotation": 270, "texture": "#1"},
				"down": {"uv": [12, 3.25, 12.5, 4.75], "rotation": 90, "texture": "#1"}
			}
		},
		{
			"from": [7.49732, 8.09566, 2.86667],
			"to": [8.49732, 9.09566, 7.86667],
			"rotation": {"angle": 0, "axis": "y", "origin": [5.99732, 4.09566, 13.86667]},
			"faces": {
				"north": {"uv": [3.75, 3.5, 4.25, 4], "texture": "#1"},
				"east": {"uv": [4.25, 3.75, 6.75, 4.25], "texture": "#1"},
				"south": {"uv": [3.25, 0.25, 5.25, 2.75], "texture": "#missing"},
				"west": {"uv": [4.25, 3.75, 6.75, 4.25], "texture": "#1"},
				"up": {"uv": [6.5, 0.25, 8.5, 2.75], "texture": "#missing"},
				"down": {"uv": [6.5, 0.25, 8.5, 2.75], "texture": "#missing"}
			}
		},
		{
			"from": [5.74732, 2.59566, 7.36667],
			"to": [10.24732, 7.09566, 12.36667],
			"rotation": {"angle": -45, "axis": "z", "origin": [7.99732, 4.84566, 6.36667]},
			"faces": {
				"north": {"uv": [0.25, 3.25, 2.5, 5.5], "rotation": 90, "texture": "#1"},
				"east": {"uv": [5.75, 3.25, 8.25, 5.5], "texture": "#1"},
				"south": {"uv": [0.25, 3.25, 2.5, 5.5], "rotation": 180, "texture": "#1"},
				"west": {"uv": [2.75, 3.25, 5.25, 5.5], "rotation": 180, "texture": "#1"},
				"up": {"uv": [5.75, 3.25, 8.25, 5.5], "rotation": 90, "texture": "#1"},
				"down": {"uv": [2.75, 3.25, 5.25, 5.5], "rotation": 270, "texture": "#1"}
			}
		},
		{
			"from": [6.99732, 6.09566, 1.86667],
			"to": [8.99732, 8.09566, 7.86667],
			"rotation": {"angle": 0, "axis": "y", "origin": [5.99732, 4.09566, 13.86667]},
			"faces": {
				"north": {"uv": [13.75, 0.25, 14.75, 1.25], "texture": "#1"},
				"east": {"uv": [10.25, 0.25, 13.25, 1.25], "texture": "#1"},
				"south": {"uv": [3.25, 0.25, 5.25, 2.75], "texture": "#missing"},
				"west": {"uv": [10.25, 0.25, 13.25, 1.25], "rotation": 180, "texture": "#1"},
				"up": {"uv": [10.25, 0.25, 13.25, 1.25], "rotation": 270, "texture": "#1"},
				"down": {"uv": [10.25, 0.25, 13.25, 1.25], "rotation": 90, "texture": "#1"}
			}
		},
		{
			"from": [6.74732, 5.09566, 2.36667],
			"to": [9.24732, 7.09566, 6.86667],
			"rotation": {"angle": 0, "axis": "y", "origin": [5.99732, 4.09566, 13.86667]},
			"faces": {
				"north": {"uv": [0.25, 6, 1.5, 7], "texture": "#1"},
				"east": {"uv": [0.25, 6, 2.5, 7], "texture": "#1"},
				"south": {"uv": [0.25, 6, 1.5, 7], "texture": "#1"},
				"west": {"uv": [0.25, 6, 2.5, 7], "texture": "#1"},
				"up": {"uv": [0.25, 6, 2.5, 6.25], "rotation": 90, "texture": "#1"},
				"down": {"uv": [0.25, 5.75, 2.5, 7], "rotation": 90, "texture": "#1"}
			}
		},
		{
			"from": [6.74732, 9.59566, 5.86667],
			"to": [9.24732, 11.59566, 10.36667],
			"rotation": {"angle": 0, "axis": "y", "origin": [5.99732, 12.59566, 16.86667]},
			"faces": {
				"north": {"uv": [0.25, 7, 1.5, 6], "texture": "#1"},
				"east": {"uv": [0.25, 7, 2.5, 6], "texture": "#1"},
				"south": {"uv": [0.25, 7, 1.5, 6], "texture": "#1"},
				"west": {"uv": [0.25, 7, 2.5, 6], "texture": "#1"},
				"up": {"uv": [2.5, 5.75, 0.25, 7], "rotation": 90, "texture": "#1"},
				"down": {"uv": [2.5, 6, 0.25, 6.25], "rotation": 90, "texture": "#1"}
			}
		},
		{
			"from": [4.19732, 7.24566, 9.86667],
			"to": [6.69732, 8.74566, 11.36667],
			"rotation": {"angle": 22.5, "axis": "z", "origin": [4.24732, 9.34566, 11.11667]},
			"faces": {
				"north": {"uv": [3, 6, 3.75, 7.25], "rotation": 90, "texture": "#1"},
				"east": {"uv": [0.25, 0.25, 2.75, 2.75], "texture": "#missing"},
				"south": {"uv": [3, 6, 3.75, 7.25], "rotation": 90, "texture": "#1"},
				"west": {"uv": [0.25, 0.25, 2.75, 2.75], "texture": "#missing"},
				"up": {"uv": [3, 6, 3.75, 7.25], "rotation": 90, "texture": "#1"},
				"down": {"uv": [3, 6, 3.75, 7.25], "rotation": 90, "texture": "#1"}
			}
		},
		{
			"from": [2.69732, 6.99566, 9.61667],
			"to": [4.19732, 8.99566, 11.61667],
			"rotation": {"angle": 22.5, "axis": "z", "origin": [4.24732, 9.34566, 11.11667]},
			"faces": {
				"north": {"uv": [5.25, 6, 6, 7], "texture": "#1"},
				"east": {"uv": [4.25, 6, 5.25, 7], "texture": "#1"},
				"south": {"uv": [5.25, 6, 6, 7], "texture": "#1"},
				"west": {"uv": [4.25, 6, 5.25, 7], "texture": "#1"},
				"up": {"uv": [5.25, 6, 6, 7], "texture": "#1"},
				"down": {"uv": [5.25, 6, 6, 7], "texture": "#1"}
			}
		},
		{
			"from": [5.99732, 6.09566, 14.36667],
			"to": [9.99732, 11.09566, 14.86667],
			"rotation": {"angle": 0, "axis": "y", "origin": [5.99732, 4.09566, 13.86667]},
			"faces": {
				"north": {"uv": [7.25, 0.25, 9.75, 2.25], "rotation": 90, "texture": "#1"},
				"east": {"uv": [0.25, 2.5, 2.75, 2.75], "rotation": 90, "texture": "#1"},
				"south": {"uv": [7.25, 0.25, 9.75, 2.25], "rotation": 90, "texture": "#1"},
				"west": {"uv": [0.25, 2.5, 2.75, 2.75], "rotation": 90, "texture": "#1"},
				"up": {"uv": [3.75, 0.25, 4, 2.25], "rotation": 90, "texture": "#1"},
				"down": {"uv": [3.75, 0.25, 4, 2.25], "rotation": 90, "texture": "#1"}
			}
		},
		{
			"from": [6.24732, 6.34566, 13.86667],
			"to": [9.74732, 10.84566, 14.36667],
			"rotation": {"angle": 0, "axis": "y", "origin": [5.99732, 4.09566, 13.86667]},
			"faces": {
				"north": {"uv": [5.75, 0.25, 6, 2.5], "texture": "#1"},
				"east": {"uv": [9, 3.25, 9.25, 5.5], "texture": "#1"},
				"south": {"uv": [2, 0.25, 4, 2.75], "texture": "#missing"},
				"west": {"uv": [9, 3.25, 9.25, 5.5], "texture": "#1"},
				"up": {"uv": [9, 3.5, 9.25, 5.25], "rotation": 90, "texture": "#1"},
				"down": {"uv": [9, 3.5, 9.25, 5.25], "rotation": 90, "texture": "#1"}
			}
		},
		{
			"from": [9.63749, 6.11083, 7.36667],
			"to": [11.63749, 8.11083, 14.36667],
			"rotation": {"angle": -45, "axis": "z", "origin": [10.37232, 6.84566, 10.86667]},
			"faces": {
				"north": {"uv": [5.25, 4.25, 4.25, 3.25], "texture": "#1_1"},
				"east": {"uv": [3.75, 4.25, 0.25, 3.25], "texture": "#1_1"},
				"south": {"uv": [5.25, 4.25, 4.25, 3.25], "texture": "#1_1"},
				"west": {"uv": [3.75, 4.25, 0.25, 3.25], "texture": "#1_1"},
				"up": {"uv": [0.25, 3.25, 3.75, 4.25], "rotation": 90, "texture": "#1_1"},
				"down": {"uv": [0.25, 3.25, 3.75, 4.25], "rotation": 90, "texture": "#1_1"}
			}
		},
		{
			"from": [10.74732, 7.09566, 5.36667],
			"to": [11.24732, 7.59566, 7.86667],
			"rotation": {"angle": 0, "axis": "z", "origin": [10.24732, 7.34566, 6.11667]},
			"faces": {
				"north": {"uv": [6.75, 1.75, 6.5, 2], "texture": "#1_1"},
				"east": {"uv": [7.75, 1.5, 6.5, 1.75], "rotation": 180, "texture": "#1_1"},
				"south": {"uv": [6.25, 1.75, 7.5, 1.5], "rotation": 90, "texture": "#1_1"},
				"west": {"uv": [7.75, 1.5, 6.5, 1.75], "rotation": 180, "texture": "#1_1"},
				"up": {"uv": [6.5, 1.75, 7.75, 1.5], "rotation": 90, "texture": "#1_1"},
				"down": {"uv": [6.5, 1.75, 7.75, 1.5], "rotation": 90, "texture": "#1_1"}
			}
		},
		{
			"from": [8.24732, 7.09566, 5.36667],
			"to": [10.74732, 7.59566, 5.86667],
			"rotation": {"angle": 0, "axis": "z", "origin": [10.24732, 7.34566, 6.11667]},
			"faces": {
				"north": {"uv": [7.5, 1.5, 6.25, 1.75], "texture": "#1_1"},
				"east": {"uv": [7.5, 1.5, 6.25, 1.75], "rotation": 180, "texture": "#1_1"},
				"south": {"uv": [7.5, 1.5, 6.25, 1.75], "rotation": 180, "texture": "#1_1"},
				"west": {"uv": [7.5, 1.5, 6.25, 1.75], "rotation": 180, "texture": "#1_1"},
				"up": {"uv": [7.5, 1.5, 6.25, 1.75], "rotation": 180, "texture": "#1_1"},
				"down": {"uv": [7.5, 1.5, 6.25, 1.75], "rotation": 180, "texture": "#1_1"}
			}
		}
	],
	"display": {
		"thirdperson_righthand": {
			"rotation": [59, 0, 0],
			"translation": [-0.5, -3.25, 8.15]
		},
		"thirdperson_lefthand": {
			"rotation": [67.5, 0, 0],
			"translation": [-0.5, -2.75, 8.2]
		},
		"firstperson_righthand": {
			"rotation": [4, 3, -11],
			"translation": [-4, -1.25, 6]
		},
		"firstperson_lefthand": {
			"rotation": [137, 18, -11],
			"translation": [0, -0.25, 1.25],
			"scale": [0, 0, 0]
		},
		"ground": {
			"translation": [0, 4, 0]
		},
		"gui": {
			"rotation": [20, 135, 0],
			"translation": [0.5, 0, 0]
		}
	},
	"groups": [
		{
			"name": "gun",
			"origin": [0, 0, 0],
			"color": 0,
			"children": [0, 1, 2, 3, 4, 5, 6, 7, 8, 9, 10, 11, 12, 13, 14]
		}
	]
}