{
	"credit": "Made with Blockbench",
	"texture_size": [32, 32],
	"textures": {
		"1": "items/weapon10"
	},
	"elements": [
		{
			"from": [6, 5.50905, 8.77963],
			"to": [10, 10.50905, 13.77963],
			"rotation": {"angle": 0, "axis": "y", "origin": [6, 3.50905, 13.77963]},
			"faces": {
				"north": {"uv": [4, 2.75, 6.5, 4.75], "rotation": 270, "texture": "#1"},
				"east": {"uv": [1, 3, 3.5, 5.5], "texture": "#1"},
				"south": {"uv": [4, 0.25, 6.5, 2.25], "rotation": 90, "texture": "#1"},
				"west": {"uv": [1, 0.25, 3.5, 2.75], "rotation": 180, "texture": "#1"},
				"up": {"uv": [4, 0.25, 6.5, 2.25], "rotation": 270, "texture": "#1"},
				"down": {"uv": [4, 0.25, 6.5, 2.25], "rotation": 90, "texture": "#1"}
			}
		},
		{
			"from": [5.03033, 3.30714, 10.77963],
			"to": [6.53033, 7.30714, 12.77963],
			"rotation": {"angle": -45, "axis": "z", "origin": [5.78033, 5.30714, 11.77963]},
			"faces": {
				"north": {"uv": [11.5, 1.75, 12.25, 3.75], "texture": "#1"},
				"east": {"uv": [10, 1.75, 11, 3.75], "texture": "#1"},
				"south": {"uv": [11.5, 1.75, 12.25, 3.75], "texture": "#1"},
				"west": {"uv": [10, 1.75, 11, 3.75], "texture": "#1"},
				"up": {"uv": [12.75, 1.75, 13.75, 2.5], "rotation": 90, "texture": "#1"},
				"down": {"uv": [12.75, 1.75, 13.75, 2.5], "rotation": 90, "texture": "#1"}
			}
		},
		{
			"from": [9.46967, 3.30714, 10.77963],
			"to": [10.96967, 7.30714, 12.77963],
			"rotation": {"angle": 45, "axis": "z", "origin": [10.21967, 5.30714, 11.77963]},
			"faces": {
				"north": {"uv": [12.25, 1.75, 11.5, 3.75], "texture": "#1"},
				"east": {"uv": [11, 1.75, 10, 3.75], "texture": "#1"},
				"south": {"uv": [12.25, 1.75, 11.5, 3.75], "texture": "#1"},
				"west": {"uv": [11, 1.75, 10, 3.75], "texture": "#1"},
				"up": {"uv": [12.75, 2.5, 13.75, 1.75], "rotation": 90, "texture": "#1"},
				"down": {"uv": [12.75, 2.5, 13.75, 1.75], "rotation": 90, "texture": "#1"}
			}
		},
		{
			"from": [6.5, 7.50905, 5.77963],
			"to": [9.5, 10.50905, 8.77963],
			"rotation": {"angle": 0, "axis": "y", "origin": [4, 3.50905, 13.77963]},
			"faces": {
				"north": {"uv": [2, 4, 2.25, 5.5], "rotation": 180, "texture": "#1"},
				"east": {"uv": [2, 4, 3.5, 5.5], "rotation": 180, "texture": "#1"},
				"south": {"uv": [5, 0.5, 6.5, 2.5], "rotation": 270, "texture": "#missing"},
				"west": {"uv": [2, 0.25, 3.5, 1.75], "texture": "#1"},
				"up": {"uv": [1, 6, 2.5, 7.5], "rotation": 90, "texture": "#1"},
				"down": {"uv": [3, 0.5, 4.5, 2.5], "rotation": 90, "texture": "#missing"}
			}
		},
		{
			"from": [7.25, 8.75905, 0.77963],
			"to": [8.75, 10.25905, 5.77963],
			"rotation": {"angle": 0, "axis": "y", "origin": [4, 3.50905, 13.77963]},
			"faces": {
				"north": {"uv": [14.25, 1.5, 15, 2.25], "rotation": 270, "texture": "#1"},
				"east": {"uv": [12.5, 0.25, 15, 1], "rotation": 180, "texture": "#1"},
				"south": {"uv": [5, 0.5, 6.5, 2.5], "rotation": 270, "texture": "#missing"},
				"west": {"uv": [12.5, 0.25, 15, 1], "texture": "#1"},
				"up": {"uv": [12.5, 0.25, 15, 1], "rotation": 90, "texture": "#1"},
				"down": {"uv": [12.5, 0.25, 15, 1], "rotation": 270, "texture": "#1"}
			}
		},
		{
			"from": [5.25038, 8.50905, 5.77871],
			"to": [7.25038, 10.50905, 5.77871],
			"rotation": {"angle": -22.5, "axis": "y", "origin": [7.25038, 9.75905, 5.77871]},
			"faces": {
				"north": {"uv": [14.25, 3.75, 15.25, 2.75], "rotation": 180, "texture": "#1"},
				"south": {"uv": [14.25, 3.75, 15.25, 2.75], "texture": "#1"}
			}
		},
		{
			"from": [8.74962, 8.50905, 5.77871],
			"to": [10.74962, 10.50905, 5.77871],
			"rotation": {"angle": 22.5, "axis": "y", "origin": [8.74962, 9.75905, 5.77871]},
			"faces": {
				"north": {"uv": [15.25, 3.75, 14.25, 2.75], "rotation": 180, "texture": "#1"},
				"south": {"uv": [15.25, 3.75, 14.25, 2.75], "texture": "#1"}
			}
		},
		{
			"from": [7.75, 9.25905, -1.22037],
			"to": [8.25, 9.75905, 0.77963],
			"rotation": {"angle": 0, "axis": "y", "origin": [4, 3.50905, 13.77963]},
			"faces": {
				"north": {"uv": [13.5, 3, 13.75, 3.25], "rotation": 180, "texture": "#1"},
				"east": {"uv": [12.75, 3, 13.75, 3.25], "texture": "#1"},
				"south": {"uv": [5, 0.5, 6.5, 2.5], "rotation": 270, "texture": "#missing"},
				"west": {"uv": [12.75, 3, 13.75, 3.25], "rotation": 180, "texture": "#1"},
				"up": {"uv": [12.75, 3, 13.75, 3.25], "rotation": 270, "texture": "#1"},
				"down": {"uv": [12.75, 3, 13.75, 3.25], "rotation": 90, "texture": "#1"}
			}
		},
		{
			"from": [7.25, 5.00905, 3.52963],
			"to": [8.75, 6.50905, 8.52963],
			"rotation": {"angle": 0, "axis": "y", "origin": [4, -0.24095, 16.52963]},
			"faces": {
				"north": {"uv": [14.25, 1.5, 15, 2.25], "rotation": 270, "texture": "#1"},
				"east": {"uv": [12.75, 4.25, 15.25, 5], "rotation": 180, "texture": "#1"},
				"south": {"uv": [14.75, 0.5, 14.8, 0.55], "rotation": 270, "texture": "#1"},
				"west": {"uv": [12.75, 4.25, 15.25, 5], "texture": "#1"},
				"up": {"uv": [12.75, 4.25, 15.25, 5], "rotation": 90, "texture": "#1"},
				"down": {"uv": [12.75, 4.25, 15.25, 5], "rotation": 270, "texture": "#1"}
			}
		},
		{
			"from": [5.25038, 4.75905, 8.52871],
			"to": [7.25038, 6.75905, 8.52871],
			"rotation": {"angle": -22.5, "axis": "y", "origin": [7.25038, 6.00905, 8.52871]},
			"faces": {
				"north": {"uv": [14.25, 3.75, 15.25, 2.75], "rotation": 180, "texture": "#1"},
				"south": {"uv": [14.25, 3.75, 15.25, 2.75], "texture": "#1"}
			}
		},
		{
			"from": [8.74962, 4.75905, 8.52871],
			"to": [10.74962, 6.75905, 8.52871],
			"rotation": {"angle": 22.5, "axis": "y", "origin": [8.74962, 6.00905, 8.52871]},
			"faces": {
				"north": {"uv": [15.25, 3.75, 14.25, 2.75], "rotation": 180, "texture": "#1"},
				"south": {"uv": [15.25, 3.75, 14.25, 2.75], "texture": "#1"}
			}
		},
		{
			"from": [7.75, 5.50905, 1.52963],
			"to": [8.25, 6.00905, 3.52963],
			"rotation": {"angle": 0, "axis": "y", "origin": [4, -0.24095, 16.52963]},
			"faces": {
				"north": {"uv": [13.5, 3, 13.75, 3.25], "rotation": 180, "texture": "#1"},
				"east": {"uv": [12.75, 3, 13.75, 3.25], "texture": "#1"},
				"south": {"uv": [5, 0.5, 6.5, 2.5], "rotation": 270, "texture": "#missing"},
				"west": {"uv": [12.75, 3, 13.75, 3.25], "rotation": 180, "texture": "#1"},
				"up": {"uv": [12.75, 3, 13.75, 3.25], "rotation": 270, "texture": "#1"},
				"down": {"uv": [12.75, 3, 13.75, 3.25], "rotation": 90, "texture": "#1"}
			}
		},
		{
			"from": [5.75, 6.50905, 3.77963],
			"to": [10.25, 8.50905, 8.77963],
			"rotation": {"angle": 0, "axis": "y", "origin": [4, 3.50905, 13.77963]},
			"faces": {
				"north": {"uv": [9.75, 0.25, 12, 1.25], "texture": "#1"},
				"east": {"uv": [7, 0.25, 9.5, 1.25], "texture": "#1"},
				"south": {"uv": [7, 0.25, 9.5, 1.25], "texture": "#1"},
				"west": {"uv": [7, 0.25, 9.5, 1.25], "texture": "#1"},
				"up": {"uv": [7, 2, 9.5, 4.25], "rotation": 270, "texture": "#1"},
				"down": {"uv": [8, 1.5, 8.05, 1.55], "texture": "#1"}
			}
		},
		{
			"from": [7, 10.25905, 7.77963],
			"to": [9, 11.75905, 12.77963],
			"rotation": {"angle": 0, "axis": "y", "origin": [4, 3.50905, 13.77963]},
			"faces": {
				"north": {"uv": [8.5, 5, 9.5, 5.75], "texture": "#1"},
				"east": {"uv": [7, 0.5, 9.5, 1.25], "texture": "#1"},
				"south": {"uv": [8.5, 5, 9.5, 5.75], "texture": "#1"},
				"west": {"uv": [7, 0.5, 9.5, 1.25], "texture": "#1"},
				"up": {"uv": [7, 4.75, 8, 7.25], "texture": "#1"},
				"down": {"uv": [3, 0.5, 4.5, 2.5], "rotation": 90, "texture": "#missing"}
			}
		},
		{
			"from": [7, 11.75905, 8.27963],
			"to": [9, 13.75905, 8.27963],
			"rotation": {"angle": 0, "axis": "y", "origin": [4, 3.50905, 13.77963]},
			"faces": {
				"north": {"uv": [8.5, 6.25, 9.5, 7.25], "texture": "#1"},
				"east": {"uv": [0.25, 0.25, 1.75, 2.75], "texture": "#missing"},
				"south": {"uv": [8.5, 6.25, 9.5, 7.25], "texture": "#1"},
				"west": {"uv": [0.25, 0.25, 1.75, 2.75], "rotation": 180, "texture": "#missing"},
				"up": {"uv": [3, 0.5, 4.5, 2.5], "rotation": 270, "texture": "#missing"},
				"down": {"uv": [3, 0.5, 4.5, 2.5], "rotation": 90, "texture": "#missing"}
			}
		},
		{
			"from": [6, 5.50905, 14.27963],
			"to": [10, 10.50905, 15.27963],
			"rotation": {"angle": 0, "axis": "y", "origin": [6, 3.50905, 13.77963]},
			"faces": {
				"north": {"uv": [4.05, 0.3, 4.1, 0.35], "rotation": 90, "texture": "#1"},
				"east": {"uv": [1, 0.25, 1.5, 2.75], "rotation": 180, "texture": "#1"},
				"south": {"uv": [4, 5.25, 6.5, 7.25], "rotation": 90, "texture": "#1"},
				"west": {"uv": [1, 0.25, 1.5, 2.75], "texture": "#1"},
				"up": {"uv": [4, 0.25, 4.5, 2.25], "rotation": 90, "texture": "#1"},
				"down": {"uv": [4, 0.25, 4.5, 2.25], "rotation": 270, "texture": "#1"}
			}
		},
		{
			"from": [6.25, 5.75905, 13.77963],
			"to": [9.75, 10.25905, 14.27963],
			"rotation": {"angle": 0, "axis": "y", "origin": [6, 3.50905, 13.77963]},
			"faces": {
				"north": {"uv": [0.25, 0.25, 0.5, 2.5], "texture": "#1"},
				"east": {"uv": [0.25, 0.25, 0.5, 2.5], "texture": "#1"},
				"south": {"uv": [0.25, 0.25, 0.5, 2.5], "texture": "#1"},
				"west": {"uv": [0.25, 0.25, 0.5, 2.5], "texture": "#1"},
				"up": {"uv": [0.25, 0.5, 0.5, 2.25], "rotation": 90, "texture": "#1"},
				"down": {"uv": [0.25, 0.5, 0.5, 2.25], "rotation": 90, "texture": "#1"}
			}
		}
	],
	"display": {
		"thirdperson_righthand": {
			"rotation": [59, 0, 0],
			"translation": [-0.5, -3.25, 8.15]
		},
		"thirdperson_lefthand": {
			"rotation": [67.5, 0, 0],
			"translation": [-0.5, -2.75, 8.2]
		},
		"firstperson_righthand": {
			"rotation": [4, 3, -11],
			"translation": [-4, -1.25, 6]
		},
		"firstperson_lefthand": {
			"rotation": [137, 18, -11],
			"translation": [0, -0.25, 1.25],
			"scale": [0, 0, 0]
		},
		"ground": {
			"translation": [0, 4, 0]
		},
		"gui": {
			"rotation": [20, 135, 0],
			"translation": [-0.25, 0, 0]
		}
	},
	"groups": [
		{
			"name": "gun",
			"origin": [0, 0, 0],
			"color": 0,
			"children": [0, 1, 2, 3,
				{
					"name": "group",
					"origin": [4, 5.5, 0],
					"color": 0,
					"children": [4, 5, 6, 7]
				},
				{
					"name": "group",
					"origin": [4, 5.5, 0],
					"color": 0,
					"children": [8, 9, 10, 11]
				}, 12, 13, 14, 15, 16]
		}
	]
}