{
	"credit": "Made with Blockbench",
	"texture_size": [32, 32],
	"textures": {
		"1": "items/weapon6"
	},
	"elements": [
		{
			"from": [6.86716, 6.51677, 8.05357],
			"to": [10.86716, 11.51677, 13.05357],
			"rotation": {"angle": 0, "axis": "y", "origin": [6.86716, 4.51677, 13.05357]},
			"faces": {
				"north": {"uv": [3.25, 0.25, 5.25, 2.75], "texture": "#1"},
				"east": {"uv": [0.25, 0.25, 2.75, 2.75], "texture": "#1"},
				"south": {"uv": [3.25, 0.25, 5.25, 2.75], "texture": "#1"},
				"west": {"uv": [0.25, 0.25, 2.75, 2.75], "texture": "#1"},
				"up": {"uv": [3.25, 0.25, 5.25, 2.75], "texture": "#1"},
				"down": {"uv": [3.25, 0.25, 5.25, 2.75], "texture": "#1"}
			}
		},
		{
			"from": [7.86716, 9.01677, 1.05357],
			"to": [9.86716, 11.01677, 8.05357],
			"rotation": {"angle": 0, "axis": "y", "origin": [6.86716, 4.51677, 13.05357]},
			"faces": {
				"north": {"uv": [3.25, 0.25, 5.25, 2.75], "texture": "#missing"},
				"east": {"uv": [6.5, 0.25, 10, 1.25], "rotation": 180, "texture": "#1"},
				"south": {"uv": [3.25, 0.25, 5.25, 2.75], "texture": "#missing"},
				"west": {"uv": [6.5, 0.25, 10, 1.25], "texture": "#1"},
				"up": {"uv": [6.5, 0.25, 10, 1.25], "rotation": 90, "texture": "#1"},
				"down": {"uv": [6.5, 0.25, 10, 1.25], "rotation": 270, "texture": "#1"}
			}
		},
		{
			"from": [4.47698, 8.28194, 7.05357],
			"to": [6.47698, 10.28194, 14.05357],
			"rotation": {"angle": 45, "axis": "z", "origin": [5.74216, 9.01677, 10.55357]},
			"faces": {
				"north": {"uv": [4.25, 4.25, 5.25, 3.25], "texture": "#1"},
				"east": {"uv": [0.25, 4.25, 3.75, 3.25], "texture": "#1"},
				"south": {"uv": [4.25, 4.25, 5.25, 3.25], "texture": "#1"},
				"west": {"uv": [0.25, 4.25, 3.75, 3.25], "texture": "#1"},
				"up": {"uv": [0.25, 4.25, 3.75, 3.25], "rotation": 90, "texture": "#1"},
				"down": {"uv": [0.25, 4.25, 3.75, 3.25], "rotation": 90, "texture": "#1"}
			}
		},
		{
			"from": [5.36716, 8.01677, 8.55357],
			"to": [6.86716, 10.01677, 12.55357],
			"rotation": {"angle": 0, "axis": "z", "origin": [5.74216, 9.01677, 10.55357]},
			"faces": {
				"north": {"uv": [7.75, 1.5, 6.75, 2.25], "rotation": 90, "texture": "#1"},
				"east": {"uv": [2.75, 0.25, 0.25, 2.75], "rotation": 180, "texture": "#missing"},
				"south": {"uv": [7.75, 1.5, 6.75, 2.25], "rotation": 270, "texture": "#1"},
				"west": {"uv": [2.75, 0.25, 0.25, 2.75], "rotation": 180, "texture": "#missing"},
				"up": {"uv": [8.75, 1.5, 6.75, 2.25], "rotation": 90, "texture": "#1"},
				"down": {"uv": [8.75, 1.5, 6.75, 2.25], "rotation": 90, "texture": "#1"}
			}
		},
		{
			"from": [8.36716, 7.01677, 4.05357],
			"to": [9.36716, 9.01677, 8.05357],
			"rotation": {"angle": 0, "axis": "y", "origin": [6.86716, 4.51677, 13.05357]},
			"faces": {
				"north": {"uv": [15.5, 0.25, 15.75, 1.25], "texture": "#1"},
				"east": {"uv": [13.75, 0.25, 15.75, 1.25], "texture": "#1"},
				"south": {"uv": [3.25, 0.25, 5.25, 2.75], "texture": "#missing"},
				"west": {"uv": [13.75, 1.75, 15.75, 2.75], "texture": "#1"},
				"up": {"uv": [13.75, 0.25, 15.75, 0.75], "rotation": 90, "texture": "#1"},
				"down": {"uv": [13.75, 1, 15.75, 1.25], "rotation": 90, "texture": "#1"}
			}
		},
		{
			"from": [7.36716, 1.51677, 7.80357],
			"to": [10.36716, 5.51677, 10.80357],
			"rotation": {"angle": 0, "axis": "y", "origin": [6.86716, 4.51677, 13.05357]},
			"faces": {
				"north": {"uv": [5.75, 3.25, 7.25, 5.25], "texture": "#1"},
				"east": {"uv": [5.75, 3.25, 7.25, 5.25], "texture": "#1"},
				"south": {"uv": [5.75, 3.25, 7.25, 5.25], "texture": "#1"},
				"west": {"uv": [5.75, 3.25, 7.25, 5.25], "texture": "#1"},
				"up": {"uv": [7.75, 3.25, 9.25, 4.75], "texture": "#1"},
				"down": {"uv": [7.75, 3.25, 9.25, 4.75], "texture": "#1"}
			}
		},
		{
			"from": [8.61716, 4.01677, 5.30357],
			"to": [9.11716, 4.51677, 7.80357],
			"rotation": {"angle": 0, "axis": "y", "origin": [6.86716, 4.51677, 13.05357]},
			"faces": {
				"north": {"uv": [6.5, 1.75, 6.75, 2], "texture": "#1"},
				"east": {"uv": [6.5, 1.5, 7.75, 1.75], "texture": "#1"},
				"south": {"uv": [6.25, 1.5, 7.5, 1.75], "texture": "#1"},
				"west": {"uv": [6.5, 1.5, 7.75, 1.75], "texture": "#1"},
				"up": {"uv": [6.5, 1.5, 7.75, 1.75], "rotation": 90, "texture": "#1"},
				"down": {"uv": [6.5, 1.5, 7.75, 1.75], "rotation": 90, "texture": "#1"}
			}
		},
		{
			"from": [4.86715, 9.26677, 5.05357],
			"to": [5.36716, 9.76677, 7.55357],
			"rotation": {"angle": 0, "axis": "z", "origin": [5.86716, 9.51677, 5.80357]},
			"faces": {
				"north": {"uv": [6.5, 1.75, 6.75, 2], "texture": "#1"},
				"east": {"uv": [6.5, 1.5, 7.75, 1.75], "rotation": 180, "texture": "#1"},
				"south": {"uv": [6.25, 1.5, 7.5, 1.75], "rotation": 90, "texture": "#1"},
				"west": {"uv": [6.5, 1.5, 7.75, 1.75], "rotation": 180, "texture": "#1"},
				"up": {"uv": [6.5, 1.5, 7.75, 1.75], "rotation": 90, "texture": "#1"},
				"down": {"uv": [6.5, 1.5, 7.75, 1.75], "rotation": 90, "texture": "#1"}
			}
		},
		{
			"from": [8.61716, 4.51677, 5.30357],
			"to": [9.11716, 7.01677, 5.80357],
			"rotation": {"angle": 0, "axis": "y", "origin": [6.86716, 4.51677, 13.05357]},
			"faces": {
				"north": {"uv": [6.25, 1.5, 7.5, 1.75], "rotation": 90, "texture": "#1"},
				"east": {"uv": [6.25, 1.5, 7.5, 1.75], "rotation": 90, "texture": "#1"},
				"south": {"uv": [6.25, 1.5, 7.5, 1.75], "rotation": 90, "texture": "#1"},
				"west": {"uv": [6.25, 1.5, 7.5, 1.75], "rotation": 90, "texture": "#1"},
				"up": {"uv": [6.25, 1.5, 7.5, 1.75], "rotation": 90, "texture": "#1"},
				"down": {"uv": [6.25, 1.5, 7.5, 1.75], "rotation": 90, "texture": "#1"}
			}
		},
		{
			"from": [5.36716, 9.26677, 5.05357],
			"to": [7.86716, 9.76677, 5.55357],
			"rotation": {"angle": 0, "axis": "z", "origin": [5.86716, 9.51677, 5.80357]},
			"faces": {
				"north": {"uv": [6.25, 1.5, 7.5, 1.75], "texture": "#1"},
				"east": {"uv": [6.25, 1.5, 7.5, 1.75], "rotation": 180, "texture": "#1"},
				"south": {"uv": [6.25, 1.5, 7.5, 1.75], "rotation": 180, "texture": "#1"},
				"west": {"uv": [6.25, 1.5, 7.5, 1.75], "rotation": 180, "texture": "#1"},
				"up": {"uv": [6.25, 1.5, 7.5, 1.75], "rotation": 180, "texture": "#1"},
				"down": {"uv": [6.25, 1.5, 7.5, 1.75], "rotation": 180, "texture": "#1"}
			}
		},
		{
			"from": [8.36716, 5.51677, 8.30357],
			"to": [9.36716, 6.51677, 10.30357],
			"rotation": {"angle": 0, "axis": "y", "origin": [6.86716, 4.51677, 13.05357]},
			"faces": {
				"north": {"uv": [7.25, 1.5, 7.75, 2], "rotation": 180, "texture": "#1"},
				"east": {"uv": [7.25, 1.5, 8.25, 2], "texture": "#1"},
				"south": {"uv": [7.25, 1.5, 7.75, 2], "rotation": 180, "texture": "#1"},
				"west": {"uv": [7.25, 1.5, 8.25, 2], "texture": "#1"},
				"up": {"uv": [3.25, 0.25, 5.25, 2.75], "texture": "#missing"},
				"down": {"uv": [3.25, 0.25, 5.25, 2.75], "texture": "#missing"}
			}
		},
		{
			"from": [7.36716, 8.51677, -0.44643],
			"to": [10.36716, 11.51677, 1.05357],
			"rotation": {"angle": 0, "axis": "y", "origin": [6.86716, 4.51677, 13.05357]},
			"faces": {
				"north": {"uv": [10.5, 0.25, 12, 1.75], "texture": "#1"},
				"east": {"uv": [12.5, 0.25, 13.25, 1.75], "texture": "#1"},
				"south": {"uv": [10.5, 0.25, 12, 1.75], "texture": "#1"},
				"west": {"uv": [12.5, 0.25, 13.25, 1.75], "texture": "#1"},
				"up": {"uv": [12.5, 0.25, 13.25, 1.75], "rotation": 90, "texture": "#1"},
				"down": {"uv": [12.5, 0.25, 13.25, 1.75], "rotation": 90, "texture": "#1"}
			}
		},
		{
			"from": [6.86716, 6.51677, 13.55357],
			"to": [10.86716, 11.51677, 14.05357],
			"rotation": {"angle": 0, "axis": "y", "origin": [6.86716, 4.51677, 13.05357]},
			"faces": {
				"north": {"uv": [3.25, 0.25, 5.25, 2.75], "texture": "#1"},
				"east": {"uv": [3.25, 0.25, 3.5, 2.75], "texture": "#1"},
				"south": {"uv": [3.25, 0.25, 5.25, 2.75], "texture": "#1"},
				"west": {"uv": [3.25, 0.25, 3.5, 2.75], "texture": "#1"},
				"up": {"uv": [3.25, 0.25, 5.25, 0.5], "texture": "#1"},
				"down": {"uv": [3.25, 0.25, 5.25, 0.5], "texture": "#1"}
			}
		},
		{
			"from": [7.11716, 6.76677, 13.05357],
			"to": [10.61716, 11.26677, 13.55357],
			"rotation": {"angle": 0, "axis": "y", "origin": [6.86716, 4.51677, 13.05357]},
			"faces": {
				"north": {"uv": [5.75, 0.25, 6, 2.5], "texture": "#1"},
				"east": {"uv": [5.75, 0.25, 6, 2.5], "texture": "#1"},
				"south": {"uv": [2, 0.25, 4, 2.75], "texture": "#missing"},
				"west": {"uv": [5.75, 0.25, 6, 2.5], "texture": "#1"},
				"up": {"uv": [5.75, 0.5, 6, 2.25], "rotation": 90, "texture": "#1"},
				"down": {"uv": [5.75, 0.5, 6, 2.25], "rotation": 90, "texture": "#1"}
			}
		}
	],
	"display": {
		"thirdperson_righthand": {
			"rotation": [59, 0, 0],
			"translation": [-0.5, -3.25, 8.15]
		},
		"thirdperson_lefthand": {
			"rotation": [67.5, 0, 0],
			"translation": [-0.5, -2.75, 8.2]
		},
		"firstperson_righthand": {
			"rotation": [4, 3, -11],
			"translation": [-4, -1.25, 6]
		},
		"firstperson_lefthand": {
			"rotation": [137, 18, -11],
			"translation": [0, -0.25, 1.25],
			"scale": [0, 0, 0]
		},
		"ground": {
			"translation": [0, 4, 0]
		},
		"gui": {
			"rotation": [20, 135, 0],
			"translation": [0.5, 0, 0]
		}
	},
	"groups": [
		{
			"name": "gun",
			"origin": [0, 0, 0],
			"color": 0,
			"children": [0, 1, 2, 3, 4, 5, 6, 7, 8, 9, 10, 11, 12, 13]
		}
	]
}