{
	"credit": "Made with Blockbench",
	"texture_size": [32, 32],
	"textures": {
		"1": "items/weapon5"
	},
	"elements": [
		{
			"from": [7.06475, 4.75, 4.8316],
			"to": [11.06475, 9.75, 8.8316],
			"rotation": {"angle": 0, "axis": "y", "origin": [7.06475, 2.75, 8.8316]},
			"faces": {
				"north": {"uv": [8.75, 0.25, 10.75, 2.75], "texture": "#1"},
				"east": {"uv": [0.25, 0.25, 2.25, 2.75], "texture": "#1"},
				"south": {"uv": [0.25, 0.25, 2.25, 2.75], "texture": "#1"},
				"west": {"uv": [0.25, 0.25, 2.25, 2.75], "texture": "#1"},
				"up": {"uv": [2.75, 0.25, 4.75, 2.25], "rotation": 90, "texture": "#1"},
				"down": {"uv": [2.75, 0.25, 4.75, 2.25], "rotation": 90, "texture": "#1"}
			}
		},
		{
			"from": [7.06525, 9.25, 4.3316],
			"to": [11.06425, 12.25, 5.8316],
			"rotation": {"angle": -22.5, "axis": "x", "origin": [9.06625, 11, 5.5816]},
			"faces": {
				"north": {"uv": [4.5, 3.25, 6.4995, 4.75], "texture": "#1"},
				"east": {"uv": [0.25, 4.25, 0.5, 4.5], "texture": "#1"},
				"south": {"uv": [2, 3.25, 3.9995, 4.75], "texture": "#1"},
				"west": {"uv": [6.5, 3.25, 7.25, 4.75], "texture": "#1"},
				"up": {"uv": [2, 3.25, 3.9995, 4], "texture": "#1"},
				"down": {"uv": [3.75, 0.25, 6.75, 2.25], "rotation": 90, "texture": "#missing"}
			}
		},
		{
			"from": [5.29677, 6.25, 4.67884],
			"to": [7.79677, 8.75, 6.17884],
			"rotation": {"angle": -22.5, "axis": "y", "origin": [6.54677, 7.5, 5.42884]},
			"faces": {
				"north": {"uv": [0.25, 3.25, 0.5, 4.5], "texture": "#1"},
				"east": {"uv": [0.25, 0.25, 3.25, 2.75], "texture": "#missing"},
				"south": {"uv": [0.25, 3.25, 1.5, 4.5], "texture": "#1"},
				"west": {"uv": [0.25, 3.25, 0.5, 4.5], "texture": "#1"},
				"up": {"uv": [0.25, 3.375, 1.5, 3.375], "texture": "#1"},
				"down": {"uv": [0.25, 4.25, 0.5, 4.5], "texture": "#1"}
			}
		},
		{
			"from": [7.06475, 4.75, 9.8316],
			"to": [11.06475, 9.75, 10.8316],
			"rotation": {"angle": 0, "axis": "y", "origin": [7.06475, 2.75, 8.8316]},
			"faces": {
				"north": {"uv": [6.25, 0.25, 8.25, 2.75], "texture": "#1"},
				"east": {"uv": [2, 0.25, 2.5, 2.75], "rotation": 180, "texture": "#1"},
				"south": {"uv": [11.25, 0.25, 13.25, 2.75], "texture": "#1"},
				"west": {"uv": [2, 0.25, 2.5, 2.75], "texture": "#1"},
				"up": {"uv": [2, 0.5, 2.5, 2.5], "rotation": 90, "texture": "#1"},
				"down": {"uv": [2, 0.5, 2.5, 2.5], "rotation": 270, "texture": "#1"}
			}
		},
		{
			"from": [7.31475, 5, 8.8316],
			"to": [10.81475, 9.5, 9.8316],
			"rotation": {"angle": 0, "axis": "y", "origin": [7.06475, 2.75, 8.8316]},
			"faces": {
				"north": {"uv": [0, 0.25, 2, 2.75], "texture": "#missing"},
				"east": {"uv": [5.25, 0.25, 5.75, 2.5], "texture": "#1"},
				"south": {"uv": [2, 0.25, 4, 2.75], "texture": "#missing"},
				"west": {"uv": [5.25, 0.25, 5.75, 2.5], "texture": "#1"},
				"up": {"uv": [5.25, 0.5, 5.75, 2.25], "rotation": 90, "texture": "#1"},
				"down": {"uv": [5.25, 0.5, 5.75, 2.25], "rotation": 90, "texture": "#1"}
			}
		},
		{
			"from": [6.31475, 5.75, 6.3316],
			"to": [8.31475, 7.75, 10.3316],
			"rotation": {"angle": 0, "axis": "y", "origin": [17.06475, -2.75, 8.8316]},
			"faces": {
				"north": {"uv": [11.25, 3.25, 10.25, 4.25], "texture": "#1"},
				"east": {"uv": [2, 0, 0, 1], "texture": "#missing"},
				"south": {"uv": [11.25, 3.25, 10.25, 4.25], "texture": "#1"},
				"west": {"uv": [9.75, 3.25, 7.75, 4.25], "texture": "#1"},
				"up": {"uv": [7.75, 5.5, 9.75, 4.5], "rotation": 90, "texture": "#1"},
				"down": {"uv": [7.75, 5.5, 9.75, 4.5], "rotation": 90, "texture": "#1"}
			}
		},
		{
			"from": [6.56475, 7.75, 9.0816],
			"to": [7.06475, 8.75, 9.5816],
			"rotation": {"angle": 0, "axis": "y", "origin": [17.06475, -2.75, 8.8316]},
			"faces": {
				"north": {"uv": [5.75, 1.75, 5.5, 2.25], "rotation": 180, "texture": "#1"},
				"east": {"uv": [5.75, 1.75, 5.5, 2.25], "rotation": 180, "texture": "#1"},
				"south": {"uv": [5.75, 1.75, 5.5, 2.25], "rotation": 180, "texture": "#1"},
				"west": {"uv": [5.75, 1.75, 5.5, 2.25], "rotation": 180, "texture": "#1"},
				"up": {"uv": [5.75, 1.75, 5.5, 2.25], "rotation": 180, "texture": "#1"},
				"down": {"uv": [5.75, 1.75, 5.5, 2.25], "rotation": 180, "texture": "#1"}
			}
		},
		{
			"from": [6.56475, 8.75, 9.0816],
			"to": [7.56475, 9.25, 9.5816],
			"rotation": {"angle": 0, "axis": "y", "origin": [17.06475, -2.75, 8.8316]},
			"faces": {
				"north": {"uv": [5.75, 1.75, 5.5, 2.25], "rotation": 90, "texture": "#1"},
				"east": {"uv": [5.75, 1.75, 5.5, 2.25], "rotation": 90, "texture": "#1"},
				"south": {"uv": [5.75, 1.75, 5.5, 2.25], "rotation": 270, "texture": "#1"},
				"west": {"uv": [5.75, 1.75, 5.5, 2], "rotation": 90, "texture": "#1"},
				"up": {"uv": [5.75, 1.75, 5.5, 2.25], "rotation": 270, "texture": "#1"},
				"down": {"uv": [5.75, 1.75, 5.5, 2.25], "rotation": 90, "texture": "#1"}
			}
		}
	],
	"display": {
		"thirdperson_righthand": {
			"rotation": [59, 0, 0],
			"translation": [-0.5, -3.25, 8.15]
		},
		"thirdperson_lefthand": {
			"rotation": [67.5, 0, 0],
			"translation": [-0.5, -2.75, 8.2]
		},
		"firstperson_righthand": {
			"rotation": [4, 3, -11],
			"translation": [-4, -1.25, 6]
		},
		"firstperson_lefthand": {
			"rotation": [137, 18, -11],
			"translation": [0, -0.25, 1.25],
			"scale": [0, 0, 0]
		},
		"ground": {
			"translation": [0, 4, 0]
		},
		"gui": {
			"rotation": [20, 135, 0],
			"translation": [0.5, 0, 0]
		}
	},
	"groups": [
		{
			"name": "gun",
			"origin": [0, 0, 0],
			"color": 0,
			"children": [0, 1, 2, 3, 4, 5, 6, 7]
		}
	]
}