{
	"credit": "Made with Blockbench",
	"textures": {
		"0": "items/shielding_dome",
		"1": "items/shielding_dome_up",
		"particle": "items/shielding_dome"
	},
	"elements": [
		{
			"from": [-16, -16, -16],
			"to": [32, 32, -16],
			"faces": {
				"north": {"uv": [0, 0, 16, 16], "texture": "#0"},
				"east": {"uv": [0, 0, 16, 16], "texture": "#0"},
				"south": {"uv": [0, 0, 16, 16], "texture": "#0"},
				"west": {"uv": [0, 0, 16, 16], "texture": "#0"},
				"up": {"uv": [0, 0, 16, 16], "texture": "#0"},
				"down": {"uv": [0, 0, 16, 16], "texture": "#0"}
			}
		},
		{
			"from": [32, -16, -16],
			"to": [32, 32, 32],
			"rotation": {"angle": 0, "axis": "y", "origin": [8, 8, 8]},
			"faces": {
				"north": {"uv": [0, 0, 16, 16], "texture": "#0"},
				"east": {"uv": [0, 0, 16, 16], "texture": "#0"},
				"south": {"uv": [0, 0, 16, 16], "texture": "#0"},
				"west": {"uv": [0, 0, 16, 16], "texture": "#0"},
				"up": {"uv": [0, 0, 16, 16], "rotation": 90, "texture": "#0"},
				"down": {"uv": [0, 0, 16, 16], "rotation": 270, "texture": "#0"}
			}
		},
		{
			"from": [-16, 32, -16],
			"to": [32, 32, 32],
			"rotation": {"angle": 0, "axis": "y", "origin": [8, 8, 8]},
			"faces": {
				"north": {"uv": [0, 0, 16, 16], "rotation": 270, "texture": "#1"},
				"east": {"uv": [0, 0, 16, 16], "rotation": 270, "texture": "#1"},
				"south": {"uv": [0, 0, 16, 16], "rotation": 270, "texture": "#1"},
				"west": {"uv": [0, 0, 16, 16], "rotation": 270, "texture": "#1"},
				"up": {"uv": [0, 0, 16, 16], "rotation": 270, "texture": "#1"},
				"down": {"uv": [0, 0, 16, 16], "rotation": 270, "texture": "#1"}
			}
		},
		{
			"from": [-16, -16, -16],
			"to": [32, -16, 32],
			"rotation": {"angle": 0, "axis": "y", "origin": [8, 8, 8]},
			"faces": {
				"north": {"uv": [16, 0, 0, 16], "rotation": 270, "texture": "#1"},
				"east": {"uv": [16, 0, 0, 16], "rotation": 270, "texture": "#1"},
				"south": {"uv": [16, 0, 0, 16], "rotation": 270, "texture": "#1"},
				"west": {"uv": [16, 0, 0, 16], "rotation": 270, "texture": "#1"},
				"up": {"uv": [16, 0, 0, 16], "rotation": 270, "texture": "#1"},
				"down": {"uv": [16, 0, 0, 16], "rotation": 270, "texture": "#1"}
			}
		},
		{
			"from": [-16, -16, 32],
			"to": [32, 32, 32],
			"rotation": {"angle": 0, "axis": "y", "origin": [0, 0, 16]},
			"faces": {
				"north": {"uv": [16, 0, 0, 16], "texture": "#0"},
				"east": {"uv": [16, 0, 0, 16], "texture": "#0"},
				"south": {"uv": [16, 0, 0, 16], "texture": "#0"},
				"west": {"uv": [16, 0, 0, 16], "texture": "#0"},
				"up": {"uv": [0, 16, 16, 0], "texture": "#0"},
				"down": {"uv": [0, 16, 16, 0], "texture": "#0"}
			}
		},
		{
			"from": [-16, -16, -16],
			"to": [-16, 32, 32],
			"rotation": {"angle": 0, "axis": "y", "origin": [8, 8, 8]},
			"faces": {
				"north": {"uv": [16, 0, 0, 16], "texture": "#0"},
				"east": {"uv": [16, 0, 0, 16], "texture": "#0"},
				"south": {"uv": [16, 0, 0, 16], "texture": "#0"},
				"west": {"uv": [16, 0, 0, 16], "texture": "#0"},
				"up": {"uv": [0, 16, 16, 0], "rotation": 90, "texture": "#0"},
				"down": {"uv": [0, 16, 16, 0], "rotation": 270, "texture": "#0"}
			}
		},
		{
			"from": [-16, -16, -16],
			"to": [32, -16, 32],
			"rotation": {"angle": 0, "axis": "y", "origin": [8, 8, 8]},
			"faces": {
				"north": {"uv": [16, 0, 0, 16], "rotation": 90, "texture": "#0"},
				"east": {"uv": [0, 16, 16, 0], "rotation": 180, "texture": "#0"},
				"south": {"uv": [16, 0, 0, 16], "rotation": 270, "texture": "#0"},
				"west": {"uv": [0, 16, 16, 0], "texture": "#0"},
				"up": {"uv": [16, 0, 0, 16], "rotation": 270, "texture": "#0"},
				"down": {"uv": [16, 0, 0, 16], "rotation": 270, "texture": "#0"}
			}
		}
	],
	"display": {
		"head": {
			"scale": [3.2, 3.2, 3.2]
		}
	}
}