{
	"credit": "Made with Blockbench",
	"texture_size": [32, 32],
	"textures": {
		"1": "items/weapon2"
	},
	"elements": [
		{
			"from": [5.425, 5.5, 6.8],
			"to": [9.425, 10.5, 11.8],
			"rotation": {"angle": 0, "axis": "y", "origin": [5.425, 3.5, 11.8]},
			"faces": {
				"north": {"uv": [3.25, 0.25, 5.25, 2.75], "texture": "#1"},
				"east": {"uv": [0.25, 0.25, 2.75, 2.75], "texture": "#1"},
				"south": {"uv": [3.25, 0.25, 5.25, 2.75], "texture": "#1"},
				"west": {"uv": [0.25, 0.25, 2.75, 2.75], "texture": "#1"},
				"up": {"uv": [3.25, 0.25, 5.25, 2.75], "texture": "#1"},
				"down": {"uv": [3.25, 0.25, 5.25, 2.75], "texture": "#1"}
			}
		},
		{
			"from": [5.925, 7.25, -0.2],
			"to": [8.925, 10.25, 6.8],
			"rotation": {"angle": 0, "axis": "y", "origin": [5.425, 3.5, 11.8]},
			"faces": {
				"north": {"uv": [11.25, 0.25, 12.75, 1.75], "texture": "#1"},
				"east": {"uv": [7.25, 0.25, 10.75, 1.75], "rotation": 180, "texture": "#1"},
				"south": {"uv": [3.25, 0.25, 5.25, 2.75], "texture": "#missing"},
				"west": {"uv": [7.25, 0.25, 10.75, 1.75], "rotation": 180, "texture": "#1"},
				"up": {"uv": [7.25, 0.25, 10.75, 1.75], "rotation": 90, "texture": "#1"},
				"down": {"uv": [7.25, 0.25, 10.75, 1.75], "rotation": 90, "texture": "#1"}
			}
		},
		{
			"from": [6.925, 5.25, 0.3],
			"to": [7.925, 7.25, 6.8],
			"rotation": {"angle": 0, "axis": "y", "origin": [5.425, 3.5, 11.8]},
			"faces": {
				"north": {"uv": [7.25, 0.75, 7.75, 1.75], "texture": "#1"},
				"east": {"uv": [7.25, 0.25, 10.5, 1.25], "rotation": 180, "texture": "#1"},
				"south": {"uv": [7.25, 0.75, 7.75, 1.75], "texture": "#1"},
				"west": {"uv": [7.25, 0.75, 10.5, 1.75], "texture": "#1"},
				"up": {"uv": [3.25, 0.25, 5.25, 2.75], "texture": "#missing"},
				"down": {"uv": [7.25, 1.75, 10.5, 2.25], "rotation": 270, "texture": "#1"}
			}
		},
		{
			"from": [5.425, 6.25, 0.8],
			"to": [9.425, 8.75, 5.3],
			"rotation": {"angle": 0, "axis": "y", "origin": [5.425, 3.5, 11.8]},
			"faces": {
				"north": {"uv": [3, 3.25, 5, 4.5], "texture": "#1"},
				"east": {"uv": [0.25, 3.25, 2.5, 4.5], "texture": "#1"},
				"south": {"uv": [3, 3.25, 5, 4.5], "texture": "#1"},
				"west": {"uv": [0.25, 3.25, 2.5, 4.5], "texture": "#1"},
				"up": {"uv": [8, 3.25, 10.25, 5.25], "rotation": 90, "texture": "#1"},
				"down": {"uv": [5.5, 3.25, 7.75, 5.25], "rotation": 90, "texture": "#1"}
			}
		},
		{
			"from": [4.425, 4.5, 7.05],
			"to": [9.925, 7, 11.55],
			"rotation": {"angle": 0, "axis": "y", "origin": [5.425, 3.5, 11.8]},
			"faces": {
				"north": {"uv": [3, 3.25, 5, 4.5], "texture": "#1"},
				"east": {"uv": [0.25, 3.25, 2.5, 4.5], "texture": "#1"},
				"south": {"uv": [3, 3.25, 5, 4.5], "texture": "#1"},
				"west": {"uv": [0.25, 3.25, 2.5, 4.5], "texture": "#1"},
				"up": {"uv": [8, 3.25, 10.25, 5.25], "rotation": 90, "texture": "#1"},
				"down": {"uv": [5.5, 3.25, 7.75, 5.25], "rotation": 90, "texture": "#1"}
			}
		},
		{
			"from": [8.175, 9.5, 7.3],
			"to": [10.175, 11.5, 10.3],
			"rotation": {"angle": 0, "axis": "y", "origin": [9.425, 3.5, 11.8]},
			"faces": {
				"north": {"uv": [12.5, 3.25, 13.5, 4.25], "texture": "#1"},
				"east": {"uv": [10.75, 3.25, 12.25, 4.25], "texture": "#1"},
				"south": {"uv": [12.5, 3.25, 13.5, 4.25], "texture": "#1"},
				"west": {"uv": [10.75, 4.5, 12.25, 5.5], "texture": "#1"},
				"up": {"uv": [10.75, 3.25, 12.25, 4.25], "rotation": 90, "texture": "#1"},
				"down": {"uv": [10.75, 4.5, 12.25, 5.5], "rotation": 90, "texture": "#1"}
			}
		},
		{
			"from": [9.425, 8.5, 8.8],
			"to": [9.925, 9.5, 9.3],
			"rotation": {"angle": 0, "axis": "y", "origin": [9.425, 3.5, 11.8]},
			"faces": {
				"north": {"uv": [9, 4, 9.25, 4.5], "texture": "#1"},
				"east": {"uv": [9, 4, 9.25, 4.5], "texture": "#1"},
				"south": {"uv": [9, 4, 9.25, 4.5], "texture": "#1"},
				"west": {"uv": [9, 4, 9.25, 4.5], "texture": "#1"},
				"up": {"uv": [9, 4, 9.25, 4.5], "texture": "#1"},
				"down": {"uv": [9, 4, 9.25, 4.5], "texture": "#1"}
			}
		},
		{
			"from": [8.925, 8, 8.8],
			"to": [9.925, 8.5, 9.3],
			"rotation": {"angle": 0, "axis": "y", "origin": [9.425, 3.5, 11.8]},
			"faces": {
				"north": {"uv": [9, 4, 9.25, 4.5], "texture": "#1"},
				"east": {"uv": [9, 4, 9.25, 4.5], "texture": "#1"},
				"south": {"uv": [9, 4, 9.25, 4.5], "texture": "#1"},
				"west": {"uv": [9, 4, 9.25, 4.5], "texture": "#1"},
				"up": {"uv": [9, 4, 9.25, 4.5], "texture": "#1"},
				"down": {"uv": [9, 4, 9.25, 4.5], "texture": "#1"}
			}
		},
		{
			"from": [5.425, 5.5, 12.3],
			"to": [9.425, 10.5, 12.8],
			"rotation": {"angle": 0, "axis": "y", "origin": [5.425, 3.5, 11.8]},
			"faces": {
				"north": {"uv": [3.25, 0.25, 5.25, 2.75], "texture": "#1"},
				"east": {"uv": [3.25, 0.25, 3.5, 2.75], "texture": "#1"},
				"south": {"uv": [3.25, 0.25, 5.25, 2.75], "texture": "#1"},
				"west": {"uv": [3.25, 0.25, 3.5, 2.75], "texture": "#1"},
				"up": {"uv": [5.75, 0.5, 6, 2.5], "rotation": 90, "texture": "#1"},
				"down": {"uv": [5.75, 0.5, 6, 2.5], "rotation": 90, "texture": "#1"}
			}
		},
		{
			"from": [5.675, 5.75, 11.8],
			"to": [9.175, 10.25, 12.3],
			"rotation": {"angle": 0, "axis": "y", "origin": [5.425, 3.5, 11.8]},
			"faces": {
				"north": {"uv": [0, 0.25, 2, 2.75], "texture": "#missing"},
				"east": {"uv": [6.5, 0.25, 6.75, 2.5], "texture": "#1"},
				"south": {"uv": [2, 0.25, 4, 2.75], "texture": "#missing"},
				"west": {"uv": [6.5, 0.25, 6.75, 2.5], "texture": "#1"},
				"up": {"uv": [6.5, 0.5, 6.75, 2.25], "rotation": 90, "texture": "#1"},
				"down": {"uv": [6.5, 0.5, 6.75, 2.25], "rotation": 90, "texture": "#1"}
			}
		}
	],
	"display": {
		"thirdperson_righthand": {
			"rotation": [59, 0, 0],
			"translation": [-0.5, -3.25, 8.15]
		},
		"thirdperson_lefthand": {
			"rotation": [67.5, 0, 0],
			"translation": [-0.5, -2.75, 8.2]
		},
		"firstperson_righthand": {
			"rotation": [4, 3, -11],
			"translation": [-4, -1.25, 6]
		},
		"firstperson_lefthand": {
			"rotation": [137, 18, -11],
			"translation": [0, -0.25, 1.25],
			"scale": [0, 0, 0]
		},
		"ground": {
			"translation": [0, 4, 0]
		},
		"gui": {
			"rotation": [20, 135, 0]
		}
	},
	"groups": [
		{
			"name": "gun",
			"origin": [0, 0, 0],
			"color": 0,
			"children": [0, 1, 2, 3, 4, 5, 6, 7, 8, 9]
		}
	]
}