{
	"credit": "Made with Blockbench",
	"texture_size": [32, 32],
	"textures": {
		"1": "items/weapon3"
	},
	"elements": [
		{
			"from": [6.07727, 5.17273, 8.02273],
			"to": [10.07727, 10.17273, 14.02273],
			"rotation": {"angle": 0, "axis": "y", "origin": [6.07727, 3.17273, 14.02273]},
			"faces": {
				"north": {"uv": [3.75, 0.25, 6.25, 2.25], "rotation": 90, "texture": "#1"},
				"east": {"uv": [0.25, 0.25, 3.25, 2.75], "texture": "#1"},
				"south": {"uv": [3.75, 0.25, 6.25, 2.25], "rotation": 90, "texture": "#1"},
				"west": {"uv": [0.25, 0.25, 3.25, 2.75], "texture": "#1"},
				"up": {"uv": [3.75, 0.25, 6.75, 2.25], "rotation": 90, "texture": "#1"},
				"down": {"uv": [3.75, 0.25, 6.75, 2.25], "rotation": 90, "texture": "#1"}
			}
		},
		{
			"from": [7.07727, 7.17273, -1.97727],
			"to": [9.07727, 9.67273, 8.02273],
			"rotation": {"angle": 0, "axis": "y", "origin": [6.07727, 3.17273, 14.02273]},
			"faces": {
				"north": {"uv": [13.5, 0.25, 14.5, 1.5], "texture": "#1"},
				"east": {"uv": [8, 0.25, 13, 1.5], "texture": "#1"},
				"south": {"uv": [3.25, 0.25, 5.25, 2.75], "texture": "#missing"},
				"west": {"uv": [8, 0.25, 13, 1.5], "texture": "#1"},
				"up": {"uv": [8, 1.5, 13, 2.5], "rotation": 90, "texture": "#1"},
				"down": {"uv": [8, 1.5, 13, 2.5], "rotation": 90, "texture": "#1"}
			}
		},
		{
			"from": [6.82727, 10.17273, 7.52273],
			"to": [9.32727, 12.67273, 13.52273],
			"rotation": {"angle": -45, "axis": "z", "origin": [8.07727, 11.42273, 10.02273]},
			"faces": {
				"north": {"uv": [11, 3.25, 12.25, 4.5], "texture": "#1"},
				"east": {"uv": [8, 3.25, 11, 4.5], "texture": "#1"},
				"south": {"uv": [11, 3.25, 12.25, 4.5], "texture": "#1"},
				"west": {"uv": [8, 3.25, 11, 4.5], "texture": "#1"},
				"up": {"uv": [8, 3.25, 11, 4.5], "rotation": 90, "texture": "#1"},
				"down": {"uv": [8, 3.25, 11, 4.5], "rotation": 90, "texture": "#1"}
			}
		},
		{
			"from": [6.82727, 10.17273, 8.52273],
			"to": [9.32727, 11.17273, 12.52273],
			"rotation": {"angle": 0, "axis": "z", "origin": [8.07727, 11.42273, 10.52273]},
			"faces": {
				"north": {"uv": [8.75, 3.75, 10, 4.25], "rotation": 180, "texture": "#1"},
				"east": {"uv": [8.5, 3.75, 10.5, 4.25], "rotation": 180, "texture": "#1"},
				"south": {"uv": [8.75, 3.75, 10, 4.25], "rotation": 180, "texture": "#1"},
				"west": {"uv": [8.5, 3.75, 10.5, 4.25], "rotation": 180, "texture": "#1"},
				"up": {"uv": [8.5, 3.5, 10.5, 4.5], "rotation": 90, "texture": "#1"},
				"down": {"uv": [8, 3.25, 11, 4.5], "rotation": 90, "texture": "#1"}
			}
		},
		{
			"from": [7.57727, 4.67273, 5.02273],
			"to": [8.57727, 7.17273, 9.52273],
			"rotation": {"angle": 0, "axis": "y", "origin": [6.07727, 3.17273, 14.02273]},
			"faces": {
				"north": {"uv": [3.25, 0.25, 5.25, 2.75], "texture": "#missing"},
				"east": {"uv": [0.25, 6, 2.5, 7.25], "texture": "#1"},
				"south": {"uv": [3.25, 0.25, 5.25, 2.75], "texture": "#missing"},
				"west": {"uv": [0.25, 6, 2.5, 7.25], "texture": "#1"},
				"up": {"uv": [3.25, 0.25, 5.25, 2.75], "texture": "#missing"},
				"down": {"uv": [0.25, 6.75, 2.5, 7.25], "rotation": 270, "texture": "#1"}
			}
		},
		{
			"from": [5.32727, 4.17273, 3.02273],
			"to": [9.32727, 8.17273, 5.02273],
			"rotation": {"angle": -45, "axis": "z", "origin": [8.07727, 5.42273, 3.52273]},
			"faces": {
				"north": {"uv": [5.5, 3.25, 7.5, 5.25], "texture": "#1"},
				"east": {"uv": [3, 3.25, 4, 5.25], "texture": "#1"},
				"south": {"uv": [5.5, 3.25, 7.5, 5.25], "texture": "#1"},
				"west": {"uv": [3, 3.25, 4, 5.25], "texture": "#1"},
				"up": {"uv": [3, 3.25, 4, 5.25], "rotation": 90, "texture": "#1"},
				"down": {"uv": [3, 3.25, 4, 5.25], "rotation": 90, "texture": "#1"}
			}
		},
		{
			"from": [5.72727, 3.27273, 9.52273],
			"to": [10.22727, 7.77273, 13.52273],
			"rotation": {"angle": -45, "axis": "z", "origin": [8.07727, 5.42273, 3.52273]},
			"faces": {
				"north": {"uv": [0.25, 3.25, 2.5, 5.5], "rotation": 90, "texture": "#1"},
				"east": {"uv": [3, 3.25, 5, 5.5], "texture": "#1"},
				"south": {"uv": [0.25, 3.25, 2.5, 5.5], "rotation": 90, "texture": "#1"},
				"west": {"uv": [3, 3.25, 5, 5.5], "texture": "#1"},
				"up": {"uv": [3, 3.25, 5, 5.5], "rotation": 90, "texture": "#1"},
				"down": {"uv": [3, 3.25, 5, 5.5], "rotation": 90, "texture": "#1"}
			}
		},
		{
			"from": [7.57727, 5.67273, -0.97727],
			"to": [8.57727, 7.17273, 3.02273],
			"rotation": {"angle": 0, "axis": "y", "origin": [6.07727, 3.17273, 14.02273]},
			"faces": {
				"north": {"uv": [8.5, 1.5, 8.55, 1.55], "texture": "#1"},
				"east": {"uv": [0.5, 6.25, 2.5, 7], "texture": "#1"},
				"south": {"uv": [3.25, 0.25, 5.25, 2.75], "texture": "#missing"},
				"west": {"uv": [0.25, 6.25, 2.25, 7], "texture": "#1"},
				"up": {"uv": [3.25, 0.25, 5.25, 2.75], "texture": "#missing"},
				"down": {"uv": [0.25, 6.75, 2.25, 7.25], "rotation": 270, "texture": "#1"}
			}
		},
		{
			"from": [7.57727, 9.67273, -1.97727],
			"to": [8.57727, 11.17273, 2.02273],
			"rotation": {"angle": 0, "axis": "y", "origin": [6.07727, 3.17273, 14.02273]},
			"faces": {
				"north": {"uv": [0.5, 6.25, 0.75, 7], "texture": "#1"},
				"east": {"uv": [0.25, 6.25, 2.25, 7], "texture": "#1"},
				"south": {"uv": [0.75, 6.25, 1, 7], "texture": "#1"},
				"west": {"uv": [0.25, 6.25, 2.25, 7], "texture": "#1"},
				"up": {"uv": [0.25, 6.25, 2.25, 6.5], "rotation": 270, "texture": "#1"},
				"down": {"uv": [3.25, 0.25, 5.25, 2.75], "texture": "#missing"}
			}
		},
		{
			"from": [6.07727, 5.17273, 14.52273],
			"to": [10.07727, 10.17273, 15.02273],
			"rotation": {"angle": 0, "axis": "y", "origin": [6.07727, 3.17273, 14.02273]},
			"faces": {
				"north": {"uv": [3.75, 0.25, 6.75, 2.25], "rotation": 90, "texture": "#1"},
				"east": {"uv": [3, 0.25, 3.25, 2.75], "texture": "#1"},
				"south": {"uv": [3.75, 0.25, 6.25, 2.25], "rotation": 90, "texture": "#1"},
				"west": {"uv": [3, 0.25, 3.25, 2.75], "texture": "#1"},
				"up": {"uv": [3.75, 0.25, 4, 2.25], "rotation": 90, "texture": "#1"},
				"down": {"uv": [3.75, 0.25, 4, 2.25], "rotation": 90, "texture": "#1"}
			}
		},
		{
			"from": [6.32727, 5.42273, 14.02273],
			"to": [9.82727, 9.92273, 14.52273],
			"rotation": {"angle": 0, "axis": "y", "origin": [6.07727, 3.17273, 14.02273]},
			"faces": {
				"north": {"uv": [0, 0.25, 2, 2.75], "texture": "#missing"},
				"east": {"uv": [7.25, 0.25, 7.5, 2.5], "texture": "#1"},
				"south": {"uv": [2, 0.25, 4, 2.75], "texture": "#missing"},
				"west": {"uv": [7.25, 0.25, 7.5, 2.5], "texture": "#1"},
				"up": {"uv": [7.25, 0.5, 7.5, 2.25], "rotation": 90, "texture": "#1"},
				"down": {"uv": [7.25, 0.5, 7.5, 2.25], "rotation": 90, "texture": "#1"}
			}
		}
	],
	"display": {
		"thirdperson_righthand": {
			"rotation": [59, 0, 0],
			"translation": [-0.5, -3.25, 8.15]
		},
		"thirdperson_lefthand": {
			"rotation": [67.5, 0, 0],
			"translation": [-0.5, -2.75, 8.2]
		},
		"firstperson_righthand": {
			"rotation": [4, 3, -11],
			"translation": [-4, -1.25, 6]
		},
		"firstperson_lefthand": {
			"rotation": [137, 18, -11],
			"translation": [0, -0.25, 1.25],
			"scale": [0, 0, 0]
		},
		"ground": {
			"translation": [0, 4, 0]
		},
		"gui": {
			"rotation": [20, 135, 0],
			"translation": [0.75, 0, 0]
		}
	},
	"groups": [
		{
			"name": "gun",
			"origin": [0, 0, 0],
			"color": 0,
			"children": [0, 1, 2, 3, 4, 5, 6, 7, 8, 9, 10]
		}
	]
}