{
	"credit": "Made with Blockbench",
	"texture_size": [32, 32],
	"textures": {
		"1": "items/weapon13"
	},
	"elements": [
		{
			"from": [6.1875, 5.65625, 12.26563],
			"to": [10.1875, 10.65625, 15.26563],
			"rotation": {"angle": 0, "axis": "y", "origin": [6.1875, 3.65625, 15.26563]},
			"faces": {
				"north": {"uv": [3, 0.25, 5, 2.75], "texture": "#1"},
				"east": {"uv": [1, 0.25, 2.5, 2.75], "texture": "#1"},
				"south": {"uv": [3, 0.25, 5, 2.75], "texture": "#1"},
				"west": {"uv": [1, 0.25, 2.5, 2.75], "texture": "#1"},
				"up": {"uv": [5.5, 0.25, 7, 2.25], "rotation": 270, "texture": "#1"},
				"down": {"uv": [5.5, 0.25, 7, 2.25], "rotation": 270, "texture": "#1"}
			}
		},
		{
			"from": [7.1875, 10.15625, 7.26563],
			"to": [9.1875, 12.15625, 14.26563],
			"rotation": {"angle": 0, "axis": "y", "origin": [6.1875, 3.65625, 15.26563]},
			"faces": {
				"north": {"uv": [1, 4.75, 2, 5.75], "rotation": 90, "texture": "#1"},
				"east": {"uv": [1, 3.25, 4.5, 4.25], "texture": "#1"},
				"south": {"uv": [1, 4.75, 2, 5.75], "rotation": 90, "texture": "#1"},
				"west": {"uv": [1, 3.25, 4.5, 4.25], "texture": "#1"},
				"up": {"uv": [1, 4.75, 4.5, 5.75], "rotation": 90, "texture": "#1"},
				"down": {"uv": [4, 0.25, 6.5, 2.25], "rotation": 90, "texture": "#missing"}
			}
		},
		{
			"from": [7.1875, 1.15625, 7.26563],
			"to": [9.1875, 6.15625, 13.26563],
			"rotation": {"angle": 0, "axis": "y", "origin": [6.1875, 3.65625, 15.26563]},
			"faces": {
				"north": {"uv": [5, 3.75, 6, 6.25], "texture": "#1"},
				"east": {"uv": [5, 3.75, 8, 6.25], "rotation": 180, "texture": "#1"},
				"south": {"uv": [5, 3.75, 6, 6.25], "texture": "#1"},
				"west": {"uv": [5, 3.75, 8, 6.25], "rotation": 180, "texture": "#1"},
				"up": {"uv": [4, 0.25, 6.5, 2.25], "rotation": 270, "texture": "#missing"},
				"down": {"uv": [5, 3.75, 8, 4.75], "rotation": 270, "texture": "#1"}
			}
		},
		{
			"from": [7.6875, 10.90625, 2.76563],
			"to": [8.6875, 11.90625, 7.26563],
			"rotation": {"angle": 0, "axis": "y", "origin": [6.6875, 3.65625, 15.26563]},
			"faces": {
				"north": {"uv": [5.25, 7.75, 5.75, 8.25], "rotation": 90, "texture": "#1"},
				"east": {"uv": [5.25, 6.75, 6, 7.25], "rotation": 180, "texture": "#1"},
				"south": {"uv": [7, 0.25, 9, 2.75], "texture": "#missing"},
				"west": {"uv": [5.25, 6.75, 6, 7.25], "texture": "#1"},
				"up": {"uv": [5.25, 6.75, 6, 7.25], "rotation": 270, "texture": "#1"},
				"down": {"uv": [5.25, 6.75, 6, 7.25], "rotation": 90, "texture": "#1"}
			}
		},
		{
			"from": [7.6875, 4.40625, 2.76563],
			"to": [8.6875, 5.40625, 7.26563],
			"rotation": {"angle": 0, "axis": "y", "origin": [6.6875, -2.84375, 15.26563]},
			"faces": {
				"north": {"uv": [5.25, 7.75, 5.75, 8.25], "rotation": 90, "texture": "#1"},
				"east": {"uv": [5.25, 6.75, 6, 7.25], "rotation": 180, "texture": "#1"},
				"south": {"uv": [7, 0.25, 9, 2.75], "texture": "#missing"},
				"west": {"uv": [5.25, 6.75, 6, 7.25], "texture": "#1"},
				"up": {"uv": [5.25, 6.75, 6, 7.25], "rotation": 270, "texture": "#1"},
				"down": {"uv": [5.25, 6.75, 6, 7.25], "rotation": 90, "texture": "#1"}
			}
		},
		{
			"from": [7.1875, 4.15625, 3.76563],
			"to": [9.1875, 5.65625, 4.76563],
			"rotation": {"angle": 0, "axis": "y", "origin": [6.1875, 8.65625, 15.26563]},
			"faces": {
				"north": {"uv": [13.5, 5, 14.5, 4.25], "texture": "#1"},
				"east": {"uv": [14.75, 4, 15.25, 3.25], "texture": "#1"},
				"south": {"uv": [13.5, 4, 14.5, 3.25], "texture": "#1"},
				"west": {"uv": [14.75, 4, 15.25, 3.25], "rotation": 180, "texture": "#1"},
				"up": {"uv": [6.5, 0.25, 4, 2.25], "rotation": 90, "texture": "#missing"},
				"down": {"uv": [14.5, 5.5, 13.5, 6], "texture": "#1"}
			}
		},
		{
			"from": [7.1875, 10.65625, 3.76563],
			"to": [9.1875, 12.15625, 4.76563],
			"rotation": {"angle": 0, "axis": "y", "origin": [6.1875, 3.65625, 15.26563]},
			"faces": {
				"north": {"uv": [13.5, 4.25, 14.5, 5], "texture": "#1"},
				"east": {"uv": [14.75, 3.25, 15.25, 4], "texture": "#1"},
				"south": {"uv": [13.5, 3.25, 14.5, 4], "texture": "#1"},
				"west": {"uv": [14.75, 3.25, 15.25, 4], "rotation": 180, "texture": "#1"},
				"up": {"uv": [14.5, 6, 13.5, 5.5], "texture": "#1"},
				"down": {"uv": [4, 0.25, 6.5, 2.25], "rotation": 90, "texture": "#missing"}
			}
		},
		{
			"from": [6.6875, 6.15625, 11.26563],
			"to": [9.6875, 10.15625, 12.26563],
			"rotation": {"angle": 0, "axis": "y", "origin": [6.1875, 3.65625, 15.26563]},
			"faces": {
				"north": {"uv": [9.5, 0.25, 11.5, 2.75], "rotation": 180, "texture": "#missing"},
				"east": {"uv": [2.25, 6.25, 3.25, 8.25], "rotation": 180, "texture": "#1"},
				"south": {"uv": [7, 0.25, 9, 2.75], "texture": "#missing"},
				"west": {"uv": [2.25, 6.25, 2.75, 8.25], "texture": "#1"},
				"up": {"uv": [3.75, 6.75, 4.75, 8.25], "rotation": 270, "texture": "#1"},
				"down": {"uv": [3.75, 6.75, 4.75, 8.25], "rotation": 90, "texture": "#1"}
			}
		},
		{
			"from": [6.6875, 6.15625, 5.26563],
			"to": [9.6875, 10.15625, 6.26563],
			"rotation": {"angle": 0, "axis": "y", "origin": [6.1875, 3.65625, 15.26563]},
			"faces": {
				"north": {"uv": [9.5, 0.25, 11.5, 2.75], "rotation": 180, "texture": "#missing"},
				"east": {"uv": [2.25, 6.25, 3.25, 8.25], "rotation": 180, "texture": "#1"},
				"south": {"uv": [7, 0.25, 9, 2.75], "texture": "#missing"},
				"west": {"uv": [2.25, 6.25, 2.75, 8.25], "texture": "#1"},
				"up": {"uv": [3.75, 6.75, 4.75, 8.25], "rotation": 270, "texture": "#1"},
				"down": {"uv": [3.75, 6.75, 4.75, 8.25], "rotation": 90, "texture": "#1"}
			}
		},
		{
			"from": [6.6875, 6.15625, 1.26563],
			"to": [9.6875, 10.15625, 3.26563],
			"rotation": {"angle": 0, "axis": "y", "origin": [6.1875, 3.65625, 15.26563]},
			"faces": {
				"north": {"uv": [9.5, 0.25, 11.5, 2.75], "rotation": 180, "texture": "#missing"},
				"east": {"uv": [2.25, 6.25, 3.25, 8.25], "rotation": 180, "texture": "#1"},
				"south": {"uv": [7, 0.25, 9, 2.75], "texture": "#missing"},
				"west": {"uv": [2.25, 6.25, 3.25, 8.25], "texture": "#1"},
				"up": {"uv": [3.75, 6.75, 4.75, 8.25], "rotation": 270, "texture": "#1"},
				"down": {"uv": [3.75, 6.75, 4.75, 8.25], "rotation": 90, "texture": "#1"}
			}
		},
		{
			"from": [5.9375, 5.65625, 0.26563],
			"to": [10.4375, 10.65625, 1.26563],
			"rotation": {"angle": 0, "axis": "y", "origin": [6.1875, 3.65625, 15.26563]},
			"faces": {
				"north": {"uv": [7.75, 6.75, 10, 9.25], "rotation": 180, "texture": "#1"},
				"east": {"uv": [6.5, 6.75, 7, 9.25], "rotation": 180, "texture": "#1"},
				"south": {"uv": [10.5, 6.75, 12.75, 9.25], "rotation": 180, "texture": "#1"},
				"west": {"uv": [6.5, 6.75, 7, 9.25], "texture": "#1"},
				"up": {"uv": [6.5, 6.75, 7, 9], "rotation": 270, "texture": "#1"},
				"down": {"uv": [6.5, 6.75, 7, 9], "rotation": 90, "texture": "#1"}
			}
		},
		{
			"from": [5.6875, 4.65625, 6.26563],
			"to": [10.6875, 10.65625, 11.26563],
			"rotation": {"angle": 0, "axis": "y", "origin": [6.6875, 3.65625, 15.26563]},
			"faces": {
				"north": {"uv": [7.5, 0.25, 10, 3.25], "texture": "#1"},
				"east": {"uv": [7.5, 0.25, 10, 3.25], "texture": "#1"},
				"south": {"uv": [7.5, 0.25, 10, 3.25], "texture": "#1"},
				"west": {"uv": [7.5, 0.25, 10, 3.25], "texture": "#1"},
				"up": {"uv": [10.5, 0.25, 13, 2.75], "rotation": 270, "texture": "#1"},
				"down": {"uv": [10.5, 0.25, 13, 2.75], "rotation": 270, "texture": "#1"}
			}
		},
		{
			"from": [4.6875, 6.15625, 7.76563],
			"to": [5.6875, 9.15625, 10.76563],
			"rotation": {"angle": 45, "axis": "x", "origin": [5.1875, 8.15625, 8.76563]},
			"faces": {
				"north": {"uv": [0.25, 6.25, 0.75, 7.75], "rotation": 180, "texture": "#1"},
				"east": {"uv": [1, 0.25, 3.5, 2.75], "texture": "#missing"},
				"south": {"uv": [0.25, 6.25, 0.75, 7.75], "texture": "#1"},
				"west": {"uv": [0.25, 6.25, 1.75, 7.75], "rotation": 180, "texture": "#1"},
				"up": {"uv": [0.25, 6.25, 0.75, 7.75], "texture": "#1"},
				"down": {"uv": [0.25, 6.25, 0.75, 7.75], "texture": "#1"}
			}
		},
		{
			"from": [5.6875, 5.65625, 3.26563],
			"to": [10.6875, 10.65625, 5.26563],
			"rotation": {"angle": 0, "axis": "y", "origin": [6.6875, 3.65625, 15.26563]},
			"faces": {
				"north": {"uv": [10.5, 3.25, 13, 5.75], "texture": "#1"},
				"east": {"uv": [13.5, 0.25, 14.5, 2.75], "texture": "#1"},
				"south": {"uv": [10.5, 3.25, 13, 5.75], "texture": "#1"},
				"west": {"uv": [13.5, 0.25, 14.5, 2.75], "texture": "#1"},
				"up": {"uv": [14.75, 0.25, 15.75, 2.75], "rotation": 90, "texture": "#1"},
				"down": {"uv": [14.75, 0.25, 15.75, 2.75], "rotation": 90, "texture": "#1"}
			}
		},
		{
			"from": [6.1875, 5.65625, 15.76563],
			"to": [10.1875, 10.65625, 16.76563],
			"rotation": {"angle": 0, "axis": "y", "origin": [6.1875, 3.65625, 15.26563]},
			"faces": {
				"north": {"uv": [3, 0.25, 5, 2.75], "texture": "#1"},
				"east": {"uv": [3, 0.25, 3.25, 2.75], "texture": "#1"},
				"south": {"uv": [3, 0.25, 5, 2.75], "texture": "#1"},
				"west": {"uv": [3, 0.25, 3.25, 2.75], "texture": "#1"},
				"up": {"uv": [3, 0.25, 5, 0.5], "texture": "#1"},
				"down": {"uv": [3, 2.5, 5, 2.75], "texture": "#1"}
			}
		},
		{
			"from": [6.4375, 5.90625, 15.26563],
			"to": [9.9375, 10.40625, 15.76563],
			"rotation": {"angle": 0, "axis": "y", "origin": [6.1875, 3.65625, 15.26563]},
			"faces": {
				"north": {"uv": [0.25, 0.25, 0.5, 2.5], "texture": "#1"},
				"east": {"uv": [0.25, 0.25, 0.5, 2.5], "texture": "#1"},
				"south": {"uv": [0.25, 0.25, 0.5, 2.5], "texture": "#1"},
				"west": {"uv": [0.25, 0.25, 0.5, 2.5], "texture": "#1"},
				"up": {"uv": [0.25, 0.5, 0.5, 2.25], "rotation": 90, "texture": "#1"},
				"down": {"uv": [0.25, 0.5, 0.5, 2.25], "rotation": 90, "texture": "#1"}
			}
		}
	],
	"display": {
		"thirdperson_righthand": {
			"rotation": [59, 0, 0],
			"translation": [-0.5, -3.25, 8.15]
		},
		"thirdperson_lefthand": {
			"rotation": [67.5, 0, 0],
			"translation": [-0.5, -2.75, 8.2]
		},
		"firstperson_righthand": {
			"rotation": [4, 3, -11],
			"translation": [-4, -1.25, 6]
		},
		"firstperson_lefthand": {
			"rotation": [137, 18, -11],
			"translation": [0, -0.25, 1.25],
			"scale": [0, 0, 0]
		},
		"ground": {
			"translation": [0, 4, 0]
		},
		"gui": {
			"rotation": [20, 135, 0]
		}
	},
	"groups": [
		{
			"name": "gun",
			"origin": [0, 0, 0],
			"color": 0,
			"children": [0, 1, 2, 3, 4, 5, 6, 7, 8, 9, 10, 11, 12, 13, 14, 15]
		}
	]
}