{
	"credit": "Made with Blockbench",
	"texture_size": [32, 32],
	"textures": {
		"1": "items/weapon14"
	},
	"elements": [
		{
			"from": [5.95, 5.29943, 11.51923],
			"to": [9.95, 10.29943, 15.51923],
			"rotation": {"angle": 0, "axis": "y", "origin": [5.95, 3.29943, 15.51923]},
			"faces": {
				"north": {"uv": [1, 0.25, 3, 2.75], "texture": "#1"},
				"east": {"uv": [1, 0.25, 3, 2.75], "texture": "#1"},
				"south": {"uv": [1, 0.25, 3, 2.75], "texture": "#1"},
				"west": {"uv": [1, 0.25, 3, 2.75], "texture": "#1"},
				"up": {"uv": [3.5, 0.25, 5.5, 2.25], "texture": "#1"},
				"down": {"uv": [6, 0.25, 8, 2.25], "texture": "#1"}
			}
		},
		{
			"from": [6.45, 6.29943, 7.51923],
			"to": [9.45, 10.29943, 11.51923],
			"rotation": {"angle": 0, "axis": "y", "origin": [5.45, 3.29943, 15.51923]},
			"faces": {
				"north": {"uv": [13, 0.25, 14.5, 2.25], "texture": "#1"},
				"east": {"uv": [8.5, 0.25, 10.5, 2.25], "texture": "#1"},
				"south": {"uv": [13, 0.25, 14.5, 2.25], "texture": "#1"},
				"west": {"uv": [8.5, 0.25, 10.5, 2.25], "texture": "#1"},
				"up": {"uv": [11, 0.25, 12.5, 2.25], "texture": "#1"},
				"down": {"uv": [5.5, 0.25, 7, 2.25], "rotation": 270, "texture": "#missing"}
			}
		},
		{
			"from": [6.2, 9.29943, 9.51923],
			"to": [9.7, 11.29943, 13.51923],
			"rotation": {"angle": 0, "axis": "y", "origin": [5.45, 3.29943, 15.51923]},
			"faces": {
				"north": {"uv": [1, 3.25, 2.75, 4.25], "texture": "#1"},
				"east": {"uv": [3.25, 3.25, 4.25, 5.25], "rotation": 90, "texture": "#1"},
				"south": {"uv": [1, 3.25, 2.75, 4.25], "texture": "#1"},
				"west": {"uv": [3.25, 3.25, 4.25, 5.25], "rotation": 90, "texture": "#1"},
				"up": {"uv": [1, 3.25, 2.75, 5.25], "texture": "#1"},
				"down": {"uv": [1, 3.25, 2.75, 4], "texture": "#1"}
			}
		},
		{
			"from": [7.35, 6.89943, 3.51923],
			"to": [9.35, 8.89943, 7.51923],
			"rotation": {"angle": -45, "axis": "z", "origin": [7.95, 8.29943, 4.01923]},
			"faces": {
				"north": {"uv": [11.5, 2.75, 12.5, 3.75], "rotation": 90, "texture": "#1"},
				"east": {"uv": [8.5, 2.75, 10.5, 3.75], "rotation": 180, "texture": "#1"},
				"south": {"uv": [3, 0.25, 5, 2.75], "texture": "#missing"},
				"west": {"uv": [8.5, 2.75, 10.5, 3.75], "texture": "#1"},
				"up": {"uv": [9, 4.25, 11, 5.25], "rotation": 270, "texture": "#1"},
				"down": {"uv": [9, 4.25, 11, 5.25], "rotation": 90, "texture": "#1"}
			}
		},
		{
			"from": [6.95, 8.29943, 2.51923],
			"to": [8.95, 10.29943, 7.51923],
			"rotation": {"angle": 0, "axis": "z", "origin": [7.95, 6.88522, 5.51923]},
			"faces": {
				"north": {"uv": [11.5, 2.75, 12.5, 3.75], "rotation": 90, "texture": "#1"},
				"east": {"uv": [8.5, 2.75, 11, 3.75], "rotation": 180, "texture": "#1"},
				"south": {"uv": [3, 0.25, 5, 2.75], "rotation": 90, "texture": "#missing"},
				"west": {"uv": [8.5, 2.75, 11, 3.75], "texture": "#1"},
				"up": {"uv": [8.5, 4.25, 11, 5.25], "rotation": 270, "texture": "#1"},
				"down": {"uv": [8.5, 4.25, 11, 5.25], "rotation": 90, "texture": "#1"}
			}
		},
		{
			"from": [6.95, 10.29943, 3.01923],
			"to": [8.95, 12.29943, 3.01923],
			"rotation": {"angle": 0, "axis": "z", "origin": [7.95, 6.88522, 5.51923]},
			"faces": {
				"north": {"uv": [4.75, 3, 5.75, 4], "texture": "#1"},
				"east": {"uv": [5.5, 0.25, 7, 2.25], "texture": "#missing"},
				"south": {"uv": [4.75, 3, 5.75, 4], "texture": "#1"},
				"west": {"uv": [5.5, 0.25, 7, 2.25], "texture": "#missing"},
				"up": {"uv": [1, 0.25, 2.5, 2.75], "rotation": 90, "texture": "#missing"},
				"down": {"uv": [1, 0.25, 2.5, 2.75], "rotation": 90, "texture": "#missing"}
			}
		},
		{
			"from": [5.95, 2.29943, 7.76923],
			"to": [10.45, 6.79943, 11.26923],
			"rotation": {"angle": -45, "axis": "z", "origin": [7.95, 4.79943, 8.51923]},
			"faces": {
				"north": {"uv": [0.25, 5.75, 2.5, 8], "rotation": 90, "texture": "#1"},
				"east": {"uv": [6.5, 5.75, 8.25, 8], "texture": "#1"},
				"south": {"uv": [0.25, 5.75, 2.5, 8], "texture": "#1"},
				"west": {"uv": [5.75, 5.75, 7.5, 8], "texture": "#1"},
				"up": {"uv": [5.75, 5.75, 7.5, 8], "rotation": 90, "texture": "#1"},
				"down": {"uv": [2.75, 5.75, 4.5, 8], "rotation": 270, "texture": "#1"}
			}
		},
		{
			"from": [5.95, 5.29943, 16.01923],
			"to": [9.95, 10.29943, 17.01923],
			"rotation": {"angle": 0, "axis": "y", "origin": [5.95, 3.29943, 15.51923]},
			"faces": {
				"north": {"uv": [1, 0.25, 3, 2.75], "texture": "#1"},
				"east": {"uv": [1, 0.25, 1.25, 2.75], "texture": "#1"},
				"south": {"uv": [1, 0.25, 3, 2.75], "texture": "#1"},
				"west": {"uv": [1, 0.25, 1.25, 2.75], "texture": "#1"},
				"up": {"uv": [1, 0.25, 3, 0.5], "texture": "#1"},
				"down": {"uv": [1, 2.5, 3, 2.75], "texture": "#1"}
			}
		},
		{
			"from": [6.2, 5.54943, 15.51923],
			"to": [9.7, 10.04943, 16.01923],
			"rotation": {"angle": 0, "axis": "y", "origin": [5.95, 3.29943, 15.51923]},
			"faces": {
				"north": {"uv": [0.25, 0.25, 0.5, 2.5], "texture": "#1"},
				"east": {"uv": [0.25, 0.25, 0.5, 2.5], "texture": "#1"},
				"south": {"uv": [0.25, 0.25, 0.5, 2.5], "texture": "#1"},
				"west": {"uv": [0.25, 0.25, 0.5, 2.5], "texture": "#1"},
				"up": {"uv": [0.25, 0.5, 0.5, 2.25], "rotation": 90, "texture": "#1"},
				"down": {"uv": [0.25, 0.5, 0.5, 2.25], "rotation": 90, "texture": "#1"}
			}
		},
		{
			"from": [3.24289, 7.59232, -0.48077],
			"to": [7.24289, 7.59232, 7.51923],
			"rotation": {"angle": 45, "axis": "z", "origin": [6.24289, 7.59232, 5.01923]},
			"faces": {
				"up": {"uv": [0.25, 8.5, 4.25, 10.5], "rotation": 90, "texture": "#1"}
			}
		},
		{
			"name": "cube inverted",
			"from": [7.53578, 6.88522, 7.51923],
			"to": [3.53578, 6.88522, -0.48077],
			"rotation": {"angle": 45, "axis": "z", "origin": [5.53578, 6.88522, 3.51923]},
			"faces": {
				"down": {"uv": [0.25, 10.5, 4.25, 8.5], "rotation": 90, "texture": "#1"}
			}
		},
		{
			"from": [8.65711, 7.59232, -0.48077],
			"to": [12.65711, 7.59232, 7.51923],
			"rotation": {"angle": -45, "axis": "z", "origin": [9.65711, 7.59232, 5.01923]},
			"faces": {
				"up": {"uv": [0.25, 10.5, 4.25, 8.5], "rotation": 90, "texture": "#1"}
			}
		},
		{
			"name": "cube inverted",
			"from": [12.36422, 6.88522, 7.51923],
			"to": [8.36422, 6.88522, -0.48077],
			"rotation": {"angle": -45, "axis": "z", "origin": [10.36422, 6.88522, 3.51923]},
			"faces": {
				"down": {"uv": [0.25, 8.5, 4.25, 10.5], "rotation": 90, "texture": "#1"}
			}
		}
	],
	"display": {
		"thirdperson_righthand": {
			"rotation": [59, 0, 0],
			"translation": [-0.5, -3.25, 8.15]
		},
		"thirdperson_lefthand": {
			"rotation": [67.5, 0, 0],
			"translation": [-0.5, -2.75, 8.2]
		},
		"firstperson_righthand": {
			"rotation": [4, 3, -11],
			"translation": [-4, -1.25, 6]
		},
		"firstperson_lefthand": {
			"rotation": [137, 18, -11],
			"translation": [0, -0.25, 1.25],
			"scale": [0, 0, 0]
		},
		"ground": {
			"translation": [0, 4, 0]
		},
		"gui": {
			"rotation": [20, 135, 0]
		}
	},
	"groups": [
		{
			"name": "gun",
			"origin": [0, 0, 0],
			"color": 0,
			"children": [0, 1, 2, 3, 4, 5, 6, 7, 8,
				{
					"name": "group",
					"origin": [5.58578, 9.08578, -12],
					"color": 0,
					"children": [9, 10]
				},
				{
					"name": "group",
					"origin": [5.58578, 9.08578, -12],
					"color": 0,
					"children": [11, 12]
				}
			]
		}
	]
}