{
	"parent": "item/generated",
	"textures": {
		"layer0": "item/iron_ingot"
	},
	
	"overrides": [
		{"predicate": {"custom_model_data":1}, "model": "item/iron_ingot1"},
		{"predicate": {"custom_model_data":2}, "model": "item/iron_ingot2"},
                     	{"predicate": {"custom_model_data":3}, "model": "item/iron_ingot3"},
                     	{"predicate": {"custom_model_data":4}, "model": "item/iron_ingot4"},
                     	{"predicate": {"custom_model_data":5}, "model": "item/iron_ingot5"},
                     	{"predicate": {"custom_model_data":6}, "model": "item/iron_ingot6"},
                     	{"predicate": {"custom_model_data":7}, "model": "item/iron_ingot7"},
                     	{"predicate": {"custom_model_data":8}, "model": "item/iron_ingot8"},
                     	{"predicate": {"custom_model_data":9}, "model": "item/iron_ingot9"},
                     	{"predicate": {"custom_model_data":10}, "model": "item/iron_ingot10"},
                     	{"predicate": {"custom_model_data":11}, "model": "item/iron_ingot11"},
                     	{"predicate": {"custom_model_data":12}, "model": "item/iron_ingot12"},
                     	{"predicate": {"custom_model_data":13}, "model": "item/iron_ingot13"},
                     	{"predicate": {"custom_model_data":14}, "model": "item/iron_ingot14"},
                     	{"predicate": {"custom_model_data":15}, "model": "item/iron_ingot15"}

                               ]
}