{
	"credit": "Made with Blockbench",
	"texture_size": [32, 32],
	"textures": {
		"1": "items/weapon8"
	},
	"elements": [
		{
			"from": [6, 6.225, 9.275],
			"to": [10, 11.225, 12.275],
			"rotation": {"angle": 0, "axis": "y", "origin": [6, 4.225, 12.275]},
			"faces": {
				"north": {"uv": [5, 0.5, 6.5, 2.5], "rotation": 270, "texture": "#1"},
				"east": {"uv": [0.25, 0.25, 1.75, 2.75], "texture": "#1"},
				"south": {"uv": [5, 0.5, 6.5, 2.5], "rotation": 270, "texture": "#1"},
				"west": {"uv": [0.25, 0.25, 1.75, 2.75], "rotation": 180, "texture": "#1"},
				"up": {"uv": [3, 0.5, 4.5, 2.5], "rotation": 270, "texture": "#1"},
				"down": {"uv": [3, 0.5, 4.5, 2.5], "rotation": 90, "texture": "#1"}
			}
		},
		{
			"from": [5.5, 5.725, 7.275],
			"to": [10.5, 11.725, 9.275],
			"rotation": {"angle": 0, "axis": "y", "origin": [6, 4.225, 13.275]},
			"faces": {
				"north": {"uv": [10, 0.25, 12.5, 3.25], "texture": "#1"},
				"east": {"uv": [12.75, 0.25, 13.75, 3.25], "texture": "#1"},
				"south": {"uv": [10, 0.25, 12.5, 3.25], "texture": "#1"},
				"west": {"uv": [12.75, 0.25, 13.75, 3.25], "texture": "#1"},
				"up": {"uv": [14, 0.25, 15, 2.75], "rotation": 90, "texture": "#1"},
				"down": {"uv": [14, 0.25, 15, 2.75], "rotation": 90, "texture": "#1"}
			}
		},
		{
			"from": [5.25, 5.225, 2.275],
			"to": [10.75, 12.225, 6.275],
			"rotation": {"angle": 0, "axis": "y", "origin": [6, 4.225, 13.275]},
			"faces": {
				"north": {"uv": [7.25, 6, 10, 9.5], "texture": "#1"},
				"east": {"uv": [10.5, 6, 12.5, 9.5], "texture": "#1"},
				"south": {"uv": [7.25, 6, 10, 9.5], "texture": "#1"},
				"west": {"uv": [10.5, 6, 12.5, 9.5], "texture": "#1"},
				"up": {"uv": [13, 6, 15, 8.75], "rotation": 90, "texture": "#1"},
				"down": {"uv": [13, 6, 15, 8.75], "rotation": 90, "texture": "#1"}
			}
		},
		{
			"from": [7.25, 4.225, 3.275],
			"to": [8.75, 6.225, 9.275],
			"rotation": {"angle": 0, "axis": "y", "origin": [6, 9.225, 13.275]},
			"faces": {
				"north": {"uv": [4, 7, 4.25, 6], "texture": "#1"},
				"east": {"uv": [3.75, 7, 6.75, 6], "texture": "#1"},
				"south": {"uv": [3.75, 7, 4, 6], "texture": "#1"},
				"west": {"uv": [0.25, 7, 3.25, 6], "texture": "#1"},
				"up": {"uv": [6.75, 0.25, 3.75, 2.25], "rotation": 90, "texture": "#missing"},
				"down": {"uv": [6.75, 6, 3.75, 6.25], "rotation": 270, "texture": "#1"}
			}
		},
		{
			"from": [3.75, 6.725, 2.775],
			"to": [5.25, 10.725, 5.775],
			"rotation": {"angle": 0, "axis": "y", "origin": [10, 4.225, 13.275]},
			"faces": {
				"north": {"uv": [1, 7.5, 0.25, 9.5], "texture": "#1"},
				"east": {"uv": [3.25, 0.25, 0.25, 2.75], "texture": "#missing"},
				"south": {"uv": [1, 7.5, 0.25, 9.5], "rotation": 180, "texture": "#1"},
				"west": {"uv": [0.25, 7.5, 1.75, 9.5], "texture": "#1"},
				"up": {"uv": [3, 7.5, 2.25, 9], "rotation": 180, "texture": "#1"},
				"down": {"uv": [3, 7.5, 2.25, 9], "rotation": 180, "texture": "#1"}
			}
		},
		{
			"from": [10.75, 6.725, 2.775],
			"to": [12.25, 10.725, 5.775],
			"rotation": {"angle": 0, "axis": "y", "origin": [6, 4.225, 13.275]},
			"faces": {
				"north": {"uv": [0.25, 7.5, 1, 9.5], "texture": "#1"},
				"east": {"uv": [1.75, 7.5, 0.25, 9.5], "texture": "#1"},
				"south": {"uv": [0.25, 7.5, 1, 9.5], "rotation": 180, "texture": "#1"},
				"west": {"uv": [0.25, 0.25, 3.25, 2.75], "texture": "#missing"},
				"up": {"uv": [2.25, 7.5, 3, 9], "rotation": 180, "texture": "#1"},
				"down": {"uv": [2.25, 7.5, 3, 9], "rotation": 180, "texture": "#1"}
			}
		},
		{
			"from": [6, 6.225, 6.275],
			"to": [10, 11.225, 7.275],
			"rotation": {"angle": 0, "axis": "y", "origin": [6, 4.225, 13.275]},
			"faces": {
				"north": {"uv": [7.25, 0.25, 9.75, 2.25], "rotation": 90, "texture": "#missing"},
				"east": {"uv": [1.25, 0.25, 1.75, 2.75], "rotation": 180, "texture": "#1"},
				"south": {"uv": [7.25, 0.25, 9.75, 2.25], "rotation": 90, "texture": "#missing"},
				"west": {"uv": [1.25, 0.25, 1.75, 2.75], "rotation": 180, "texture": "#1"},
				"up": {"uv": [3.75, 0.5, 4.25, 2.5], "rotation": 270, "texture": "#1"},
				"down": {"uv": [3.75, 0.5, 4.25, 2.5], "rotation": 270, "texture": "#1"}
			}
		},
		{
			"from": [5.75, 2.725, 6.775],
			"to": [10.25, 7.225, 11.775],
			"rotation": {"angle": -45, "axis": "z", "origin": [8, 4.975, 5.775]},
			"faces": {
				"north": {"uv": [0.25, 3.25, 2.5, 5.5], "rotation": 90, "texture": "#1"},
				"east": {"uv": [5.75, 3.25, 8.25, 5.5], "texture": "#1"},
				"south": {"uv": [0.25, 3.25, 2.5, 5.5], "rotation": 180, "texture": "#1"},
				"west": {"uv": [2.75, 3.25, 5.25, 5.5], "rotation": 180, "texture": "#1"},
				"up": {"uv": [5.75, 3.25, 8.25, 5.5], "rotation": 90, "texture": "#1"},
				"down": {"uv": [2.75, 3.25, 5.25, 5.5], "rotation": 270, "texture": "#1"}
			}
		},
		{
			"from": [6, 6.225, 12.775],
			"to": [10, 11.225, 13.775],
			"rotation": {"angle": 0, "axis": "y", "origin": [6, 4.225, 12.275]},
			"faces": {
				"north": {"uv": [5, 0.5, 6.5, 2.5], "rotation": 270, "texture": "#1"},
				"east": {"uv": [2.5, 0.25, 3, 2.75], "texture": "#1"},
				"south": {"uv": [5, 0.5, 6.5, 2.5], "rotation": 270, "texture": "#1"},
				"west": {"uv": [2.5, 0.25, 3, 2.75], "texture": "#1"},
				"up": {"uv": [6.75, 0.5, 7.25, 2.5], "rotation": 90, "texture": "#1"},
				"down": {"uv": [6.75, 0.5, 7.25, 2.5], "rotation": 90, "texture": "#1"}
			}
		},
		{
			"from": [6.25, 6.475, 12.275],
			"to": [9.75, 10.975, 12.775],
			"rotation": {"angle": 0, "axis": "y", "origin": [6, 4.225, 12.275]},
			"faces": {
				"north": {"uv": [5.75, 0.25, 6, 2.5], "texture": "#missing"},
				"east": {"uv": [9, 3.25, 9.25, 5.5], "texture": "#1"},
				"south": {"uv": [2, 0.25, 4, 2.75], "texture": "#missing"},
				"west": {"uv": [9, 3.25, 9.25, 5.5], "texture": "#1"},
				"up": {"uv": [9, 3.5, 9.25, 5.25], "rotation": 90, "texture": "#1"},
				"down": {"uv": [9, 3.5, 9.25, 5.25], "rotation": 90, "texture": "#1"}
			}
		}
	],
	"display": {
		"thirdperson_righthand": {
			"rotation": [59, 0, 0],
			"translation": [-0.5, -3.25, 8.15]
		},
		"thirdperson_lefthand": {
			"rotation": [67.5, 0, 0],
			"translation": [-0.5, -2.75, 8.2]
		},
		"firstperson_righthand": {
			"rotation": [4, 3, -11],
			"translation": [-4, -1.25, 6]
		},
		"firstperson_lefthand": {
			"rotation": [137, 18, -11],
			"translation": [0, -0.25, 1.25],
			"scale": [0, 0, 0]
		},
		"ground": {
			"translation": [0, 4, 0]
		},
		"gui": {
			"rotation": [20, 135, 0],
			"translation": [0.5, 0, 0]
		}
	},
	"groups": [
		{
			"name": "gun",
			"origin": [0, 0, 0],
			"color": 0,
			"children": [0, 1, 2, 3, 4, 5, 6, 7, 8, 9]
		}
	]
}