{
	"credit": "Made with Blockbench",
	"texture_size": [32, 32],
	"textures": {
		"1": "items/weapon15"
	},
	"elements": [
		{
			"from": [6.02746, 6.06647, 9.76563],
			"to": [10.02746, 11.06647, 14.76563],
			"rotation": {"angle": 0, "axis": "y", "origin": [6.02746, 4.06647, 14.76563]},
			"faces": {
				"north": {"uv": [6.5, 0.25, 8.5, 2.75], "texture": "#1"},
				"east": {"uv": [1, 0.25, 3.5, 2.75], "texture": "#1"},
				"south": {"uv": [6.5, 0.25, 8.5, 2.75], "texture": "#1"},
				"west": {"uv": [1, 0.25, 3.5, 2.75], "texture": "#1"},
				"up": {"uv": [4, 0.25, 6, 2.75], "texture": "#1"},
				"down": {"uv": [4, 0.25, 6, 2.75], "texture": "#1"}
			}
		},
		{
			"from": [5.02746, 7.06647, 10.76563],
			"to": [8.02746, 10.06647, 13.76563],
			"rotation": {"angle": -45, "axis": "z", "origin": [6.52746, 8.56647, 12.26563]},
			"faces": {
				"north": {"uv": [11, 3.25, 12.5, 4.75], "rotation": 180, "texture": "#1"},
				"east": {"uv": [9, 3.25, 10.5, 4.75], "rotation": 270, "texture": "#1"},
				"south": {"uv": [11, 3.25, 12.5, 4.75], "rotation": 180, "texture": "#1"},
				"west": {"uv": [9, 3.25, 10.5, 4.75], "rotation": 270, "texture": "#1"},
				"up": {"uv": [9, 3.25, 10.5, 4.75], "rotation": 270, "texture": "#1"},
				"down": {"uv": [9, 3.25, 10.5, 4.75], "rotation": 180, "texture": "#1"}
			}
		},
		{
			"from": [8.02746, 7.06647, 10.76563],
			"to": [11.02746, 10.06647, 13.76563],
			"rotation": {"angle": 45, "axis": "z", "origin": [9.52746, 8.56647, 12.26563]},
			"faces": {
				"north": {"uv": [12.5, 3.25, 11, 4.75], "rotation": 180, "texture": "#1"},
				"east": {"uv": [9, 4.75, 10.5, 3.25], "rotation": 270, "texture": "#1"},
				"south": {"uv": [12.5, 3.25, 11, 4.75], "rotation": 180, "texture": "#1"},
				"west": {"uv": [9, 4.75, 10.5, 3.25], "rotation": 270, "texture": "#1"},
				"up": {"uv": [9, 4.75, 10.5, 3.25], "rotation": 270, "texture": "#1"},
				"down": {"uv": [10.5, 3.25, 9, 4.75], "rotation": 180, "texture": "#1"}
			}
		},
		{
			"from": [6.27746, 10.06647, 6.76563],
			"to": [9.77746, 12.06647, 11.76563],
			"rotation": {"angle": 0, "axis": "y", "origin": [5.52746, 4.06647, 14.76563]},
			"faces": {
				"north": {"uv": [0.25, 7.25, 2, 8.25], "texture": "#1"},
				"east": {"uv": [2.5, 7.25, 3.5, 9.75], "rotation": 90, "texture": "#1"},
				"south": {"uv": [0.25, 7.25, 2, 8.25], "texture": "#1"},
				"west": {"uv": [2.5, 7.25, 3.5, 9.75], "rotation": 90, "texture": "#1"},
				"up": {"uv": [0.25, 7.25, 2, 9.75], "texture": "#1"},
				"down": {"uv": [6, 0.25, 8, 2.25], "texture": "#missing"}
			}
		},
		{
			"from": [6.52746, 7.56647, 2.76563],
			"to": [9.52746, 10.56647, 9.76563],
			"rotation": {"angle": 0, "axis": "y", "origin": [6.52746, 4.06647, 14.76563]},
			"faces": {
				"north": {"uv": [1, 0.25, 3, 2.75], "texture": "#missing"},
				"east": {"uv": [0.25, 3.25, 3.75, 4.75], "rotation": 180, "texture": "#1"},
				"south": {"uv": [1, 0.25, 3, 2.75], "texture": "#missing"},
				"west": {"uv": [0.25, 3.25, 3.75, 4.75], "texture": "#1"},
				"up": {"uv": [0.25, 3.25, 3.75, 4.75], "rotation": 270, "texture": "#1"},
				"down": {"uv": [0.25, 3.25, 3.75, 4.75], "rotation": 180, "texture": "#1"}
			}
		},
		{
			"from": [5.02746, 5.56647, -1.23437],
			"to": [8.02746, 8.56647, 9.76563],
			"rotation": {"angle": -45, "axis": "z", "origin": [8.02746, 5.56647, 6.26563]},
			"faces": {
				"north": {"uv": [6.25, 5.25, 7.75, 6.75], "texture": "#1"},
				"east": {"uv": [0.25, 5.25, 5.75, 6.75], "texture": "#1"},
				"south": {"uv": [1, 0.25, 3, 2.75], "texture": "#missing"},
				"west": {"uv": [0.25, 5.25, 5.75, 6.75], "rotation": 180, "texture": "#1"},
				"up": {"uv": [0.25, 5.25, 5.75, 6.75], "rotation": 270, "texture": "#1"},
				"down": {"uv": [0.25, 5.25, 5.75, 6.75], "rotation": 90, "texture": "#1"}
			}
		},
		{
			"from": [6.27746, 7.56647, -0.23437],
			"to": [9.77746, 11.56647, 2.76563],
			"rotation": {"angle": 0, "axis": "y", "origin": [6.52746, 4.06647, 14.76563]},
			"faces": {
				"north": {"uv": [12.5, 5.25, 14.25, 7.25], "texture": "#1"},
				"east": {"uv": [8.25, 5.25, 9.75, 7.25], "texture": "#1"},
				"south": {"uv": [10.25, 5.25, 12, 7.25], "texture": "#1"},
				"west": {"uv": [8.25, 5.25, 9.75, 7.25], "texture": "#1"},
				"up": {"uv": [10.25, 7.75, 12, 9.25], "texture": "#1"},
				"down": {"uv": [10.25, 7.75, 12, 9.25], "texture": "#1"}
			}
		},
		{
			"from": [7.02746, 11.56647, 0.26563],
			"to": [9.02746, 13.56647, 0.26563],
			"rotation": {"angle": 0, "axis": "y", "origin": [7.27746, 4.06647, 14.76563]},
			"faces": {
				"north": {"uv": [14.75, 5.25, 15.75, 6.25], "texture": "#1"},
				"south": {"uv": [14.75, 5.25, 15.75, 6.25], "texture": "#1"}
			}
		},
		{
			"from": [7.02746, 2.06647, 5.76563],
			"to": [9.02746, 7.06647, 13.76563],
			"rotation": {"angle": 0, "axis": "y", "origin": [6.02746, 4.06647, 14.76563]},
			"faces": {
				"north": {"uv": [13.5, 0.25, 14.5, 2.75], "texture": "#1"},
				"east": {"uv": [9, 0.25, 13, 2.75], "texture": "#1"},
				"south": {"uv": [13.5, 0.25, 14.5, 2.75], "texture": "#1"},
				"west": {"uv": [9, 0.25, 13, 2.75], "texture": "#1"},
				"up": {"uv": [3.5, 0.25, 5.5, 2.25], "texture": "#missing"},
				"down": {"uv": [13.5, 2.5, 14.5, 2.75], "texture": "#1"}
			}
		},
		{
			"from": [6.02746, 6.06647, 15.26563],
			"to": [10.02746, 11.06647, 16.26563],
			"rotation": {"angle": 0, "axis": "y", "origin": [6.02746, 4.06647, 14.76563]},
			"faces": {
				"north": {"uv": [6.5, 0.25, 8.5, 2.75], "texture": "#1"},
				"east": {"uv": [6.5, 0.25, 6.75, 2.75], "texture": "#1"},
				"south": {"uv": [6.5, 0.25, 8.5, 2.75], "texture": "#1"},
				"west": {"uv": [6.5, 0.25, 6.75, 2.75], "texture": "#1"},
				"up": {"uv": [6.5, 0.25, 8.5, 0.5], "texture": "#1"},
				"down": {"uv": [6.5, 2.5, 8.5, 2.75], "texture": "#1"}
			}
		},
		{
			"from": [6.27746, 6.31647, 14.76563],
			"to": [9.77746, 10.81647, 15.26563],
			"rotation": {"angle": 0, "axis": "y", "origin": [6.02746, 4.06647, 14.76563]},
			"faces": {
				"north": {"uv": [0.25, 0.25, 0.5, 2.5], "texture": "#1"},
				"east": {"uv": [0.25, 0.25, 0.5, 2.5], "texture": "#1"},
				"south": {"uv": [0.25, 0.25, 0.5, 2.5], "texture": "#1"},
				"west": {"uv": [0.25, 0.25, 0.5, 2.5], "texture": "#1"},
				"up": {"uv": [0.25, 0.5, 0.5, 2.25], "rotation": 90, "texture": "#1"},
				"down": {"uv": [0.25, 0.5, 0.5, 2.25], "rotation": 90, "texture": "#1"}
			}
		},
		{
			"from": [9.26939, 5.56576, -1.23437],
			"to": [15.26939, 5.56576, 9.76563],
			"rotation": {"angle": -45, "axis": "z", "origin": [12.26939, 5.56576, 4.26563]},
			"faces": {
				"up": {"uv": [4, 10.75, 9.5, 7.75], "rotation": 90, "texture": "#1"}
			}
		},
		{
			"name": "cube inverted",
			"from": [15.26939, 5.56576, 9.76563],
			"to": [9.26939, 5.56576, -1.23437],
			"rotation": {"angle": -45, "axis": "z", "origin": [12.26939, 5.56576, 4.26563]},
			"faces": {
				"down": {"uv": [4, 7.75, 9.5, 10.75], "rotation": 90, "texture": "#1"}
			}
		},
		{
			"from": [1.31586, 5.78543, -1.23437],
			"to": [7.31586, 5.78543, 9.76563],
			"rotation": {"angle": 45, "axis": "z", "origin": [4.31586, 5.03543, 4.26563]},
			"faces": {
				"up": {"uv": [4, 7.75, 9.5, 10.75], "rotation": 90, "texture": "#1"}
			}
		},
		{
			"name": "cube inverted",
			"from": [7.31586, 5.78543, 9.76563],
			"to": [1.31586, 5.78543, -1.23437],
			"rotation": {"angle": 45, "axis": "z", "origin": [4.31586, 5.03543, 4.26563]},
			"faces": {
				"down": {"uv": [4, 10.75, 9.5, 7.75], "rotation": 90, "texture": "#1"}
			}
		}
	],
	"display": {
		"thirdperson_righthand": {
			"rotation": [59, 0, 0],
			"translation": [-0.5, -3.25, 8.15]
		},
		"thirdperson_lefthand": {
			"rotation": [67.5, 0, 0],
			"translation": [-0.5, -2.75, 8.2]
		},
		"firstperson_righthand": {
			"rotation": [4, 3, -11],
			"translation": [-4, -1.25, 6]
		},
		"firstperson_lefthand": {
			"rotation": [137, 18, -11],
			"translation": [0, -0.25, 1.25],
			"scale": [0, 0, 0]
		},
		"ground": {
			"translation": [0, 4, 0]
		},
		"gui": {
			"rotation": [20, 135, 0],
			"translation": [0.75, 0, 0]
		}
	},
	"groups": [
		{
			"name": "gun",
			"origin": [0, 0, 0],
			"color": 0,
			"children": [0, 1, 2, 3, 4, 5, 6, 7, 8, 9, 10,
				{
					"name": "group",
					"origin": [4.46447, 6.29289, -10.5],
					"color": 0,
					"children": [11, 12]
				},
				{
					"name": "group",
					"origin": [4.46447, 6.29289, -10.5],
					"color": 0,
					"children": [13, 14]
				}
			]
		}
	]
}