{
	"credit": "Made with Blockbench",
	"texture_size": [32, 32],
	"textures": {
		"0": "items/pistol",
		"particle": "items/pistol"
	},
	"elements": [
		{
			"from": [7.32217, 4.36508, 10.32425],
			"to": [8.82217, 8.49008, 12.19925],
			"rotation": {"angle": -45, "axis": "x", "origin": [8.07217, 6.72758, 9.98675]},
			"faces": {
				"north": {"uv": [3.75, 0.25, 4.75, 3], "texture": "#0"},
				"east": {"uv": [2, 0.25, 3.25, 3], "texture": "#0"},
				"south": {"uv": [5.25, 0.25, 6.25, 3], "texture": "#0"},
				"west": {"uv": [0.25, 0.25, 1.5, 3], "texture": "#0"},
				"up": {"uv": [5, 3.5, 6.25, 4.5], "rotation": 90, "texture": "#0"},
				"down": {"uv": [5, 3.5, 6.25, 4.5], "rotation": 90, "texture": "#0"}
			}
		},
		{
			"from": [7.69717, 8.6959, 9.97209],
			"to": [8.44717, 9.8209, 11.09709],
			"rotation": {"angle": -45, "axis": "x", "origin": [7.69717, 7.3834, 8.65959]},
			"faces": {
				"north": {"uv": [0, 0, 1, 1.5], "texture": "#missing"},
				"east": {"uv": [11.25, 0.25, 12, 1], "rotation": 270, "texture": "#0"},
				"south": {"uv": [11.775, 0.25, 12.025, 1], "texture": "#0"},
				"west": {"uv": [11.25, 0.25, 12, 1], "texture": "#0"},
				"up": {"uv": [11.775, 0.25, 12.025, 1], "texture": "#0"},
				"down": {"uv": [11.25, 0.25, 11.5, 1], "texture": "#0"}
			}
		},
		{
			"from": [6.75967, 8.01414, 6.30918],
			"to": [7.50967, 9.13914, 7.43418],
			"rotation": {"angle": 0, "axis": "x", "origin": [7.13467, 8.57664, 6.87168]},
			"faces": {
				"north": {"uv": [11.25, 0.25, 11.5, 1], "texture": "#0"},
				"east": {"uv": [11.25, 0.25, 12, 1], "rotation": 270, "texture": "#0"},
				"south": {"uv": [11.775, 0.25, 12.025, 1], "texture": "#0"},
				"west": {"uv": [11.25, 0.25, 12, 1], "texture": "#0"},
				"up": {"uv": [11.775, 0.25, 12.025, 1], "texture": "#0"},
				"down": {"uv": [11.25, 0.25, 11.5, 1], "texture": "#0"}
			}
		},
		{
			"from": [7.13467, 8.14234, 4.30652],
			"to": [9.00967, 9.64234, 10.30652],
			"rotation": {"angle": 0, "axis": "x", "origin": [7.88467, 9.29745, 8.05652]},
			"faces": {
				"north": {"uv": [9.25, 0.25, 10.5, 1.25], "texture": "#0"},
				"east": {"uv": [6.75, 0.25, 10.75, 1.25], "texture": "#0"},
				"south": {"uv": [6.75, 3.5, 7.75, 4.75], "rotation": 90, "texture": "#0"},
				"west": {"uv": [6.75, 5.25, 10.75, 6.25], "texture": "#0"},
				"up": {"uv": [6.75, 3.5, 10.75, 4.75], "rotation": 270, "texture": "#0"},
				"down": {"uv": [6.75, 1.75, 10.75, 3], "rotation": 90, "texture": "#0"}
			}
		},
		{
			"from": [7.50967, 9.26734, 3.55652],
			"to": [8.63467, 10.39234, 8.43152],
			"rotation": {"angle": 0, "axis": "x", "origin": [8.25967, 9.29745, 9.18152]},
			"faces": {
				"north": {"uv": [3.75, 3.5, 4.5, 4.25], "rotation": 180, "texture": "#0"},
				"east": {"uv": [0.25, 3.5, 3.5, 4.25], "rotation": 180, "texture": "#0"},
				"south": {"uv": [3.75, 3.5, 4.5, 4.25], "rotation": 180, "texture": "#0"},
				"west": {"uv": [0.25, 3.5, 3.5, 4.25], "texture": "#0"},
				"up": {"uv": [0.25, 3.5, 3.5, 4.25], "rotation": 90, "texture": "#0"},
				"down": {"uv": [0.25, 3.5, 3.5, 4.25], "rotation": 270, "texture": "#0"}
			}
		},
		{
			"from": [7.32217, 9.07984, 1.68152],
			"to": [8.82217, 10.57984, 3.55652],
			"rotation": {"angle": 0, "axis": "x", "origin": [8.07217, 9.29745, 9.18152]},
			"faces": {
				"north": {"uv": [1.75, 4.75, 2.75, 5.75], "rotation": 90, "texture": "#0"},
				"east": {"uv": [0.5, 4.75, 1.5, 5.75], "rotation": 180, "texture": "#0"},
				"south": {"uv": [1.75, 4.75, 2.75, 5.75], "rotation": 90, "texture": "#0"},
				"west": {"uv": [0.5, 4.75, 1.5, 5.75], "texture": "#0"},
				"up": {"uv": [0.5, 4.75, 1.5, 5.75], "rotation": 90, "texture": "#0"},
				"down": {"uv": [0.5, 4.75, 1.5, 5.75], "rotation": 270, "texture": "#0"}
			}
		},
		{
			"from": [7.13467, 8.89234, 0.93152],
			"to": [9.00967, 10.76734, 1.68152],
			"rotation": {"angle": 0, "axis": "x", "origin": [8.07217, 9.29745, 9.18152]},
			"faces": {
				"north": {"uv": [1.25, 6.25, 2.5, 7.5], "texture": "#0"},
				"east": {"uv": [0.25, 6.25, 0.75, 7.5], "texture": "#0"},
				"south": {"uv": [1.25, 6.25, 2.5, 7.5], "texture": "#0"},
				"west": {"uv": [0.25, 6.25, 0.75, 7.5], "texture": "#0"},
				"up": {"uv": [0.25, 6.25, 0.75, 7.5], "rotation": 90, "texture": "#0"},
				"down": {"uv": [0.25, 6.25, 0.75, 7.5], "rotation": 90, "texture": "#0"}
			}
		},
		{
			"from": [8.07217, 9.79234, 8.61902],
			"to": [8.07217, 11.29234, 10.11902],
			"rotation": {"angle": 0, "axis": "x", "origin": [8.07217, 8.70484, 4.49402]},
			"faces": {
				"west": {"uv": [12.5, 0.25, 13.5, 1.25], "texture": "#0"}
			}
		},
		{
			"name": "cube inverted",
			"from": [8.07217, 11.29234, 10.11902],
			"to": [8.07217, 9.79234, 8.61902],
			"rotation": {"angle": 0, "axis": "x", "origin": [-3.92783, -2.88246, -2.44704]},
			"faces": {
				"east": {"uv": [12.5, 1.25, 13.5, 0.25], "texture": "#0"}
			}
		},
		{
			"name": "cube inverted",
			"from": [8.07217, -0.27808, 20.29619],
			"to": [8.07217, -2.52808, 18.04619],
			"rotation": {"angle": -45, "axis": "x", "origin": [-3.92783, -10.3995, 2.90703]},
			"faces": {
				"east": {"uv": [15.5, 0.25, 14, 1.75], "rotation": 90, "texture": "#0"}
			}
		},
		{
			"from": [8.07217, 6.2844, 6.94307],
			"to": [8.07217, 8.5344, 9.19307],
			"rotation": {"angle": -45, "axis": "x", "origin": [8.07217, 7.4094, 7.99307]},
			"faces": {
				"west": {"uv": [14, 0.25, 15.5, 1.75], "rotation": 90, "texture": "#0"}
			}
		},
		{
			"from": [8.07217, 7.26463, 2.80913],
			"to": [8.07217, 9.13963, 4.68413],
			"rotation": {"angle": -22.5, "axis": "x", "origin": [8.07217, 8.20213, 3.74663]},
			"faces": {
				"west": {"uv": [12.25, 1.75, 13.5, 3], "texture": "#0"}
			}
		},
		{
			"name": "cube inverted",
			"from": [8.07142, 6.99988, 9.31949],
			"to": [8.07142, 5.12488, 7.44449],
			"rotation": {"angle": -22.5, "axis": "x", "origin": [-3.92858, -4.5195, 0.6857]},
			"faces": {
				"east": {"uv": [12.25, 3, 13.5, 1.75], "texture": "#0"}
			}
		}
	],
	"display": {
		"thirdperson_righthand": {
			"rotation": [0, -75, 0],
			"translation": [0, 1.25, 1]
		},
		"thirdperson_lefthand": {
			"rotation": [0, -75, 0],
			"translation": [0, 1.25, 1]
		},
		"firstperson_righthand": {
			"rotation": [-29, -59, -14],
			"translation": [-1, 1.95, 1.13]
		},
		"firstperson_lefthand": {
			"rotation": [-2, -49, 22],
			"translation": [-1, 2.95, 1.13]
		},
		"ground": {
			"translation": [0, -0.5, 1]
		},
		"gui": {
			"rotation": [35, 55, -22],
			"translation": [1.5, -1.5, 0],
			"scale": [0.875, 0.875, 0.875]
		},
		"head": {
			"rotation": [0, 0, -112],
			"translation": [-1.5, -14.25, 4.75],
			"scale": [1.6, 1.6, 1.6]
		},
		"fixed": {
			"rotation": [0, 180, 0],
			"translation": [0, -1, -1.5],
			"scale": [0.75, 0.75, 0.75]
		}
	},
	"groups": [
		{
			"name": "group",
			"origin": [-8, -7.72487, -4.62737],
			"color": 0,
			"children": []
		},
		{
			"name": "group",
			"origin": [8, 5.99761, 10.79277],
			"color": 0,
			"children": []
		},
		{
			"name": "group",
			"origin": [8, 5.99761, 10.79277],
			"color": 0,
			"children": []
		},
		{
			"name": "crossbow_arrow1",
			"origin": [8, 8, 8],
			"color": 0,
			"children": [0, 1, 2, 3, 4, 5, 6,
				{
					"name": "group",
					"origin": [-8, -7.72487, -4.62737],
					"color": 0,
					"children": [7, 8]
				},
				{
					"name": "group",
					"origin": [8, 5.99761, 10.79277],
					"color": 0,
					"children": [9, 10]
				},
				{
					"name": "group",
					"origin": [-8.001, -9.90758, 1.04961],
					"color": 0,
					"children": [11, 12]
				}
			]
		}
	]
}