{
	"credit": "Made with Blockbench",
	"textures": {
		"0": "items/glove",
		"1_0": "items/character"
	},
	"elements": [
		{
			"from": [6.5, 4, 2],
			"to": [9.5, 8, 5],
			"rotation": {"angle": 0, "axis": "y", "origin": [14.5, 12, 11]},
			"faces": {
				"north": {"uv": [12.499, 7.5, 8.499, 10.5], "rotation": 270, "texture": "#0"},
				"east": {"uv": [8.499, 6.998, 12.499, 4], "rotation": 90, "texture": "#0"},
				"south": {"uv": [0, 4, 3, 0], "texture": "#missing"},
				"west": {"uv": [8.5, 3.5, 12.5, 0.5], "rotation": 270, "texture": "#0"},
				"up": {"uv": [12.5, 7, 15.5, 4], "rotation": 180, "texture": "#0"},
				"down": {"uv": [12.5, 3.5, 15.5, 0.5], "rotation": 180, "texture": "#0"}
			}
		},
		{
			"from": [6.25, 3.75, 5],
			"to": [9.75, 8.25, 6],
			"rotation": {"angle": 0, "axis": "y", "origin": [14.5, 12, 11]},
			"faces": {
				"north": {"uv": [0.5, 11.5, 5, 10.5], "rotation": 180, "texture": "#0"},
				"east": {"uv": [0.5, 11.5, 5, 10.5], "rotation": 90, "texture": "#0"},
				"south": {"uv": [0.5, 11.5, 5, 10.5], "texture": "#0"},
				"west": {"uv": [0.5, 11.5, 5, 10.5], "rotation": 270, "texture": "#0"},
				"up": {"uv": [0.5, 11.5, 5, 10.5], "texture": "#0"},
				"down": {"uv": [0.5, 11.5, 5, 10.5], "rotation": 180, "texture": "#0"}
			}
		},
		{
			"from": [6.25, 3.75, 7],
			"to": [9.75, 8.25, 8],
			"rotation": {"angle": 0, "axis": "y", "origin": [14.5, 12, 11]},
			"faces": {
				"north": {"uv": [0.5, 11.5, 5, 10.5], "rotation": 180, "texture": "#0"},
				"east": {"uv": [0.5, 11.5, 5, 10.5], "rotation": 90, "texture": "#0"},
				"south": {"uv": [0.5, 11.5, 5, 10.5], "texture": "#0"},
				"west": {"uv": [0.5, 11.5, 5, 10.5], "rotation": 270, "texture": "#0"},
				"up": {"uv": [0.5, 11.5, 5, 10.5], "texture": "#0"},
				"down": {"uv": [0.5, 11.5, 5, 10.5], "rotation": 180, "texture": "#0"}
			}
		},
		{
			"from": [9.5, 4.75, 4.5],
			"to": [11, 7.25, 8.5],
			"rotation": {"angle": 0, "axis": "y", "origin": [14.5, 12, 11]},
			"faces": {
				"north": {"uv": [6.5, 0.5, 4, 2], "rotation": 270, "texture": "#0"},
				"east": {"uv": [0.5, 4.5, 3, 0.5], "rotation": 90, "texture": "#0"},
				"south": {"uv": [6.5, 0.5, 4, 2], "rotation": 90, "texture": "#0"},
				"west": {"uv": [0.5, 11.5, 5, 10.5], "rotation": 270, "texture": "#0"},
				"up": {"uv": [1.5, 4.5, 3, 0.5], "texture": "#0"},
				"down": {"uv": [0.5, 4.5, 2, 0.5], "rotation": 180, "texture": "#0"}
			}
		},
		{
			"from": [10.2, 5.5, 4.05],
			"to": [11.2, 6.5, 5.05],
			"rotation": {"angle": -45, "axis": "y", "origin": [10.5, 6, 4]},
			"faces": {
				"north": {"uv": [0.5, 7.5, 2.5, 5.5], "rotation": 180, "texture": "#0"},
				"east": {"uv": [0.5, 7.5, 2.5, 5.5], "rotation": 90, "texture": "#0"},
				"south": {"uv": [0.5, 7.5, 2.5, 5.5], "texture": "#0"},
				"west": {"uv": [0.5, 7.5, 2.5, 5.5], "rotation": 270, "texture": "#0"},
				"up": {"uv": [0.5, 7.5, 2.5, 5.5], "texture": "#0"},
				"down": {"uv": [0.5, 7.5, 2.5, 5.5], "rotation": 180, "texture": "#0"}
			}
		},
		{
			"from": [6.5, 4, 6],
			"to": [9.5, 8, 15],
			"rotation": {"angle": 0, "axis": "y", "origin": [8, 6, 10.5]},
			"faces": {
				"north": {"uv": [0, 4, 3, 0], "rotation": 180, "texture": "#missing"},
				"east": {"uv": [0.5, 9.5, 4.5, 0.5], "rotation": 90, "texture": "#1_0"},
				"south": {"uv": [12.5, 15.5, 15.5, 11.5], "texture": "#1_0"},
				"west": {"uv": [0.5, 9.5, 4.5, 0.5], "rotation": 270, "texture": "#1_0"},
				"up": {"uv": [4.5, 9.5, 7.5, 0.5], "texture": "#1_0"},
				"down": {"uv": [4.5, 9.5, 7.5, 0.5], "rotation": 180, "texture": "#1_0"}
			}
		}
	],
	"display": {
		"thirdperson_righthand": {
			"rotation": [67.5, 0, 0],
			"translation": [-0.5, -2.75, 8.2]
		},
		"thirdperson_lefthand": {
			"rotation": [-22.5, 180, 5],
			"translation": [-0.5, -3.95, 10.8]
		},
		"firstperson_righthand": {
			"rotation": [-75, -112, 6],
			"translation": [-14, 2.25, 7]
		},
		"firstperson_lefthand": {
			"rotation": [-76, 112, -9],
			"translation": [-4, 2, 6.5]
		},
		"ground": {
			"scale": [0, 0, 0]
		},
		"gui": {
			"rotation": [20, 135, 90],
			"translation": [1.25, 0, 0]
		}
	},
	"groups": [0, 1, 2, 3, 4,
		{
			"name": "carrot_on_a_stick2",
			"origin": [8, 8, 8],
			"color": 0,
			"children": [5]
		}
	]
}