{
	"credit": "Made with Blockbench",
	"texture_size": [32, 32],
	"textures": {
		"1": "items/weapon12"
	},
	"elements": [
		{
			"from": [6.00556, 5.84646, 8.42304],
			"to": [10.00556, 10.84646, 13.42304],
			"rotation": {"angle": 0, "axis": "y", "origin": [6.00556, 3.84646, 13.42304]},
			"faces": {
				"north": {"uv": [9.5, 0.25, 11.5, 2.75], "rotation": 180, "texture": "#1"},
				"east": {"uv": [1, 0.25, 3.5, 2.75], "texture": "#1"},
				"south": {"uv": [7, 0.25, 9, 2.75], "texture": "#1"},
				"west": {"uv": [1, 0.25, 3.5, 2.75], "rotation": 180, "texture": "#1"},
				"up": {"uv": [4, 0.25, 6.5, 2.25], "rotation": 270, "texture": "#1"},
				"down": {"uv": [4, 0.25, 6.5, 2.25], "rotation": 90, "texture": "#1"}
			}
		},
		{
			"from": [7.25556, 7.84646, 5.42304],
			"to": [8.75556, 9.34646, 6.92304],
			"rotation": {"angle": 45, "axis": "x", "origin": [8.00556, 8.34646, 5.92304]},
			"faces": {
				"north": {"uv": [1, 3.25, 0.25, 4], "texture": "#1"},
				"east": {"uv": [1, 3.25, 0.25, 4], "texture": "#1"},
				"south": {"uv": [1, 3.25, 0.25, 4], "texture": "#1"},
				"west": {"uv": [1, 3.25, 0.25, 4], "texture": "#1"},
				"up": {"uv": [1, 3.25, 0.25, 4], "texture": "#1"},
				"down": {"uv": [1, 3.25, 0.25, 4], "texture": "#1"}
			}
		},
		{
			"from": [5.90556, 6.44646, -0.57696],
			"to": [9.90556, 10.44646, 4.42304],
			"rotation": {"angle": -45, "axis": "z", "origin": [8.00556, 8.34646, 1.92304]},
			"faces": {
				"north": {"uv": [1.5, 3.25, 3.5, 5.25], "rotation": 180, "texture": "#1"},
				"east": {"uv": [12, 0.25, 14.5, 2.25], "texture": "#1"},
				"south": {"uv": [1.5, 3.25, 3.5, 5.25], "rotation": 180, "texture": "#1"},
				"west": {"uv": [12, 0.25, 14.5, 2.25], "rotation": 180, "texture": "#1"},
				"up": {"uv": [12, 0.25, 14.5, 2.25], "rotation": 270, "texture": "#1"},
				"down": {"uv": [12, 0.25, 14.5, 2.25], "rotation": 90, "texture": "#1"}
			}
		},
		{
			"from": [7.00556, 2.24791, 5.1082],
			"to": [9.00556, 4.24791, 11.1082],
			"rotation": {"angle": -45, "axis": "x", "origin": [8.00556, 3.81529, 6.57197]},
			"faces": {
				"north": {"uv": [11, 2.75, 13, 0.25], "rotation": 180, "texture": "#missing"},
				"east": {"uv": [4, 3.25, 7, 4.25], "rotation": 180, "texture": "#1"},
				"south": {"uv": [6, 2.75, 8, 0.25], "texture": "#missing"},
				"west": {"uv": [4, 3.25, 7, 4.25], "texture": "#1"},
				"up": {"uv": [4, 3.25, 7, 4.25], "rotation": 270, "texture": "#1"},
				"down": {"uv": [4, 3.25, 7, 4.25], "rotation": 90, "texture": "#1"}
			}
		},
		{
			"from": [6.50556, 1.15408, 2.92304],
			"to": [9.50556, 4.15408, 7.92304],
			"rotation": {"angle": -45, "axis": "z", "origin": [8.00556, 2.65408, 4.42304]},
			"faces": {
				"north": {"uv": [10.5, 3.25, 9, 4.75], "texture": "#1"},
				"east": {"uv": [14.5, 2.75, 12, 4.25], "rotation": 180, "texture": "#1"},
				"south": {"uv": [10.5, 5.25, 9, 6.75], "texture": "#1"},
				"west": {"uv": [14.5, 2.75, 12, 4.25], "texture": "#1"},
				"up": {"uv": [14.5, 2.75, 12, 4.25], "rotation": 90, "texture": "#1"},
				"down": {"uv": [14.5, 2.75, 12, 4.25], "rotation": 270, "texture": "#1"}
			}
		},
		{
			"from": [5.22442, 3.52706, 11.07197],
			"to": [6.72442, 7.52706, 13.07197],
			"rotation": {"angle": -45, "axis": "z", "origin": [5.97442, 6.02706, 12.07197]},
			"faces": {
				"north": {"uv": [4.25, 4.75, 6.25, 5.5], "rotation": 270, "texture": "#1"},
				"east": {"uv": [4, 3.25, 6, 4.25], "rotation": 90, "texture": "#1"},
				"south": {"uv": [4, 4.75, 6, 5.5], "rotation": 270, "texture": "#1"},
				"west": {"uv": [4, 3.25, 6, 4.25], "rotation": 90, "texture": "#1"},
				"up": {"uv": [4, 3.25, 4.75, 4.25], "texture": "#1"},
				"down": {"uv": [7.25, 4.75, 8.25, 5.5], "rotation": 90, "texture": "#1"}
			}
		},
		{
			"from": [9.28669, 3.52706, 11.07197],
			"to": [10.78669, 7.52706, 13.07197],
			"rotation": {"angle": 45, "axis": "z", "origin": [10.03669, 6.02706, 12.07197]},
			"faces": {
				"north": {"uv": [4.25, 5.5, 6.25, 4.75], "rotation": 270, "texture": "#1"},
				"east": {"uv": [4, 4.25, 6, 3.25], "rotation": 90, "texture": "#1"},
				"south": {"uv": [4, 5.5, 6, 4.75], "rotation": 270, "texture": "#1"},
				"west": {"uv": [4, 4.25, 6, 3.25], "rotation": 90, "texture": "#1"},
				"up": {"uv": [4.75, 3.25, 4, 4.25], "texture": "#1"},
				"down": {"uv": [7.25, 5.5, 8.25, 4.75], "rotation": 90, "texture": "#1"}
			}
		},
		{
			"from": [10.4125, 7.46885, 4.19598],
			"to": [12.4125, 9.46885, 12.19598],
			"rotation": {"angle": -22.5, "axis": "y", "origin": [10.38317, 8.46885, 5.46841]},
			"faces": {
				"north": {"uv": [7.5, 3.25, 8.5, 4.25], "texture": "#1"},
				"east": {"uv": [4, 3.25, 7, 4.25], "texture": "#1"},
				"south": {"uv": [8.5, 3.25, 7.5, 4.25], "texture": "#1"},
				"west": {"uv": [4, 3.25, 7, 4.25], "rotation": 180, "texture": "#1"},
				"up": {"uv": [4, 3.25, 7, 4.25], "rotation": 90, "texture": "#1"},
				"down": {"uv": [4, 3.25, 7, 4.25], "rotation": 270, "texture": "#1"}
			}
		},
		{
			"from": [10.83533, 7.71885, 2.85633],
			"to": [12.33533, 9.21885, 6.85633],
			"rotation": {"angle": 45, "axis": "y", "origin": [10.38317, 8.46885, 5.46841]},
			"faces": {
				"north": {"uv": [11, 2.75, 13, 0.25], "rotation": 270, "texture": "#missing"},
				"east": {"uv": [6, 4.75, 4, 5.5], "texture": "#1"},
				"south": {"uv": [6, 2.75, 8, 0.25], "rotation": 270, "texture": "#missing"},
				"west": {"uv": [6, 4.75, 4, 5.5], "rotation": 180, "texture": "#1"},
				"up": {"uv": [6, 4.75, 4, 5.5], "rotation": 90, "texture": "#1"},
				"down": {"uv": [6, 4.75, 4, 5.5], "rotation": 270, "texture": "#1"}
			}
		},
		{
			"from": [3.59861, 7.46885, 4.19598],
			"to": [5.59861, 9.46885, 12.19598],
			"rotation": {"angle": 22.5, "axis": "y", "origin": [5.62794, 8.46885, 5.46841]},
			"faces": {
				"north": {"uv": [8.5, 3.25, 7.5, 4.25], "texture": "#1"},
				"east": {"uv": [7, 3.25, 4, 4.25], "rotation": 180, "texture": "#1"},
				"south": {"uv": [8.5, 3.25, 7.5, 4.25], "texture": "#1"},
				"west": {"uv": [7, 3.25, 4, 4.25], "texture": "#1"},
				"up": {"uv": [4, 4.25, 7, 3.25], "rotation": 90, "texture": "#1"},
				"down": {"uv": [4, 4.25, 7, 3.25], "rotation": 270, "texture": "#1"}
			}
		},
		{
			"from": [4.5474, 7.21885, 7.76757],
			"to": [7.0474, 9.71885, 8.26757],
			"rotation": {"angle": 22.5, "axis": "y", "origin": [6.0474, 8.71885, 8.51757]},
			"faces": {
				"north": {"uv": [12.25, 5, 11, 6.25], "rotation": 180, "texture": "#1"},
				"east": {"uv": [12.25, 5, 12, 6.25], "rotation": 180, "texture": "#1"},
				"south": {"uv": [12.25, 5, 11, 6.25], "rotation": 180, "texture": "#1"},
				"west": {"uv": [12.25, 5, 12, 6.25], "rotation": 180, "texture": "#1"},
				"up": {"uv": [12.25, 5, 12, 6.25], "rotation": 90, "texture": "#1"},
				"down": {"uv": [12.25, 5, 12, 6.25], "rotation": 90, "texture": "#1"}
			}
		},
		{
			"from": [6.75556, 9.21885, 4.76757],
			"to": [9.25556, 11.71885, 5.26757],
			"rotation": {"angle": 22.5, "axis": "x", "origin": [8.25556, 8.71885, 8.51757]},
			"faces": {
				"north": {"uv": [12.25, 5, 11, 6.25], "rotation": 180, "texture": "#1"},
				"east": {"uv": [12.25, 5, 12, 6.25], "rotation": 180, "texture": "#1"},
				"south": {"uv": [12.25, 5, 11, 6.25], "rotation": 180, "texture": "#1"},
				"west": {"uv": [12.25, 5, 12, 6.25], "rotation": 180, "texture": "#1"},
				"up": {"uv": [12.25, 5, 12, 6.25], "rotation": 90, "texture": "#1"},
				"down": {"uv": [12.25, 5, 12, 6.25], "rotation": 90, "texture": "#1"}
			}
		},
		{
			"from": [8.96371, 7.21885, 7.76757],
			"to": [11.46371, 9.71885, 8.26757],
			"rotation": {"angle": -22.5, "axis": "y", "origin": [9.96371, 8.71885, 8.51757]},
			"faces": {
				"north": {"uv": [11, 5, 12.25, 6.25], "rotation": 180, "texture": "#1"},
				"east": {"uv": [12, 5, 12.25, 6.25], "rotation": 180, "texture": "#1"},
				"south": {"uv": [11, 5, 12.25, 6.25], "rotation": 180, "texture": "#1"},
				"west": {"uv": [12, 5, 12.25, 6.25], "rotation": 180, "texture": "#1"},
				"up": {"uv": [12.25, 6.25, 12, 5], "rotation": 90, "texture": "#1"},
				"down": {"uv": [12.25, 6.25, 12, 5], "rotation": 90, "texture": "#1"}
			}
		},
		{
			"from": [3.67578, 7.71885, 2.85633],
			"to": [5.17578, 9.21885, 6.85633],
			"rotation": {"angle": -45, "axis": "y", "origin": [5.62794, 8.46885, 5.46841]},
			"faces": {
				"north": {"uv": [11, 0.25, 13, 2.75], "rotation": 270, "texture": "#missing"},
				"east": {"uv": [4, 4.75, 6, 5.5], "rotation": 180, "texture": "#1"},
				"south": {"uv": [6, 0.25, 8, 2.75], "rotation": 270, "texture": "#missing"},
				"west": {"uv": [4, 4.75, 6, 5.5], "texture": "#1"},
				"up": {"uv": [6, 5.5, 4, 4.75], "rotation": 90, "texture": "#1"},
				"down": {"uv": [6, 5.5, 4, 4.75], "rotation": 270, "texture": "#1"}
			}
		},
		{
			"from": [7.25556, 11.17624, 2.85633],
			"to": [8.75556, 12.67624, 6.85633],
			"rotation": {"angle": -45, "axis": "x", "origin": [8.00556, 10.72408, 5.46841]},
			"faces": {
				"north": {"uv": [11, 0.25, 13, 2.75], "rotation": 180, "texture": "#missing"},
				"east": {"uv": [6, 5.5, 4, 4.75], "rotation": 180, "texture": "#1"},
				"south": {"uv": [6, 0.25, 8, 2.75], "texture": "#missing"},
				"west": {"uv": [6, 5.5, 4, 4.75], "texture": "#1"},
				"up": {"uv": [4, 4.75, 6, 5.5], "rotation": 90, "texture": "#1"},
				"down": {"uv": [4, 4.75, 6, 5.5], "rotation": 270, "texture": "#1"}
			}
		},
		{
			"from": [7.00556, 10.75341, 4.19598],
			"to": [9.00556, 12.75341, 10.19598],
			"rotation": {"angle": 22.5, "axis": "x", "origin": [8.00556, 10.72408, 5.46841]},
			"faces": {
				"north": {"uv": [8.5, 3.25, 7.5, 4.25], "rotation": 270, "texture": "#1"},
				"east": {"uv": [4, 4.25, 7, 3.25], "rotation": 180, "texture": "#1"},
				"south": {"uv": [6, 0.25, 8, 2.75], "texture": "#missing"},
				"west": {"uv": [4, 4.25, 7, 3.25], "texture": "#1"},
				"up": {"uv": [7, 3.25, 4, 4.25], "rotation": 90, "texture": "#1"},
				"down": {"uv": [7, 3.25, 4, 4.25], "rotation": 270, "texture": "#1"}
			}
		},
		{
			"from": [6.00556, 5.84646, 13.92304],
			"to": [10.00556, 10.84646, 14.92304],
			"rotation": {"angle": 0, "axis": "y", "origin": [6.00556, 3.84646, 13.42304]},
			"faces": {
				"north": {"uv": [7, 0.25, 9, 2.75], "texture": "#1"},
				"east": {"uv": [7, 0.25, 7.25, 2.75], "texture": "#1"},
				"south": {"uv": [7, 0.25, 9, 2.75], "texture": "#1"},
				"west": {"uv": [7, 0.25, 7.25, 2.75], "texture": "#1"},
				"up": {"uv": [7, 0.25, 9, 0.5], "texture": "#1"},
				"down": {"uv": [7, 0.25, 9, 0.5], "texture": "#1"}
			}
		},
		{
			"from": [6.25556, 6.09646, 13.42304],
			"to": [9.75556, 10.59646, 13.92304],
			"rotation": {"angle": 0, "axis": "y", "origin": [6.00556, 3.84646, 13.42304]},
			"faces": {
				"north": {"uv": [0.25, 0.25, 0.5, 2.5], "texture": "#1"},
				"east": {"uv": [0.25, 0.25, 0.5, 2.5], "texture": "#1"},
				"south": {"uv": [0.25, 0.25, 0.5, 2.5], "texture": "#1"},
				"west": {"uv": [0.25, 0.25, 0.5, 2.5], "texture": "#1"},
				"up": {"uv": [0.25, 0.5, 0.5, 2.25], "rotation": 90, "texture": "#1"},
				"down": {"uv": [0.25, 0.5, 0.5, 2.25], "rotation": 90, "texture": "#1"}
			}
		}
	],
	"display": {
		"thirdperson_righthand": {
			"rotation": [59, 0, 0],
			"translation": [-0.5, -3.25, 8.15]
		},
		"thirdperson_lefthand": {
			"rotation": [67.5, 0, 0],
			"translation": [-0.5, -2.75, 8.2]
		},
		"firstperson_righthand": {
			"rotation": [4, 3, -11],
			"translation": [-4, -1.25, 6]
		},
		"firstperson_lefthand": {
			"rotation": [137, 18, -11],
			"translation": [0, -0.25, 1.25],
			"scale": [0, 0, 0]
		},
		"ground": {
			"translation": [0, 4.5, 0]
		},
		"gui": {
			"rotation": [20, 135, 0],
			"translation": [0.5, 0.75, 0]
		}
	},
	"groups": [
		{
			"name": "gun",
			"origin": [0, 0, 0],
			"color": 0,
			"children": [0, 1, 2, 3, 4, 5, 6, 7, 8, 9, 10, 11, 12, 13, 14, 15, 16, 17]
		}
	]
}