{
	"parent": "item/generated",
	"textures": {
		"layer0": "item/iron_nugget"
	},
	
	"overrides": [
		{"predicate": {"custom_model_data":1}, "model": "item/iron_nugget1"},
		{"predicate": {"custom_model_data":2}, "model": "item/iron_nugget2"},
                     	{"predicate": {"custom_model_data":3}, "model": "item/iron_nugget3"},
                     	{"predicate": {"custom_model_data":4}, "model": "item/iron_nugget4"},
                     	{"predicate": {"custom_model_data":5}, "model": "item/iron_nugget5"},
                     	{"predicate": {"custom_model_data":6}, "model": "item/iron_nugget6"},
                     	{"predicate": {"custom_model_data":7}, "model": "item/iron_nugget7"},
                     	{"predicate": {"custom_model_data":8}, "model": "item/iron_nugget8"},
                     	{"predicate": {"custom_model_data":9}, "model": "item/iron_nugget9"},
                     	{"predicate": {"custom_model_data":10}, "model": "item/iron_nugget10"},
                     	{"predicate": {"custom_model_data":11}, "model": "item/iron_nugget11"},
                     	{"predicate": {"custom_model_data":12}, "model": "item/iron_nugget12"},
                     	{"predicate": {"custom_model_data":13}, "model": "item/iron_nugget13"},
                     	{"predicate": {"custom_model_data":14}, "model": "item/iron_nugget14"},
                     	{"predicate": {"custom_model_data":15}, "model": "item/iron_nugget15"},
                     	{"predicate": {"custom_model_data":16}, "model": "item/iron_nugget16"},
                     	{"predicate": {"custom_model_data":17}, "model": "item/iron_nugget17"},
                     	{"predicate": {"custom_model_data":18}, "model": "item/iron_nugget18"},
                     	{"predicate": {"custom_model_data":19}, "model": "item/iron_nugget19"},
                     	{"predicate": {"custom_model_data":20}, "model": "item/iron_nugget20"},
                     	{"predicate": {"custom_model_data":21}, "model": "item/iron_nugget21"},
                     	{"predicate": {"custom_model_data":22}, "model": "item/iron_nugget22"},
                     	{"predicate": {"custom_model_data":23}, "model": "item/iron_nugget23"},
                     	{"predicate": {"custom_model_data":24}, "model": "item/iron_nugget24"},
                     	{"predicate": {"custom_model_data":25}, "model": "item/iron_nugget25"},
                     	{"predicate": {"custom_model_data":26}, "model": "item/iron_nugget26"}

                               ]
}