{
	"credit": "Made with Blockbench",
	"texture_size": [32, 32],
	"textures": {
		"1": "items/weapon4"
	},
	"elements": [
		{
			"from": [5.95833, 4.875, 8.04167],
			"to": [9.95833, 9.875, 13.04167],
			"rotation": {"angle": 0, "axis": "y", "origin": [5.95833, 2.875, 13.04167]},
			"faces": {
				"north": {"uv": [3.25, 0.25, 5.25, 2.75], "texture": "#1"},
				"east": {"uv": [0.25, 0.25, 2.75, 2.75], "texture": "#1"},
				"south": {"uv": [3.25, 0.25, 5.25, 2.75], "texture": "#1"},
				"west": {"uv": [0.25, 0.25, 2.75, 2.75], "texture": "#1"},
				"up": {"uv": [3.25, 0.25, 5.25, 2.75], "texture": "#1"},
				"down": {"uv": [3.25, 0.25, 5.25, 2.75], "texture": "#1"}
			}
		},
		{
			"from": [6.95833, 6.625, 2.04167],
			"to": [8.95833, 9.625, 8.04167],
			"rotation": {"angle": 0, "axis": "y", "origin": [5.95833, 2.875, 13.04167]},
			"faces": {
				"north": {"uv": [14.75, 0.25, 15.75, 1.75], "texture": "#1"},
				"east": {"uv": [6.5, 0.25, 9.5, 1.75], "texture": "#1"},
				"south": {"uv": [3.75, 0.25, 6.25, 2.25], "rotation": 90, "texture": "#missing"},
				"west": {"uv": [6.5, 0.25, 9.5, 1.75], "rotation": 180, "texture": "#1"},
				"up": {"uv": [10, 0.25, 13, 1.25], "rotation": 270, "texture": "#1"},
				"down": {"uv": [10, 0.25, 13, 1.25], "rotation": 90, "texture": "#1"}
			}
		},
		{
			"from": [7.45833, 9.625, 2.04167],
			"to": [8.45833, 11.125, 5.04167],
			"rotation": {"angle": 0, "axis": "y", "origin": [7.95833, 10.375, 3.54167]},
			"faces": {
				"north": {"uv": [11.1, 6, 11.225, 6.75], "texture": "#1"},
				"east": {"uv": [9.75, 6, 11.25, 6.75], "texture": "#1"},
				"south": {"uv": [11.3, 6, 11.425, 6.75], "texture": "#1"},
				"west": {"uv": [9.75, 4.25, 11.25, 5], "texture": "#1"},
				"up": {"uv": [9.75, 5.75, 11.25, 6.25], "rotation": 270, "texture": "#1"},
				"down": {"uv": [3.75, 0.25, 6.75, 2.25], "rotation": 90, "texture": "#missing"}
			}
		},
		{
			"from": [6.20833, 2.875, 6.04167],
			"to": [10.70833, 7.375, 11.04167],
			"rotation": {"angle": 45, "axis": "z", "origin": [7.95833, 4.625, 7.04167]},
			"faces": {
				"north": {"uv": [0.25, 3.25, 2.5, 5.5], "texture": "#1"},
				"east": {"uv": [2.75, 3.25, 5.25, 5.5], "texture": "#1"},
				"south": {"uv": [0.25, 3.25, 2.5, 5.5], "rotation": 90, "texture": "#1"},
				"west": {"uv": [2.75, 3.25, 5.25, 5.5], "texture": "#1"},
				"up": {"uv": [2.75, 3.25, 5.25, 5.5], "rotation": 270, "texture": "#1"},
				"down": {"uv": [5.75, 3.25, 8.25, 5.5], "rotation": 90, "texture": "#1"}
			}
		},
		{
			"from": [7.45833, 6.875, 9.04167],
			"to": [9.45833, 8.875, 12.04167],
			"rotation": {"angle": 45, "axis": "z", "origin": [7.95833, 4.625, 7.04167]},
			"faces": {
				"north": {"uv": [0.25, 3.25, 1.25, 4.25], "rotation": 90, "texture": "#1"},
				"east": {"uv": [4.75, 3.75, 6.25, 4.75], "rotation": 270, "texture": "#1"},
				"south": {"uv": [0.25, 3.25, 1.25, 4.25], "texture": "#1"},
				"west": {"uv": [4.75, 3.75, 6.25, 4.75], "rotation": 180, "texture": "#1"},
				"up": {"uv": [4.75, 3.75, 6.25, 4.75], "rotation": 270, "texture": "#1"},
				"down": {"uv": [4.75, 3.75, 6.25, 4.75], "rotation": 270, "texture": "#1"}
			}
		},
		{
			"from": [6.45833, 6.875, 9.04167],
			"to": [8.45833, 8.875, 12.04167],
			"rotation": {"angle": -45, "axis": "z", "origin": [7.95833, 4.625, 7.04167]},
			"faces": {
				"north": {"uv": [0.25, 4.25, 1.25, 3.25], "rotation": 90, "texture": "#1"},
				"east": {"uv": [6.25, 3.75, 4.75, 4.75], "rotation": 180, "texture": "#1"},
				"south": {"uv": [1.25, 3.25, 0.25, 4.25], "texture": "#1"},
				"west": {"uv": [4.75, 4.75, 6.25, 3.75], "rotation": 270, "texture": "#1"},
				"up": {"uv": [4.75, 4.75, 6.25, 3.75], "rotation": 270, "texture": "#1"},
				"down": {"uv": [4.75, 4.75, 6.25, 3.75], "rotation": 270, "texture": "#1"}
			}
		},
		{
			"from": [4.95833, 5.875, 3.79167],
			"to": [5.95833, 9.875, 6.29167],
			"rotation": {"angle": 45, "axis": "z", "origin": [4.95833, 9.375, 5.04167]},
			"faces": {
				"north": {"uv": [3.75, 3.25, 4.25, 5.25], "texture": "#1"},
				"east": {"uv": [2.75, 3.25, 4, 5.25], "rotation": 180, "texture": "#1"},
				"south": {"uv": [3.75, 3.25, 4.25, 5.25], "texture": "#1"},
				"west": {"uv": [2.75, 3.25, 4, 5.25], "texture": "#1"},
				"up": {"uv": [3.75, 0.25, 6.75, 2.25], "rotation": 270, "texture": "#missing"},
				"down": {"uv": [3.75, 0.25, 6.75, 2.25], "rotation": 270, "texture": "#missing"}
			}
		},
		{
			"from": [9.95833, 5.875, 3.79167],
			"to": [10.95833, 9.875, 6.29167],
			"rotation": {"angle": -45, "axis": "z", "origin": [10.95833, 9.375, 5.04167]},
			"faces": {
				"north": {"uv": [4.25, 3.25, 3.75, 5.25], "texture": "#1"},
				"east": {"uv": [4, 3.25, 2.75, 5.25], "texture": "#1"},
				"south": {"uv": [4.25, 3.25, 3.75, 5.25], "texture": "#1"},
				"west": {"uv": [4, 3.25, 2.75, 5.25], "rotation": 180, "texture": "#1"},
				"up": {"uv": [3.75, 2.25, 6.75, 0.25], "rotation": 270, "texture": "#missing"},
				"down": {"uv": [3.75, 2.25, 6.75, 0.25], "rotation": 270, "texture": "#missing"}
			}
		},
		{
			"from": [3.95833, 7.875, 3.04167],
			"to": [5.95833, 10.875, 7.04167],
			"rotation": {"angle": 0, "axis": "y", "origin": [5.95833, 2.875, 13.04167]},
			"faces": {
				"north": {"uv": [13.5, 0.25, 14.5, 1.75], "texture": "#1"},
				"east": {"uv": [9.75, 2.25, 11.75, 3.75], "texture": "#1"},
				"south": {"uv": [11.75, 4.25, 12.75, 5.75], "texture": "#1"},
				"west": {"uv": [9.75, 2.25, 11.75, 3.75], "rotation": 180, "texture": "#1"},
				"up": {"uv": [12.5, 2.25, 14.5, 3.25], "rotation": 270, "texture": "#1"},
				"down": {"uv": [12.5, 2.25, 14.5, 3.25], "rotation": 90, "texture": "#1"}
			}
		},
		{
			"from": [9.95833, 7.875, 3.04167],
			"to": [11.95833, 10.875, 7.04167],
			"rotation": {"angle": 0, "axis": "y", "origin": [9.95833, 2.875, 13.04167]},
			"faces": {
				"north": {"uv": [14.5, 0.25, 13.5, 1.75], "texture": "#1"},
				"east": {"uv": [11.75, 2.25, 9.75, 3.75], "rotation": 180, "texture": "#1"},
				"south": {"uv": [11.75, 4.25, 12.75, 5.75], "texture": "#1"},
				"west": {"uv": [11.75, 2.25, 9.75, 3.75], "texture": "#1"},
				"up": {"uv": [12.5, 3.25, 14.5, 2.25], "rotation": 270, "texture": "#1"},
				"down": {"uv": [12.5, 3.25, 14.5, 2.25], "rotation": 90, "texture": "#1"}
			}
		},
		{
			"from": [5.95833, 4.875, 13.54167],
			"to": [9.95833, 9.875, 14.04167],
			"rotation": {"angle": 0, "axis": "y", "origin": [5.95833, 2.875, 13.04167]},
			"faces": {
				"north": {"uv": [3.25, 0.25, 5.25, 2.75], "texture": "#1"},
				"east": {"uv": [3.25, 0.25, 3.5, 2.75], "texture": "#1"},
				"south": {"uv": [3.25, 0.25, 5.25, 2.75], "texture": "#1"},
				"west": {"uv": [3.25, 0.25, 3.5, 2.75], "texture": "#1"},
				"up": {"uv": [3.25, 0.25, 5.25, 0.5], "texture": "#1"},
				"down": {"uv": [3.25, 0.25, 5.25, 0.5], "texture": "#1"}
			}
		},
		{
			"from": [6.20833, 5.125, 13.04167],
			"to": [9.70833, 9.625, 13.54167],
			"rotation": {"angle": 0, "axis": "y", "origin": [5.95833, 2.875, 13.04167]},
			"faces": {
				"north": {"uv": [5.75, 0.25, 6, 2.5], "texture": "#1"},
				"east": {"uv": [5.75, 0.25, 6, 2.5], "texture": "#1"},
				"south": {"uv": [2, 0.25, 4, 2.75], "texture": "#missing"},
				"west": {"uv": [5.75, 0.25, 6, 2.5], "texture": "#1"},
				"up": {"uv": [5.75, 0.5, 6, 2.25], "rotation": 90, "texture": "#1"},
				"down": {"uv": [5.75, 0.5, 6, 2.25], "rotation": 90, "texture": "#1"}
			}
		}
	],
	"display": {
		"thirdperson_righthand": {
			"rotation": [59, 0, 0],
			"translation": [-0.5, -3.25, 8.15]
		},
		"thirdperson_lefthand": {
			"rotation": [67.5, 0, 0],
			"translation": [-0.5, -2.75, 8.2]
		},
		"firstperson_righthand": {
			"rotation": [4, 3, -11],
			"translation": [-4, -1.25, 6]
		},
		"firstperson_lefthand": {
			"rotation": [137, 18, -11],
			"translation": [0, -0.25, 1.25],
			"scale": [0, 0, 0]
		},
		"ground": {
			"translation": [0, 4, 0]
		},
		"gui": {
			"rotation": [20, 135, 0]
		}
	},
	"groups": [
		{
			"name": "gun",
			"origin": [0, 0, 0],
			"color": 0,
			"children": [0, 1, 2, 3, 4, 5, 6, 7, 8, 9, 10, 11]
		}
	]
}