{
	"credit": "Made with Blockbench",
	"texture_size": [32, 32],
	"textures": {
		"1": "items/weapon1"
	},
	"elements": [
		{
			"from": [6.04167, 5.17251, 6.01559],
			"to": [10.04167, 10.17251, 11.01559],
			"rotation": {"angle": 0, "axis": "y", "origin": [6.04167, 3.17251, 11.01559]},
			"faces": {
				"north": {"uv": [3.25, 0.25, 5.25, 2.75], "texture": "#1"},
				"east": {"uv": [0.25, 0.25, 2.75, 2.75], "texture": "#1"},
				"south": {"uv": [3.25, 0.25, 5.25, 2.75], "texture": "#1"},
				"west": {"uv": [0.25, 0.25, 2.75, 2.75], "texture": "#1"},
				"up": {"uv": [3.25, 0.25, 5.25, 2.75], "texture": "#1"},
				"down": {"uv": [3.25, 0.25, 5.25, 2.75], "texture": "#1"}
			}
		},
		{
			"from": [6.04167, 5.17251, 11.51559],
			"to": [10.04167, 10.17251, 12.01559],
			"rotation": {"angle": 0, "axis": "y", "origin": [6.04167, 3.17251, 11.01559]},
			"faces": {
				"north": {"uv": [3.25, 0.25, 5.25, 2.75], "texture": "#1"},
				"east": {"uv": [3.25, 0.25, 3.5, 2.75], "texture": "#1"},
				"south": {"uv": [3.25, 0.25, 5.25, 2.75], "texture": "#1"},
				"west": {"uv": [3.25, 0.25, 3.5, 2.75], "texture": "#1"},
				"up": {"uv": [3.25, 0.25, 5.25, 0.5], "texture": "#1"},
				"down": {"uv": [3.25, 0.25, 5.25, 0.5], "texture": "#1"}
			}
		},
		{
			"from": [6.29167, 5.42251, 11.01559],
			"to": [9.79167, 9.92251, 11.51559],
			"rotation": {"angle": 0, "axis": "y", "origin": [6.04167, 3.17251, 11.01559]},
			"faces": {
				"north": {"uv": [0, 0.25, 2, 2.75], "texture": "#missing"},
				"east": {"uv": [5.75, 0.25, 6, 2.5], "texture": "#1"},
				"south": {"uv": [2, 0.25, 4, 2.75], "texture": "#missing"},
				"west": {"uv": [5.75, 0.25, 6, 2.5], "texture": "#1"},
				"up": {"uv": [5.75, 0.5, 6, 2.25], "rotation": 90, "texture": "#1"},
				"down": {"uv": [5.75, 0.5, 6, 2.25], "rotation": 90, "texture": "#1"}
			}
		},
		{
			"from": [5.54167, 2.72251, 6.51559],
			"to": [9.54167, 6.72251, 8.51559],
			"rotation": {"angle": 45, "axis": "z", "origin": [8.04167, 5.47251, 8.01559]},
			"faces": {
				"north": {"uv": [3.25, 3.25, 5.25, 5.25], "rotation": 180, "texture": "#1"},
				"east": {"uv": [5.5, 3.25, 6.5, 5.25], "rotation": 180, "texture": "#1"},
				"south": {"uv": [3.25, 3.25, 5.25, 5.25], "rotation": 180, "texture": "#1"},
				"west": {"uv": [5.5, 3.25, 6.5, 5.25], "rotation": 180, "texture": "#1"},
				"up": {"uv": [5.5, 3.25, 6.5, 5.25], "rotation": 90, "texture": "#1"},
				"down": {"uv": [5.5, 3.25, 6.5, 5.25], "rotation": 90, "texture": "#1"}
			}
		},
		{
			"from": [2.41667, 7.04751, 7.01559],
			"to": [5.41667, 8.54751, 8.51559],
			"rotation": {"angle": 22.5, "axis": "y", "origin": [8.04167, 5.04751, 5.01559]},
			"faces": {
				"north": {"uv": [7, 3.25, 8.5, 4], "texture": "#1"},
				"east": {"uv": [0, 3.5, 1, 4.5], "rotation": 270, "texture": "#missing"},
				"south": {"uv": [7, 3.25, 8.5, 4], "rotation": 180, "texture": "#1"},
				"west": {"uv": [3.5, 3.5, 4.5, 4.5], "rotation": 270, "texture": "#missing"},
				"up": {"uv": [7, 3.25, 8.5, 4], "rotation": 180, "texture": "#1"},
				"down": {"uv": [7, 3.25, 8.5, 4], "rotation": 180, "texture": "#1"}
			}
		},
		{
			"from": [10.66667, 7.04751, 7.01559],
			"to": [13.66667, 8.54751, 8.51559],
			"rotation": {"angle": -22.5, "axis": "y", "origin": [8.04167, 5.04751, 5.01559]},
			"faces": {
				"north": {"uv": [8.5, 3.25, 7, 4], "texture": "#1"},
				"east": {"uv": [3.5, 4.5, 4.5, 3.5], "rotation": 270, "texture": "#missing"},
				"south": {"uv": [8.5, 3.25, 7, 4], "rotation": 180, "texture": "#1"},
				"west": {"uv": [0, 4.5, 1, 3.5], "rotation": 270, "texture": "#missing"},
				"up": {"uv": [8.5, 3.25, 7, 4], "rotation": 180, "texture": "#1"},
				"down": {"uv": [8.5, 3.25, 7, 4], "rotation": 180, "texture": "#1"}
			}
		},
		{
			"from": [7.29167, 9.61245, 7.42207],
			"to": [8.79167, 11.11245, 10.42207],
			"rotation": {"angle": -22.5, "axis": "x", "origin": [8.04167, 11.36245, 10.17207]},
			"faces": {
				"north": {"uv": [0, 4.5, 1, 3.5], "texture": "#missing"},
				"east": {"uv": [8.5, 3.25, 7, 4], "texture": "#1"},
				"south": {"uv": [3.5, 4.5, 4.5, 3.5], "rotation": 180, "texture": "#missing"},
				"west": {"uv": [8.5, 3.25, 7, 4], "rotation": 180, "texture": "#1"},
				"up": {"uv": [8.5, 3.25, 7, 4], "rotation": 270, "texture": "#1"},
				"down": {"uv": [8.5, 3.25, 7, 4], "rotation": 90, "texture": "#1"}
			}
		},
		{
			"from": [0.41667, 6.79751, 6.76559],
			"to": [2.41667, 8.79751, 8.76559],
			"rotation": {"angle": 22.5, "axis": "y", "origin": [8.04167, 5.04751, 5.01559]},
			"faces": {
				"north": {"uv": [6.5, 0.25, 7.5, 1.25], "rotation": 270, "texture": "#1"},
				"east": {"uv": [6.5, 0.25, 7.5, 1.25], "rotation": 270, "texture": "#1"},
				"south": {"uv": [6.5, 0.25, 7.5, 1.25], "rotation": 270, "texture": "#1"},
				"west": {"uv": [6.5, 0.25, 7.5, 1.25], "rotation": 270, "texture": "#1"},
				"up": {"uv": [6.5, 0.25, 7.5, 1.25], "rotation": 270, "texture": "#1"},
				"down": {"uv": [6.5, 0.25, 7.5, 1.25], "rotation": 270, "texture": "#1"}
			}
		},
		{
			"from": [13.66667, 6.79751, 6.76559],
			"to": [15.66667, 8.79751, 8.76559],
			"rotation": {"angle": -22.5, "axis": "y", "origin": [8.04167, 5.04751, 5.01559]},
			"faces": {
				"north": {"uv": [6.5, 1.25, 7.5, 0.25], "rotation": 270, "texture": "#1"},
				"east": {"uv": [6.5, 1.25, 7.5, 0.25], "rotation": 270, "texture": "#1"},
				"south": {"uv": [6.5, 1.25, 7.5, 0.25], "rotation": 270, "texture": "#1"},
				"west": {"uv": [6.5, 1.25, 7.5, 0.25], "rotation": 270, "texture": "#1"},
				"up": {"uv": [6.5, 1.25, 7.5, 0.25], "rotation": 270, "texture": "#1"},
				"down": {"uv": [6.5, 1.25, 7.5, 0.25], "rotation": 270, "texture": "#1"}
			}
		},
		{
			"from": [7.04167, 9.36245, 10.42207],
			"to": [9.04167, 11.36245, 12.42207],
			"rotation": {"angle": -22.5, "axis": "x", "origin": [8.04167, 11.36245, 10.17207]},
			"faces": {
				"north": {"uv": [6.5, 1.25, 7.5, 0.25], "texture": "#1"},
				"east": {"uv": [6.5, 1.25, 7.5, 0.25], "rotation": 90, "texture": "#1"},
				"south": {"uv": [6.5, 1.25, 7.5, 0.25], "rotation": 180, "texture": "#1"},
				"west": {"uv": [6.5, 1.25, 7.5, 0.25], "rotation": 270, "texture": "#1"},
				"up": {"uv": [6.5, 1.25, 7.5, 0.25], "rotation": 180, "texture": "#1"},
				"down": {"uv": [6.5, 1.25, 7.5, 0.25], "rotation": 180, "texture": "#1"}
			}
		},
		{
			"from": [6.54167, 6.67251, 2.01559],
			"to": [9.54167, 9.67251, 6.01559],
			"rotation": {"angle": 0, "axis": "y", "origin": [6.04167, 3.17251, 11.01559]},
			"faces": {
				"north": {"uv": [11.5, 0.25, 13.5, 1.75], "texture": "#1"},
				"east": {"uv": [11.5, 0.25, 13.5, 1.75], "rotation": 180, "texture": "#1"},
				"south": {"uv": [11.5, 0.25, 13.5, 1.75], "texture": "#1"},
				"west": {"uv": [11.5, 0.25, 13.5, 1.75], "texture": "#1"},
				"up": {"uv": [11.5, 0.25, 13.5, 1.75], "rotation": 90, "texture": "#1"},
				"down": {"uv": [11.5, 0.25, 13.5, 1.75], "rotation": 270, "texture": "#1"}
			}
		},
		{
			"from": [6.04167, 6.17251, 1.01559],
			"to": [10.04167, 10.17251, 2.01559],
			"rotation": {"angle": 0, "axis": "y", "origin": [6.04167, 3.17251, 11.01559]},
			"faces": {
				"north": {"uv": [8, 0.25, 10, 2.25], "texture": "#1"},
				"east": {"uv": [10.5, 0.25, 11, 2.25], "texture": "#1"},
				"south": {"uv": [8, 0.25, 10, 2.25], "texture": "#1"},
				"west": {"uv": [10.5, 0.25, 11, 2.25], "texture": "#1"},
				"up": {"uv": [10.5, 0.25, 11, 2.25], "rotation": 90, "texture": "#1"},
				"down": {"uv": [10.5, 0.25, 11, 2.25], "rotation": 90, "texture": "#1"}
			}
		}
	],
	"display": {
		"thirdperson_righthand": {
			"rotation": [59, 0, 0],
			"translation": [-0.5, -3.25, 8.15]
		},
		"thirdperson_lefthand": {
			"rotation": [67.5, 0, 0],
			"translation": [-0.5, -2.75, 8.2]
		},
		"firstperson_righthand": {
			"rotation": [4, 3, -11],
			"translation": [-4, -1.25, 6]
		},
		"firstperson_lefthand": {
			"rotation": [137, 18, -11],
			"translation": [0, -0.25, 1.25],
			"scale": [0, 0, 0]
		},
		"ground": {
			"translation": [0, 4, 0]
		},
		"gui": {
			"rotation": [20, 135, 0]
		}
	},
	"groups": [
		{
			"name": "gun",
			"origin": [0, 0, 0],
			"color": 0,
			"children": [0, 1, 2, 3, 4, 5, 6, 7, 8, 9, 10, 11]
		}
	]
}