{
	"credit": "Made with Blockbench",
	"texture_size": [32, 32],
	"textures": {
		"1": "items/weapon9"
	},
	"elements": [
		{
			"from": [5.80582, 5.75935, 12.11111],
			"to": [9.80582, 10.75935, 15.11111],
			"rotation": {"angle": 0, "axis": "y", "origin": [5.80582, 3.75935, 15.11111]},
			"faces": {
				"north": {"uv": [5, 0.5, 6.5, 2.5], "rotation": 270, "texture": "#1"},
				"east": {"uv": [0.25, 0.25, 1.75, 2.75], "texture": "#1"},
				"south": {"uv": [5, 0.5, 6.5, 2.5], "rotation": 270, "texture": "#1"},
				"west": {"uv": [0.25, 0.25, 1.75, 2.75], "rotation": 180, "texture": "#1"},
				"up": {"uv": [3, 0.5, 4.5, 2.5], "rotation": 270, "texture": "#1"},
				"down": {"uv": [3, 0.5, 4.5, 2.5], "rotation": 90, "texture": "#1"}
			}
		},
		{
			"from": [5.30582, 5.25935, 10.11111],
			"to": [10.30582, 11.25935, 12.11111],
			"rotation": {"angle": 0, "axis": "y", "origin": [5.80582, 3.75935, 16.11111]},
			"faces": {
				"north": {"uv": [10, 0.25, 12.5, 3.25], "texture": "#1"},
				"east": {"uv": [12.75, 0.25, 13.75, 3.25], "texture": "#1"},
				"south": {"uv": [10, 0.25, 12.5, 3.25], "texture": "#1"},
				"west": {"uv": [12.75, 0.25, 13.75, 3.25], "texture": "#1"},
				"up": {"uv": [14, 0.25, 15, 2.75], "rotation": 90, "texture": "#1"},
				"down": {"uv": [14, 0.25, 15, 2.75], "rotation": 90, "texture": "#1"}
			}
		},
		{
			"from": [5.30582, 5.25935, 7.11111],
			"to": [10.30582, 11.25935, 9.11111],
			"rotation": {"angle": 0, "axis": "y", "origin": [5.80582, 3.75935, 16.11111]},
			"faces": {
				"north": {"uv": [10, 0.25, 12.5, 3.25], "texture": "#1"},
				"east": {"uv": [12.75, 0.25, 13.75, 3.25], "texture": "#1"},
				"south": {"uv": [10, 0.25, 12.5, 3.25], "texture": "#1"},
				"west": {"uv": [12.75, 0.25, 13.75, 3.25], "texture": "#1"},
				"up": {"uv": [14, 0.25, 15, 2.75], "rotation": 90, "texture": "#1"},
				"down": {"uv": [14, 0.25, 15, 2.75], "rotation": 90, "texture": "#1"}
			}
		},
		{
			"from": [5.30582, 5.75935, 0.11111],
			"to": [10.30582, 10.75935, 2.11111],
			"rotation": {"angle": 0, "axis": "y", "origin": [5.80582, 3.25935, 16.11111]},
			"faces": {
				"north": {"uv": [13, 3.75, 15.5, 6.25], "texture": "#1"},
				"east": {"uv": [12.75, 0.25, 13.75, 3.25], "texture": "#1"},
				"south": {"uv": [10, 0.25, 12.5, 3.25], "texture": "#1"},
				"west": {"uv": [14, 0.25, 15, 2.75], "texture": "#1"},
				"up": {"uv": [14, 0.25, 15, 2.75], "rotation": 90, "texture": "#1"},
				"down": {"uv": [14, 0.25, 15, 2.75], "rotation": 90, "texture": "#1"}
			}
		},
		{
			"from": [5.80582, 5.75935, 9.11111],
			"to": [9.80582, 10.75935, 10.11111],
			"rotation": {"angle": 0, "axis": "y", "origin": [5.80582, 3.75935, 16.11111]},
			"faces": {
				"north": {"uv": [0.25, 6, 2.25, 8.5], "texture": "#1"},
				"east": {"uv": [1.25, 0.25, 1.75, 2.75], "texture": "#1"},
				"south": {"uv": [7.25, 0.25, 9.75, 2.25], "rotation": 90, "texture": "#missing"},
				"west": {"uv": [1.25, 0.25, 1.75, 2.75], "rotation": 180, "texture": "#1"},
				"up": {"uv": [3.75, 0.5, 4.25, 2.5], "rotation": 270, "texture": "#1"},
				"down": {"uv": [3.75, 0.5, 4.25, 2.5], "rotation": 270, "texture": "#1"}
			}
		},
		{
			"from": [10.55582, 2.50935, 9.61111],
			"to": [15.05582, 7.00935, 14.61111],
			"rotation": {"angle": 45, "axis": "z", "origin": [7.80582, 4.50935, 8.61111]},
			"faces": {
				"north": {"uv": [0.25, 5.5, 2.5, 3.25], "rotation": 90, "texture": "#1"},
				"east": {"uv": [5.25, 3.25, 2.75, 5.5], "rotation": 180, "texture": "#1"},
				"south": {"uv": [2.5, 3.25, 0.25, 5.5], "rotation": 180, "texture": "#1"},
				"west": {"uv": [8.25, 3.25, 5.75, 5.5], "texture": "#1"},
				"up": {"uv": [5.75, 5.5, 8.25, 3.25], "rotation": 90, "texture": "#1"},
				"down": {"uv": [2.75, 5.5, 5.25, 3.25], "rotation": 270, "texture": "#1"}
			}
		},
		{
			"from": [11.09764, 8.16361, 4.61111],
			"to": [11.59764, 8.66361, 9.61111],
			"rotation": {"angle": -22.5, "axis": "z", "origin": [10.72264, 8.66361, 5.98611]},
			"faces": {
				"north": {"uv": [6.25, 6, 6.5, 5.75], "rotation": 180, "texture": "#1"},
				"east": {"uv": [6.25, 6, 6.5, 8.5], "rotation": 270, "texture": "#1"},
				"south": {"uv": [2.5, 3.25, 0.25, 5.5], "rotation": 90, "texture": "#1"},
				"west": {"uv": [6.25, 6, 6.5, 8.5], "rotation": 90, "texture": "#1"},
				"up": {"uv": [6.25, 6, 6.5, 8.5], "rotation": 180, "texture": "#1"},
				"down": {"uv": [6.25, 6, 6.5, 8.5], "texture": "#1"}
			}
		},
		{
			"from": [8.59764, 8.16361, 4.61111],
			"to": [11.59764, 8.66361, 5.11111],
			"rotation": {"angle": -22.5, "axis": "z", "origin": [10.72264, 8.66361, 5.98611]},
			"faces": {
				"north": {"uv": [6.25, 6, 6.5, 7.5], "rotation": 90, "texture": "#1"},
				"east": {"uv": [6.25, 6, 6.5, 5.75], "rotation": 180, "texture": "#1"},
				"south": {"uv": [6.25, 6, 6.5, 7.5], "rotation": 270, "texture": "#1"},
				"west": {"uv": [2.5, 3.25, 0.25, 5.5], "rotation": 90, "texture": "#1"},
				"up": {"uv": [6.25, 6, 6.5, 7.5], "rotation": 270, "texture": "#1"},
				"down": {"uv": [6.25, 6, 6.5, 7.5], "rotation": 270, "texture": "#1"}
			}
		},
		{
			"from": [4.10968, 7.68264, 9.61111],
			"to": [7.10968, 8.18264, 10.11111],
			"rotation": {"angle": 45, "axis": "z", "origin": [4.98468, 8.43264, 5.98611]},
			"faces": {
				"north": {"uv": [6.25, 7.5, 6.5, 6], "rotation": 90, "texture": "#1"},
				"east": {"uv": [2.5, 5.5, 0.25, 3.25], "rotation": 90, "texture": "#1"},
				"south": {"uv": [6.25, 7.5, 6.5, 6], "rotation": 270, "texture": "#1"},
				"west": {"uv": [6.5, 6, 6.25, 5.75], "rotation": 180, "texture": "#1"},
				"up": {"uv": [6.25, 7.5, 6.5, 6], "rotation": 270, "texture": "#1"},
				"down": {"uv": [6.25, 7.5, 6.5, 6], "rotation": 270, "texture": "#1"}
			}
		},
		{
			"from": [4.10968, 7.68264, 4.61111],
			"to": [7.10968, 8.18264, 5.11111],
			"rotation": {"angle": 45, "axis": "z", "origin": [4.98468, 8.43264, 5.98611]},
			"faces": {
				"north": {"uv": [6.25, 7.5, 6.5, 6], "rotation": 90, "texture": "#1"},
				"east": {"uv": [2.5, 5.5, 0.25, 3.25], "rotation": 90, "texture": "#1"},
				"south": {"uv": [6.25, 7.5, 6.5, 6], "rotation": 270, "texture": "#1"},
				"west": {"uv": [6.5, 6, 6.25, 5.75], "rotation": 180, "texture": "#1"},
				"up": {"uv": [6.25, 7.5, 6.5, 6], "rotation": 270, "texture": "#1"},
				"down": {"uv": [6.25, 7.5, 6.5, 6], "rotation": 270, "texture": "#1"}
			}
		},
		{
			"from": [4.10968, 7.68264, 4.61111],
			"to": [4.60968, 8.18264, 9.61111],
			"rotation": {"angle": 45, "axis": "z", "origin": [4.98468, 8.43264, 5.98611]},
			"faces": {
				"north": {"uv": [6.5, 6, 6.25, 5.75], "rotation": 180, "texture": "#1"},
				"east": {"uv": [6.25, 8.5, 6.5, 6], "rotation": 90, "texture": "#1"},
				"south": {"uv": [2.5, 5.5, 0.25, 3.25], "rotation": 90, "texture": "#1"},
				"west": {"uv": [6.25, 8.5, 6.5, 6], "rotation": 270, "texture": "#1"},
				"up": {"uv": [6.5, 6, 6.25, 8.5], "rotation": 180, "texture": "#1"},
				"down": {"uv": [6.5, 6, 6.25, 8.5], "texture": "#1"}
			}
		},
		{
			"from": [5.80582, 5.75935, 15.61111],
			"to": [9.80582, 10.75935, 16.61111],
			"rotation": {"angle": 0, "axis": "y", "origin": [5.80582, 3.75935, 15.11111]},
			"faces": {
				"north": {"uv": [5, 0.5, 6.5, 2.5], "rotation": 270, "texture": "#1"},
				"east": {"uv": [2.5, 0.25, 3, 2.75], "texture": "#1"},
				"south": {"uv": [4.75, 0.25, 6.75, 2.75], "rotation": 180, "texture": "#1"},
				"west": {"uv": [2.5, 0.25, 3, 2.75], "texture": "#1"},
				"up": {"uv": [6.75, 0.5, 7.25, 2.5], "rotation": 90, "texture": "#1"},
				"down": {"uv": [6.75, 0.5, 7.25, 2.5], "rotation": 90, "texture": "#1"}
			}
		},
		{
			"from": [6.05582, 6.00935, 15.11111],
			"to": [9.55582, 10.50935, 15.61111],
			"rotation": {"angle": 0, "axis": "y", "origin": [5.80582, 3.75935, 15.11111]},
			"faces": {
				"north": {"uv": [5.75, 0.25, 6, 2.5], "texture": "#missing"},
				"east": {"uv": [9, 3.25, 9.25, 5.5], "texture": "#1"},
				"south": {"uv": [2, 0.25, 4, 2.75], "texture": "#missing"},
				"west": {"uv": [9, 3.25, 9.25, 5.5], "texture": "#1"},
				"up": {"uv": [9, 3.5, 9.25, 5.25], "rotation": 90, "texture": "#1"},
				"down": {"uv": [9, 3.5, 9.25, 5.25], "rotation": 90, "texture": "#1"}
			}
		},
		{
			"from": [7.30582, 7.00935, 2.11111],
			"to": [9.30582, 9.00935, 7.11111],
			"rotation": {"angle": 45, "axis": "z", "origin": [7.80582, 7.25935, 4.61111]},
			"faces": {
				"north": {"uv": [0.25, 6, 2.75, 7], "texture": "#1"},
				"east": {"uv": [0.25, 6, 2.75, 7], "texture": "#1"},
				"south": {"uv": [0.25, 6, 2.75, 7], "texture": "#1"},
				"west": {"uv": [0.25, 6, 2.75, 7], "texture": "#1"},
				"up": {"uv": [0.25, 6, 2.75, 7], "rotation": 90, "texture": "#1"},
				"down": {"uv": [0.25, 6, 2.75, 7], "rotation": 90, "texture": "#1"}
			}
		},
		{
			"from": [5.80582, 8.75935, 2.11111],
			"to": [7.30582, 10.25935, 7.11111],
			"rotation": {"angle": -22.5, "axis": "z", "origin": [6.80582, 9.25935, 4.61111]},
			"faces": {
				"north": {"uv": [3.25, 6, 5.75, 6.75], "texture": "#1"},
				"east": {"uv": [3.25, 6, 5.75, 6.75], "rotation": 180, "texture": "#1"},
				"south": {"uv": [3.25, 6, 5.75, 6.75], "texture": "#1"},
				"west": {"uv": [3.25, 6, 5.75, 6.75], "texture": "#1"},
				"up": {"uv": [3.25, 6, 5.75, 6.75], "rotation": 270, "texture": "#1"},
				"down": {"uv": [3.25, 6, 5.75, 6.75], "rotation": 90, "texture": "#1"}
			}
		},
		{
			"from": [8.30582, 8.75935, 2.11111],
			"to": [9.80582, 10.25935, 7.11111],
			"rotation": {"angle": 22.5, "axis": "z", "origin": [8.80582, 9.25935, 4.61111]},
			"faces": {
				"north": {"uv": [5.75, 6, 3.25, 6.75], "texture": "#1"},
				"east": {"uv": [5.75, 6, 3.25, 6.75], "texture": "#1"},
				"south": {"uv": [5.75, 6, 3.25, 6.75], "texture": "#1"},
				"west": {"uv": [5.75, 6, 3.25, 6.75], "rotation": 180, "texture": "#1"},
				"up": {"uv": [3.25, 6.75, 5.75, 6], "rotation": 270, "texture": "#1"},
				"down": {"uv": [3.25, 6.75, 5.75, 6], "rotation": 90, "texture": "#1"}
			}
		},
		{
			"from": [8.19112, 6.13599, 2.11111],
			"to": [9.69112, 7.63599, 7.11111],
			"rotation": {"angle": -22.5, "axis": "z", "origin": [8.94112, 6.88599, 4.61111]},
			"faces": {
				"north": {"uv": [5.75, 6, 3.25, 6.75], "texture": "#1"},
				"east": {"uv": [5.75, 6, 3.25, 6.75], "texture": "#1"},
				"south": {"uv": [5.75, 6, 3.25, 6.75], "texture": "#1"},
				"west": {"uv": [5.75, 6, 3.25, 6.75], "rotation": 180, "texture": "#1"},
				"up": {"uv": [3.25, 6.75, 5.75, 6], "rotation": 270, "texture": "#1"},
				"down": {"uv": [3.25, 6.75, 5.75, 6], "rotation": 90, "texture": "#1"}
			}
		},
		{
			"from": [5.92052, 6.13599, 2.11111],
			"to": [7.42052, 7.63599, 7.11111],
			"rotation": {"angle": 22.5, "axis": "z", "origin": [6.67052, 6.88599, 4.61111]},
			"faces": {
				"north": {"uv": [3.25, 6, 5.75, 6.75], "texture": "#1"},
				"east": {"uv": [3.25, 6, 5.75, 6.75], "rotation": 180, "texture": "#1"},
				"south": {"uv": [3.25, 6, 5.75, 6.75], "texture": "#1"},
				"west": {"uv": [3.25, 6, 5.75, 6.75], "texture": "#1"},
				"up": {"uv": [3.25, 6, 5.75, 6.75], "rotation": 270, "texture": "#1"},
				"down": {"uv": [3.25, 6, 5.75, 6.75], "rotation": 90, "texture": "#1"}
			}
		}
	],
	"display": {
		"thirdperson_righthand": {
			"rotation": [59, 0, 0],
			"translation": [-0.5, -3.25, 8.15]
		},
		"thirdperson_lefthand": {
			"rotation": [67.5, 0, 0],
			"translation": [-0.5, -2.75, 8.2]
		},
		"firstperson_righthand": {
			"rotation": [4, 3, -11],
			"translation": [-4, -1.25, 6]
		},
		"firstperson_lefthand": {
			"rotation": [137, 18, -11],
			"translation": [0, -0.25, 1.25],
			"scale": [0, 0, 0]
		},
		"ground": {
			"translation": [0, 4, 0]
		},
		"gui": {
			"rotation": [20, 135, 0],
			"translation": [-0.25, 0, 0]
		}
	},
	"groups": [
		{
			"name": "gun",
			"origin": [0, 0, 0],
			"color": 0,
			"children": [0, 1, 2, 3, 4, 5, 6, 7, 8, 9, 10, 11, 12, 13, 14, 15, 16, 17]
		}
	]
}