{
	"credit": "Made with Blockbench",
	"texture_size": [32, 32],
	"textures": {
		"1": "items/weapon11"
	},
	"elements": [
		{
			"from": [6, 4.3255, 10.88271],
			"to": [10, 9.3255, 14.88271],
			"rotation": {"angle": 0, "axis": "y", "origin": [6, 2.3255, 14.88271]},
			"faces": {
				"north": {"uv": [11, 0.25, 13, 2.75], "rotation": 180, "texture": "#1"},
				"east": {"uv": [1, 0.25, 3, 2.75], "texture": "#1"},
				"south": {"uv": [6, 0.25, 8, 2.75], "texture": "#1"},
				"west": {"uv": [1, 0.25, 3, 2.75], "rotation": 180, "texture": "#1"},
				"up": {"uv": [3.5, 0.25, 5.5, 2.25], "rotation": 270, "texture": "#1"},
				"down": {"uv": [3.5, 0.25, 5.5, 2.25], "rotation": 90, "texture": "#1"}
			}
		},
		{
			"from": [6.5, 3.3255, 6.88271],
			"to": [9.5, 8.8255, 10.88271],
			"rotation": {"angle": 0, "axis": "y", "origin": [6, 2.8255, 16.88271]},
			"faces": {
				"north": {"uv": [3.25, 3.25, 4.75, 6], "rotation": 180, "texture": "#1"},
				"east": {"uv": [0.75, 3.25, 2.75, 6], "rotation": 180, "texture": "#1"},
				"south": {"uv": [3.25, 3.25, 4.75, 6], "rotation": 180, "texture": "#1"},
				"west": {"uv": [0.75, 3.25, 2.75, 6], "rotation": 180, "texture": "#1"},
				"up": {"uv": [5.5, 3.25, 7, 5.25], "rotation": 180, "texture": "#1"},
				"down": {"uv": [5.5, 3.25, 7, 5.25], "rotation": 180, "texture": "#1"}
			}
		},
		{
			"from": [7.5, 0.8255, 8.88271],
			"to": [8.5, 4.3255, 12.88271],
			"rotation": {"angle": 0, "axis": "y", "origin": [6, 2.8255, 16.88271]},
			"faces": {
				"north": {"uv": [13.75, 0.25, 14.25, 2], "texture": "#1"},
				"east": {"uv": [13.75, 0.25, 15.75, 2], "rotation": 180, "texture": "#1"},
				"south": {"uv": [13.75, 0.25, 14.25, 2], "texture": "#1"},
				"west": {"uv": [13.75, 0.25, 15.75, 2], "rotation": 180, "texture": "#1"},
				"up": {"uv": [4, 0.25, 6.5, 2.25], "rotation": 270, "texture": "#missing"},
				"down": {"uv": [13.75, 0.25, 15.75, 0.75], "rotation": 90, "texture": "#1"}
			}
		},
		{
			"from": [5.75, 5.8255, 1.88271],
			"to": [10.25, 9.8255, 6.88271],
			"rotation": {"angle": 0, "axis": "y", "origin": [6, 2.8255, 16.88271]},
			"faces": {
				"north": {"uv": [3.75, 6.5, 6, 8.5], "texture": "#1"},
				"east": {"uv": [0.75, 6.5, 3.25, 8.5], "texture": "#1"},
				"south": {"uv": [3.75, 6.5, 6, 8.5], "texture": "#1"},
				"west": {"uv": [0.75, 6.5, 3.25, 8.5], "texture": "#1"},
				"up": {"uv": [6.5, 6.5, 9, 8.75], "rotation": 270, "texture": "#1"},
				"down": {"uv": [6.5, 6.5, 9, 8.75], "rotation": 270, "texture": "#1"}
			}
		},
		{
			"from": [6.75, 8.3255, 9.88271],
			"to": [9.25, 10.3255, 13.88271],
			"rotation": {"angle": 0, "axis": "y", "origin": [6, 2.8255, 16.88271]},
			"faces": {
				"north": {"uv": [14, 0.25, 14.05, 0.3], "texture": "#1"},
				"east": {"uv": [13.75, 0.25, 15.75, 1.25], "texture": "#1"},
				"south": {"uv": [13.75, 0.25, 13.8, 0.3], "texture": "#1"},
				"west": {"uv": [13.75, 0.25, 15.75, 1.25], "rotation": 180, "texture": "#1"},
				"up": {"uv": [13.75, 0.25, 15.75, 1.25], "rotation": 270, "texture": "#1"},
				"down": {"uv": [4, 0.25, 6.5, 2.25], "rotation": 90, "texture": "#missing"}
			}
		},
		{
			"from": [7, 9.8255, 2.38271],
			"to": [9, 11.8255, 2.38271],
			"rotation": {"angle": 0, "axis": "y", "origin": [6, 2.8255, 16.88271]},
			"faces": {
				"north": {"uv": [9.75, 3.25, 10.75, 4.25], "texture": "#1"},
				"east": {"uv": [1, 3, 3.5, 5.5], "texture": "#missing"},
				"south": {"uv": [9.75, 3.25, 10.75, 4.25], "texture": "#1"},
				"west": {"uv": [1, 0.25, 3.5, 2.75], "rotation": 180, "texture": "#missing"},
				"up": {"uv": [4, 0.25, 6.5, 2.25], "rotation": 270, "texture": "#missing"},
				"down": {"uv": [4, 0.25, 6.5, 2.25], "rotation": 90, "texture": "#missing"}
			}
		},
		{
			"from": [-0.73536, 7.8255, 5.25437],
			"to": [4.76464, 9.3255, 6.25437],
			"rotation": {"angle": 45, "axis": "y", "origin": [0.99282, 8.57467, 6.46648]},
			"faces": {
				"north": {"uv": [0.5, 6.5, 3.25, 7.25], "texture": "#1"},
				"east": {"uv": [1, 3, 3.5, 5.5], "texture": "#missing"},
				"south": {"uv": [0.75, 6.5, 3.5, 7.25], "texture": "#1"},
				"west": {"uv": [1, 0.25, 3.5, 2.75], "rotation": 180, "texture": "#missing"},
				"up": {"uv": [1.5, 6.5, 1.55, 6.55], "texture": "#1"},
				"down": {"uv": [1.75, 7, 1.8, 7.05], "texture": "#1"}
			}
		},
		{
			"from": [4.05307, 7.0755, 4.96896],
			"to": [5.55307, 9.5755, 6.46896],
			"rotation": {"angle": 45, "axis": "y", "origin": [0.99282, 8.57467, 6.46648]},
			"faces": {
				"north": {"uv": [7.5, 3.25, 8.25, 4.5], "rotation": 180, "texture": "#1"},
				"east": {"uv": [7.5, 3.25, 8.25, 4.5], "rotation": 180, "texture": "#1"},
				"south": {"uv": [7.5, 3.25, 8.25, 4.5], "rotation": 180, "texture": "#1"},
				"west": {"uv": [7.5, 3.25, 8.25, 4.5], "rotation": 180, "texture": "#1"},
				"up": {"uv": [7.25, 3.25, 7.3, 3.3], "rotation": 180, "texture": "#1"},
				"down": {"uv": [7.25, 3.25, 7.3, 3.3], "rotation": 180, "texture": "#1"}
			}
		},
		{
			"from": [-1.1811, 7.5755, 6.71355],
			"to": [-0.1811, 9.5755, 7.71355],
			"rotation": {"angle": 0, "axis": "y", "origin": [0.99282, 8.57467, 6.46648]},
			"faces": {
				"north": {"uv": [8.75, 3.25, 9.25, 4.25], "texture": "#1"},
				"east": {"uv": [8.75, 3.25, 9.25, 4.25], "texture": "#1"},
				"south": {"uv": [8.75, 3.25, 9.25, 4.25], "texture": "#1"},
				"west": {"uv": [8.75, 3.25, 9.25, 4.25], "rotation": 180, "texture": "#1"},
				"up": {"uv": [7.25, 3.25, 7.3, 3.3], "rotation": 180, "texture": "#1"},
				"down": {"uv": [7.25, 3.25, 7.3, 3.3], "rotation": 180, "texture": "#1"}
			}
		},
		{
			"from": [3.25, 7.3255, 2.63271],
			"to": [5.75, 9.3255, 4.13271],
			"rotation": {"angle": 0, "axis": "y", "origin": [0.99282, 8.57467, 6.46648]},
			"faces": {
				"north": {"uv": [1.5, 6.5, 2.75, 7.5], "texture": "#1"},
				"east": {"uv": [1, 3, 3.5, 5.5], "texture": "#missing"},
				"south": {"uv": [1.5, 6.5, 2.75, 7.5], "texture": "#1"},
				"west": {"uv": [1, 0.25, 3.5, 2.75], "rotation": 180, "texture": "#missing"},
				"up": {"uv": [1.5, 6.5, 1.55, 6.55], "texture": "#1"},
				"down": {"uv": [2, 7.5, 2.05, 7.55], "texture": "#1"}
			}
		},
		{
			"from": [-0.96081, 8.3255, 7.69764],
			"to": [-0.46081, 9.3255, 10.19764],
			"rotation": {"angle": 0, "axis": "y", "origin": [0.99282, 8.57467, 6.46648]},
			"faces": {
				"north": {"uv": [1, 3, 3.5, 5.5], "texture": "#missing"},
				"east": {"uv": [0.75, 6.5, 2, 7], "texture": "#1"},
				"south": {"uv": [1, 0.25, 3.5, 2.75], "rotation": 180, "texture": "#missing"},
				"west": {"uv": [0.75, 6.5, 2, 7], "texture": "#1"},
				"up": {"uv": [1.5, 6.5, 1.55, 6.55], "texture": "#1"},
				"down": {"uv": [1.75, 7, 1.8, 7.05], "texture": "#1"}
			}
		},
		{
			"from": [-5.17338, 8.3255, 7.57694],
			"to": [-2.67338, 9.3155, 8.07694],
			"rotation": {"angle": 45, "axis": "y", "origin": [0.99282, 8.57467, 6.46648]},
			"faces": {
				"north": {"uv": [0.75, 6.5, 2, 7], "texture": "#1"},
				"east": {"uv": [1, 3, 3.5, 5.5], "texture": "#missing"},
				"south": {"uv": [0.75, 6.5, 2, 7], "texture": "#1"},
				"west": {"uv": [2, 6.5, 0.75, 7], "texture": "#1"},
				"up": {"uv": [1.5, 6.5, 1.55, 6.55], "texture": "#1"},
				"down": {"uv": [1.75, 7, 1.8, 7.05], "texture": "#1"}
			}
		},
		{
			"from": [10.25, 7.3255, 2.63271],
			"to": [12.75, 9.3255, 4.13271],
			"rotation": {"angle": 0, "axis": "y", "origin": [15.00718, 8.57467, 6.46648]},
			"faces": {
				"north": {"uv": [2.75, 6.5, 1.5, 7.5], "texture": "#1"},
				"east": {"uv": [3.5, 0.25, 1, 2.75], "rotation": 180, "texture": "#missing"},
				"south": {"uv": [2.75, 6.5, 1.5, 7.5], "texture": "#1"},
				"west": {"uv": [3.5, 3, 1, 5.5], "texture": "#missing"},
				"up": {"uv": [1.55, 6.5, 1.5, 6.55], "texture": "#1"},
				"down": {"uv": [2.05, 7.5, 2, 7.55], "texture": "#1"}
			}
		},
		{
			"from": [10.44693, 7.0755, 4.96896],
			"to": [11.94693, 9.5755, 6.46896],
			"rotation": {"angle": -45, "axis": "y", "origin": [15.00718, 8.57467, 6.46648]},
			"faces": {
				"north": {"uv": [8.25, 3.25, 7.5, 4.5], "rotation": 180, "texture": "#1"},
				"east": {"uv": [8.25, 3.25, 7.5, 4.5], "rotation": 180, "texture": "#1"},
				"south": {"uv": [8.25, 3.25, 7.5, 4.5], "rotation": 180, "texture": "#1"},
				"west": {"uv": [8.25, 3.25, 7.5, 4.5], "rotation": 180, "texture": "#1"},
				"up": {"uv": [7.3, 3.25, 7.25, 3.3], "rotation": 180, "texture": "#1"},
				"down": {"uv": [7.3, 3.25, 7.25, 3.3], "rotation": 180, "texture": "#1"}
			}
		},
		{
			"from": [11.23536, 7.8255, 5.25437],
			"to": [16.73536, 9.3255, 6.25437],
			"rotation": {"angle": -45, "axis": "y", "origin": [15.00718, 8.57467, 6.46648]},
			"faces": {
				"north": {"uv": [3.25, 6.5, 0.5, 7.25], "texture": "#1"},
				"east": {"uv": [3.5, 0.25, 1, 2.75], "rotation": 180, "texture": "#missing"},
				"south": {"uv": [3.5, 6.5, 0.75, 7.25], "texture": "#1"},
				"west": {"uv": [3.5, 3, 1, 5.5], "texture": "#missing"},
				"up": {"uv": [1.55, 6.5, 1.5, 6.55], "texture": "#1"},
				"down": {"uv": [1.8, 7, 1.75, 7.05], "texture": "#1"}
			}
		},
		{
			"from": [16.46081, 8.3255, 7.69764],
			"to": [16.96081, 9.3255, 10.19764],
			"rotation": {"angle": 0, "axis": "y", "origin": [15.00718, 8.57467, 6.46648]},
			"faces": {
				"north": {"uv": [3.5, 3, 1, 5.5], "texture": "#missing"},
				"east": {"uv": [2, 6.5, 0.75, 7], "texture": "#1"},
				"south": {"uv": [3.5, 0.25, 1, 2.75], "rotation": 180, "texture": "#missing"},
				"west": {"uv": [2, 6.5, 0.75, 7], "texture": "#1"},
				"up": {"uv": [1.55, 6.5, 1.5, 6.55], "texture": "#1"},
				"down": {"uv": [1.8, 7, 1.75, 7.05], "texture": "#1"}
			}
		},
		{
			"from": [16.1811, 7.5755, 6.71355],
			"to": [17.1811, 9.5755, 7.71355],
			"rotation": {"angle": 0, "axis": "y", "origin": [15.00718, 8.57467, 6.46648]},
			"faces": {
				"north": {"uv": [9.25, 3.25, 8.75, 4.25], "texture": "#1"},
				"east": {"uv": [9.25, 3.25, 8.75, 4.25], "rotation": 180, "texture": "#1"},
				"south": {"uv": [9.25, 3.25, 8.75, 4.25], "texture": "#1"},
				"west": {"uv": [9.25, 3.25, 8.75, 4.25], "texture": "#1"},
				"up": {"uv": [7.3, 3.25, 7.25, 3.3], "rotation": 180, "texture": "#1"},
				"down": {"uv": [7.3, 3.25, 7.25, 3.3], "rotation": 180, "texture": "#1"}
			}
		},
		{
			"from": [18.67338, 8.3255, 7.57694],
			"to": [21.17338, 9.3155, 8.07694],
			"rotation": {"angle": -45, "axis": "y", "origin": [15.00718, 8.57467, 6.46648]},
			"faces": {
				"north": {"uv": [2, 6.5, 0.75, 7], "texture": "#1"},
				"east": {"uv": [2, 6.5, 0.75, 7], "texture": "#1"},
				"south": {"uv": [2, 6.5, 0.75, 7], "texture": "#1"},
				"west": {"uv": [3.5, 3, 1, 5.5], "texture": "#missing"},
				"up": {"uv": [1.55, 6.5, 1.5, 6.55], "texture": "#1"},
				"down": {"uv": [1.8, 7, 1.75, 7.05], "texture": "#1"}
			}
		},
		{
			"from": [6, 4.3255, 15.38271],
			"to": [10, 9.3255, 16.38271],
			"rotation": {"angle": 0, "axis": "y", "origin": [6, 2.3255, 14.88271]},
			"faces": {
				"north": {"uv": [8.5, 0.25, 10.5, 2.75], "texture": "#1"},
				"east": {"uv": [6, 0.25, 6.5, 2.75], "texture": "#1"},
				"south": {"uv": [6, 0.25, 8, 2.75], "texture": "#1"},
				"west": {"uv": [7.5, 0.25, 8, 2.75], "texture": "#1"},
				"up": {"uv": [6, 0.25, 8, 0.75], "rotation": 180, "texture": "#1"},
				"down": {"uv": [6, 0.25, 8, 0.75], "texture": "#1"}
			}
		},
		{
			"from": [6.25, 4.5755, 14.88271],
			"to": [9.75, 9.0755, 15.38271],
			"rotation": {"angle": 0, "axis": "y", "origin": [6, 2.3255, 14.88271]},
			"faces": {
				"north": {"uv": [0.25, 0.25, 0.5, 2.5], "texture": "#1"},
				"east": {"uv": [0.25, 0.25, 0.5, 2.5], "texture": "#1"},
				"south": {"uv": [0.25, 0.25, 0.5, 2.5], "texture": "#1"},
				"west": {"uv": [0.25, 0.25, 0.5, 2.5], "texture": "#1"},
				"up": {"uv": [0.25, 0.5, 0.5, 2.25], "rotation": 90, "texture": "#1"},
				"down": {"uv": [0.25, 0.5, 0.5, 2.25], "rotation": 90, "texture": "#1"}
			}
		}
	],
	"display": {
		"thirdperson_righthand": {
			"rotation": [59, 0, 0],
			"translation": [-0.5, -3.25, 8.15]
		},
		"thirdperson_lefthand": {
			"rotation": [67.5, 0, 0],
			"translation": [-0.5, -2.75, 8.2]
		},
		"firstperson_righthand": {
			"rotation": [4, 3, -11],
			"translation": [-4, -1.25, 6]
		},
		"firstperson_lefthand": {
			"rotation": [137, 18, -11],
			"translation": [0, -0.25, 1.25],
			"scale": [0, 0, 0]
		},
		"ground": {
			"translation": [0, 4, 0]
		},
		"gui": {
			"rotation": [20, 135, 0],
			"translation": [-1, 0, 0]
		}
	},
	"groups": [
		{
			"name": "gun",
			"origin": [0, 0, 0],
			"color": 0,
			"children": [0, 1, 2, 3, 4, 5, 6, 7, 8, 9, 10, 11, 12, 13, 14, 15, 16, 17, 18, 19]
		}
	]
}