{
	"credit": "Made with Blockbench",
	"texture_size": [32, 32],
	"textures": {
		"1": "items/weapon16"
	},
	"elements": [
		{
			"from": [6.12273, 3.6, 7.54636],
			"to": [10.12273, 8.6, 12.54636],
			"rotation": {"angle": 0, "axis": "y", "origin": [6.12273, 1.6, 12.54636]},
			"faces": {
				"north": {"uv": [4, 0.25, 6, 2.75], "rotation": 180, "texture": "#1"},
				"east": {"uv": [1, 0.25, 3.5, 2.75], "rotation": 180, "texture": "#1"},
				"south": {"uv": [4, 0.25, 6, 2.75], "rotation": 180, "texture": "#1"},
				"west": {"uv": [1, 0.25, 3.5, 2.75], "rotation": 180, "texture": "#1"},
				"up": {"uv": [6.5, 0.25, 8.5, 2.75], "rotation": 180, "texture": "#1"},
				"down": {"uv": [6.5, 0.25, 8.5, 2.75], "rotation": 180, "texture": "#1"}
			}
		},
		{
			"from": [6.87273, 8.1, 7.54636],
			"to": [9.37273, 11.6, 18.54636],
			"rotation": {"angle": 0, "axis": "y", "origin": [5.37273, 1.6, 12.54636]},
			"faces": {
				"north": {"uv": [14.5, 0.25, 15.75, 2], "texture": "#1"},
				"east": {"uv": [8.75, 4.25, 14.25, 6], "texture": "#1"},
				"south": {"uv": [14.5, 0.25, 15.75, 2], "texture": "#1"},
				"west": {"uv": [9, 0.25, 14.5, 2], "texture": "#1"},
				"up": {"uv": [9, 2.5, 14.5, 3.75], "rotation": 90, "texture": "#1"},
				"down": {"uv": [4, 0.25, 6, 2.75], "texture": "#missing"}
			}
		},
		{
			"from": [7.37273, 9.1, 18.54636],
			"to": [8.87273, 10.6, 19.54636],
			"rotation": {"angle": 45, "axis": "z", "origin": [8.12273, 9.85, 19.04636]},
			"faces": {
				"north": {"uv": [6.5, 0.25, 8.5, 2.75], "texture": "#missing"},
				"east": {"uv": [3.25, 7, 5.75, 7.75], "texture": "#1"},
				"south": {"uv": [0.25, 9.75, 1, 10.5], "rotation": 90, "texture": "#1"},
				"west": {"uv": [3.25, 7, 5.75, 7.75], "rotation": 180, "texture": "#1"},
				"up": {"uv": [3.25, 7, 5.75, 7.75], "rotation": 90, "texture": "#1"},
				"down": {"uv": [3.25, 7, 5.75, 7.75], "rotation": 270, "texture": "#1"}
			}
		},
		{
			"from": [3.97273, 7.75, 7.54636],
			"to": [7.47273, 9.25, 12.04636],
			"rotation": {"angle": 22.5, "axis": "z", "origin": [5.62273, 9.85, 11.04636]},
			"faces": {
				"north": {"uv": [9, 13.25, 9.75, 15], "rotation": 270, "texture": "#1"},
				"east": {"uv": [4, 0.25, 6, 2.75], "rotation": 90, "texture": "#missing"},
				"south": {"uv": [9, 13.25, 9.75, 15], "rotation": 90, "texture": "#1"},
				"west": {"uv": [9, 13.5, 9.75, 15], "rotation": 270, "texture": "#1"},
				"up": {"uv": [6.25, 13.5, 8.5, 15.25], "rotation": 90, "texture": "#1"},
				"down": {"uv": [6.25, 13.5, 8.5, 15.25], "rotation": 90, "texture": "#1"}
			}
		},
		{
			"from": [5.87273, 6.1, 2.54636],
			"to": [10.37273, 12.6, 7.54636],
			"rotation": {"angle": 0, "axis": "y", "origin": [5.37273, 1.6, 12.54636]},
			"faces": {
				"north": {"uv": [3.5, 3.25, 5.75, 6.5], "texture": "#1"},
				"east": {"uv": [0.5, 3.25, 3, 6.5], "texture": "#1"},
				"south": {"uv": [3.5, 3.25, 5.75, 6.5], "texture": "#1"},
				"west": {"uv": [0.5, 3.25, 3, 6.5], "texture": "#1"},
				"up": {"uv": [0.25, 7, 2.75, 9.25], "rotation": 90, "texture": "#1"},
				"down": {"uv": [0.25, 7, 2.75, 9.25], "rotation": 90, "texture": "#1"}
			}
		},
		{
			"from": [6.37273, 10.6, -2.45364],
			"to": [9.87273, 12.1, 2.54636],
			"rotation": {"angle": 0, "axis": "y", "origin": [5.87273, 2.1, 12.54636]},
			"faces": {
				"north": {"uv": [3.25, 7, 5.75, 7.75], "texture": "#1"},
				"east": {"uv": [3.25, 7, 5.75, 7.75], "texture": "#1"},
				"south": {"uv": [6.5, 0.25, 8.5, 2.75], "texture": "#missing"},
				"west": {"uv": [3.25, 7, 5.75, 7.75], "texture": "#1"},
				"up": {"uv": [3.25, 8, 5.75, 9.75], "rotation": 90, "texture": "#1"},
				"down": {"uv": [3.25, 10, 5.75, 11.75], "rotation": 270, "texture": "#1"}
			}
		},
		{
			"from": [6.87273, 8.1, -1.45364],
			"to": [9.37273, 10.6, 2.54636],
			"rotation": {"angle": 45, "axis": "z", "origin": [8.12273, 9.35, 0.54636]},
			"faces": {
				"north": {"uv": [3, 12.25, 4.25, 13.5], "texture": "#1"},
				"east": {"uv": [0.25, 11, 2.25, 12.25], "rotation": 180, "texture": "#1"},
				"south": {"uv": [6.5, 0.25, 8.5, 2.75], "texture": "#missing"},
				"west": {"uv": [0.25, 11, 2.25, 12.25], "texture": "#1"},
				"up": {"uv": [0.25, 12.75, 2.25, 14], "rotation": 270, "texture": "#1"},
				"down": {"uv": [0.25, 12.75, 2.25, 14], "rotation": 90, "texture": "#1"}
			}
		},
		{
			"from": [6.37273, 5.6, -3.45364],
			"to": [9.87273, 8.1, 2.54636],
			"rotation": {"angle": 0, "axis": "y", "origin": [4.87273, 2.1, 12.54636]},
			"faces": {
				"north": {"uv": [13.25, 6.5, 15, 7.75], "texture": "#1"},
				"east": {"uv": [9.75, 6.5, 12.75, 7.75], "texture": "#1"},
				"south": {"uv": [13.25, 6.5, 15, 7.75], "texture": "#1"},
				"west": {"uv": [6.25, 6.5, 9.25, 7.75], "texture": "#1"},
				"up": {"uv": [6.25, 8.25, 9.25, 10], "rotation": 90, "texture": "#1"},
				"down": {"uv": [9.75, 8.25, 12.75, 10], "rotation": 90, "texture": "#1"}
			}
		},
		{
			"from": [6.62273, 2.1, 1.53636],
			"to": [11.62273, 7.1, 7.53636],
			"rotation": {"angle": 45, "axis": "z", "origin": [8.12273, 3.6, 5.04636]},
			"faces": {
				"north": {"uv": [6.25, 10.5, 8.75, 13], "texture": "#1"},
				"east": {"uv": [12.75, 10.5, 15.75, 13], "texture": "#1"},
				"south": {"uv": [6.25, 10.5, 8.75, 13], "rotation": 90, "texture": "#1"},
				"west": {"uv": [9.25, 10.5, 12.25, 13], "rotation": 180, "texture": "#1"},
				"up": {"uv": [12.75, 10.5, 15.75, 13], "rotation": 90, "texture": "#1"},
				"down": {"uv": [9.25, 10.5, 12.25, 13], "rotation": 90, "texture": "#1"}
			}
		},
		{
			"from": [6.12273, 3.6, 13.04636],
			"to": [10.22273, 8.6, 14.04636],
			"rotation": {"angle": 0, "axis": "y", "origin": [6.12273, 1.6, 12.54636]},
			"faces": {
				"north": {"uv": [4, 0.25, 6.05, 2.75], "rotation": 180, "texture": "#1"},
				"east": {"uv": [4, 0.25, 4.25, 2.75], "rotation": 180, "texture": "#1"},
				"south": {"uv": [4, 0.25, 6, 2.75], "rotation": 180, "texture": "#1"},
				"west": {"uv": [4, 0.25, 4.25, 2.75], "rotation": 180, "texture": "#1"},
				"up": {"uv": [4, 0.25, 6, 0.5], "rotation": 180, "texture": "#1"},
				"down": {"uv": [4, 0.25, 6, 0.5], "rotation": 180, "texture": "#1"}
			}
		},
		{
			"from": [6.37273, 3.85, 12.54636],
			"to": [9.87273, 8.35, 13.04636],
			"rotation": {"angle": 0, "axis": "y", "origin": [6.12273, 1.6, 12.54636]},
			"faces": {
				"north": {"uv": [0.25, 0.25, 0.5, 2.5], "texture": "#1"},
				"east": {"uv": [0.25, 0.25, 0.5, 2.5], "texture": "#1"},
				"south": {"uv": [0.25, 0.25, 0.5, 2.5], "texture": "#1"},
				"west": {"uv": [0.25, 0.25, 0.5, 2.5], "texture": "#1"},
				"up": {"uv": [0.25, 0.5, 0.5, 2.25], "rotation": 90, "texture": "#1"},
				"down": {"uv": [0.25, 0.5, 0.5, 2.25], "rotation": 90, "texture": "#1"}
			}
		}
	],
	"display": {
		"thirdperson_righthand": {
			"rotation": [59, 0, 0],
			"translation": [-0.5, -3.25, 8.15]
		},
		"thirdperson_lefthand": {
			"rotation": [67.5, 0, 0],
			"translation": [-0.5, -2.75, 8.2]
		},
		"firstperson_righthand": {
			"rotation": [4, 3, -11],
			"translation": [-4, -1.25, 6]
		},
		"firstperson_lefthand": {
			"rotation": [137, 18, -11],
			"translation": [0, -0.25, 1.25],
			"scale": [0, 0, 0]
		},
		"ground": {
			"translation": [0, 4, 0]
		},
		"gui": {
			"rotation": [20, 135, 0],
			"translation": [0.5, 0, 0]
		}
	},
	"groups": [
		{
			"name": "gun",
			"origin": [0, 0, 0],
			"color": 0,
			"children": [0, 1, 2, 3, 4, 5, 6, 7, 8, 9, 10,
				{
					"name": "group",
					"origin": [4.46447, 6.29289, -10.5],
					"color": 0,
					"children": []
				},
				{
					"name": "group",
					"origin": [4.46447, 6.29289, -10.5],
					"color": 0,
					"children": []
				}
			]
		}
	]
}