{
	"credit": "Made with Blockbench",
	"texture_size": [32, 32],
	"textures": {
		"0": "models/armor/armor",
		"particle": "models/armor/armor"
	},
	"elements": [
		{
			"name": "left_leg",
			"from": [6, -0.5, 6],
			"to": [10, 11.5, 10],
			"rotation": {"angle": 0, "axis": "y", "origin": [2, 0, 0]},
			"faces": {
				"north": {"uv": [2, 10, 4, 16], "texture": "#0", "tintindex": 0},
				"east": {"uv": [0, 10, 2, 16], "texture": "#0", "tintindex": 0},
				"south": {"uv": [6, 10, 8, 16], "texture": "#0", "tintindex": 0},
				"west": {"uv": [0, 10, 2, 16], "texture": "#0", "tintindex": 0},
				"up": {"uv": [2, 8, 4, 10], "texture": "#0", "tintindex": 0},
				"down": {"uv": [2, 8, 4, 10], "texture": "#0", "tintindex": 0}
			}
		},
		{
			"name": "left_leg",
			"from": [5.75, -0.75, 5.75],
			"to": [10.25, 7.75, 10.25],
			"rotation": {"angle": 0, "axis": "y", "origin": [1.75, 0, 0.75]},
			"faces": {
				"north": {"uv": [2, 3.75, 4, 8], "texture": "#0", "tintindex": 0},
				"east": {"uv": [0, 3.75, 2, 8], "texture": "#0", "tintindex": 0},
				"south": {"uv": [6, 3.75, 8, 8], "texture": "#0", "tintindex": 0},
				"west": {"uv": [4, 3.75, 6, 8], "texture": "#0", "tintindex": 0},
				"down": {"uv": [4, 0, 6, 2], "texture": "#0", "tintindex": 0}
			}
		}
	],
	"display": {
		"ground": {
			"rotation": [90, 0, 0],
			"translation": [0, 0, 2.75]
		},
		"head": {
			"translation": [0, -29, 0],
			"scale": [1.6, 1.6, 1.6]
		}
	},
	"groups": [
		{
			"name": "steve",
			"origin": [8, 8, 8],
			"children": [0, 1]
		}
	]
}