{
	"parent": "item/generated",
	"textures": {
		"layer0": "item/turtle_egg"
	},
	
	"overrides": [
		{"predicate": {"custom_model_data":1}, "model": "item/turtle_egg1"},
		{"predicate": {"custom_model_data":2}, "model": "item/turtle_egg2"},
                     	{"predicate": {"custom_model_data":3}, "model": "item/turtle_egg3"},
                     	{"predicate": {"custom_model_data":4}, "model": "item/turtle_egg4"},
                     	{"predicate": {"custom_model_data":5}, "model": "item/turtle_egg5"},
                     	{"predicate": {"custom_model_data":6}, "model": "item/turtle_egg6"},
                     	{"predicate": {"custom_model_data":7}, "model": "item/turtle_egg7"},
                     	{"predicate": {"custom_model_data":8}, "model": "item/turtle_egg8"},
                     	{"predicate": {"custom_model_data":9}, "model": "item/turtle_egg9"},
                     	{"predicate": {"custom_model_data":10}, "model": "item/turtle_egg10"},
                     	{"predicate": {"custom_model_data":11}, "model": "item/turtle_egg11"},
                     	{"predicate": {"custom_model_data":12}, "model": "item/turtle_egg12"},
                     	{"predicate": {"custom_model_data":13}, "model": "item/turtle_egg13"},
                     	{"predicate": {"custom_model_data":14}, "model": "item/turtle_egg14"},
                     	{"predicate": {"custom_model_data":15}, "model": "item/turtle_egg15"}

                               ]
}