{
	"credit": "Made with Blockbench",
	"texture_size": [256, 256],
	"textures": {
		"particle": "items/vehicle1"
	},
	"elements": [
		{
			"from": [-2, -2.73809, 1.1303],
			"to": [18, 5.26191, 17.1303],
			"rotation": {"angle": 0, "axis": "y", "origin": [0, 1.26191, 7.1303]},
			"faces": {
				"north": {"uv": [10, 2.0625, 11, 4.5625], "rotation": 90, "texture": "#particle"},
				"east": {"uv": [8.8125, 2.0625, 9.8125, 4.0625], "rotation": 90, "texture": "#particle"},
				"south": {"uv": [10, 2.0625, 11, 4.5625], "rotation": 90, "texture": "#particle"},
				"west": {"uv": [7.625, 2.0625, 8.625, 4.0625], "rotation": 90, "texture": "#particle"},
				"up": {"uv": [0.8125, 0.0625, 3.3125, 2.0625], "texture": "#particle"},
				"down": {"uv": [0.8125, 6.0625, 3.3125, 8.0625], "rotation": 180, "texture": "#particle"}
			}
		},
		{
			"from": [15, 3.7525, 3.63659],
			"to": [17, 14.7525, 5.63659],
			"rotation": {"angle": 22.5, "axis": "x", "origin": [16, 9.2525, 4.63659]},
			"faces": {
				"north": {"uv": [6.4375, 4.4375, 7.8125, 4.1875], "rotation": 90, "texture": "#particle"},
				"east": {"uv": [6.4375, 4.4375, 7.8125, 4.1875], "rotation": 270, "texture": "#particle"},
				"south": {"uv": [6.4375, 4.4375, 7.8125, 4.1875], "rotation": 90, "texture": "#particle"},
				"west": {"uv": [6.4375, 4.4375, 7.8125, 4.1875], "rotation": 270, "texture": "#particle"},
				"up": {"uv": [8.1875, 4.1875, 7.9375, 4.4375], "rotation": 180, "texture": "#particle"},
				"down": {"uv": [7.9375, 4.4375, 8.1875, 4.1875], "rotation": 90, "texture": "#particle"}
			}
		},
		{
			"from": [15, 0.24654, 14.28254],
			"to": [17, 11.24654, 16.28254],
			"rotation": {"angle": -22.5, "axis": "x", "origin": [16, 11.49654, 7.28254]},
			"faces": {
				"north": {"uv": [6.4375, 4.4375, 7.8125, 4.1875], "rotation": 90, "texture": "#particle"},
				"east": {"uv": [6.4375, 4.4375, 7.8125, 4.1875], "rotation": 270, "texture": "#particle"},
				"south": {"uv": [6.4375, 4.4375, 7.8125, 4.1875], "rotation": 90, "texture": "#particle"},
				"west": {"uv": [6.4375, 4.4375, 7.8125, 4.1875], "rotation": 270, "texture": "#particle"},
				"up": {"uv": [8.1875, 4.1875, 7.9375, 4.4375], "rotation": 180, "texture": "#particle"},
				"down": {"uv": [7.9375, 4.4375, 8.1875, 4.1875], "rotation": 90, "texture": "#particle"}
			}
		},
		{
			"from": [-1, 3.7525, 3.63659],
			"to": [1, 14.7525, 5.63659],
			"rotation": {"angle": 22.5, "axis": "x", "origin": [0, 9.2525, 4.63659]},
			"faces": {
				"north": {"uv": [6.4375, 4.1875, 7.8125, 4.4375], "rotation": 90, "texture": "#particle"},
				"east": {"uv": [6.4375, 4.1875, 7.8125, 4.4375], "rotation": 270, "texture": "#particle"},
				"south": {"uv": [6.4375, 4.1875, 7.8125, 4.4375], "rotation": 90, "texture": "#particle"},
				"west": {"uv": [6.4375, 4.1875, 7.8125, 4.4375], "rotation": 270, "texture": "#particle"},
				"up": {"uv": [7.9375, 4.1875, 8.1875, 4.4375], "rotation": 180, "texture": "#particle"},
				"down": {"uv": [7.9375, 4.1875, 8.1875, 4.4375], "rotation": 90, "texture": "#particle"}
			}
		},
		{
			"from": [-1.25, 8.74654, 2.28254],
			"to": [1.25, 10.74654, 19.28254],
			"rotation": {"angle": 0, "axis": "x", "origin": [0, 11.49654, 7.28254]},
			"faces": {
				"north": {"uv": [11.8125, 6.375, 12.125, 6.625], "rotation": 90, "texture": "#particle"},
				"east": {"uv": [9.5625, 6.375, 11.6875, 6.625], "texture": "#particle"},
				"south": {"uv": [11.8125, 6.375, 12.125, 6.625], "rotation": 90, "texture": "#particle"},
				"west": {"uv": [9.5625, 6.375, 11.6875, 6.625], "texture": "#particle"},
				"up": {"uv": [9.5625, 6.6875, 11.6875, 7], "rotation": 90, "texture": "#particle"},
				"down": {"uv": [9.5625, 6.6875, 11.6875, 7], "rotation": 90, "texture": "#particle"}
			}
		},
		{
			"from": [-1.25, 13.74654, 3.28254],
			"to": [1.25, 15.74654, 17.28254],
			"shade": false,
			"rotation": {"angle": 0, "axis": "x", "origin": [0, 11.49654, 7.28254]},
			"faces": {
				"north": {"uv": [11.8125, 6.375, 12.125, 6.625], "rotation": 90, "texture": "#particle"},
				"east": {"uv": [9.5625, 7.125, 11.3125, 7.375], "texture": "#particle"},
				"south": {"uv": [11.8125, 6.375, 12.125, 6.625], "rotation": 90, "texture": "#particle"},
				"west": {"uv": [9.5625, 7.125, 11.3125, 7.375], "texture": "#particle"},
				"up": {"uv": [9.5625, 7.4375, 11.3125, 7.75], "rotation": 90, "texture": "#particle"},
				"down": {"uv": [9.5625, 7.4375, 11.3125, 7.75], "rotation": 90, "texture": "#particle"}
			}
		},
		{
			"from": [14.75, 8.74654, 6.28254],
			"to": [17.25, 10.74654, 23.28254],
			"rotation": {"angle": 0, "axis": "x", "origin": [16, 11.49654, 7.28254]},
			"faces": {
				"north": {"uv": [11.8125, 6.625, 12.125, 6.375], "rotation": 90, "texture": "#particle"},
				"east": {"uv": [11.6875, 6.375, 9.5625, 6.625], "texture": "#particle"},
				"south": {"uv": [11.8125, 6.625, 12.125, 6.375], "rotation": 90, "texture": "#particle"},
				"west": {"uv": [11.6875, 6.375, 9.5625, 6.625], "texture": "#particle"},
				"up": {"uv": [9.5625, 7, 11.6875, 6.6875], "rotation": 90, "texture": "#particle"},
				"down": {"uv": [9.5625, 7, 11.6875, 6.6875], "rotation": 90, "texture": "#particle"}
			}
		},
		{
			"from": [14.75, 13.74654, -1.71746],
			"to": [17.25, 15.74654, 12.28254],
			"shade": false,
			"rotation": {"angle": 0, "axis": "x", "origin": [16, 11.49654, 7.28254]},
			"faces": {
				"north": {"uv": [11.8125, 6.625, 12.125, 6.375], "rotation": 90, "texture": "#particle"},
				"east": {"uv": [11.3125, 7.125, 9.5625, 7.375], "texture": "#particle"},
				"south": {"uv": [11.8125, 6.625, 12.125, 6.375], "rotation": 90, "texture": "#particle"},
				"west": {"uv": [11.3125, 7.125, 9.5625, 7.375], "texture": "#particle"},
				"up": {"uv": [9.5625, 7.75, 11.3125, 7.4375], "rotation": 90, "texture": "#particle"},
				"down": {"uv": [9.5625, 7.75, 11.3125, 7.4375], "rotation": 90, "texture": "#particle"}
			}
		},
		{
			"from": [-1, 0.24654, 14.28254],
			"to": [1, 11.24654, 16.28254],
			"rotation": {"angle": -22.5, "axis": "x", "origin": [0, 11.49654, 7.28254]},
			"faces": {
				"north": {"uv": [6.4375, 4.1875, 7.8125, 4.4375], "rotation": 90, "texture": "#particle"},
				"east": {"uv": [6.4375, 4.1875, 7.8125, 4.4375], "rotation": 270, "texture": "#particle"},
				"south": {"uv": [6.4375, 4.1875, 7.8125, 4.4375], "rotation": 90, "texture": "#particle"},
				"west": {"uv": [6.4375, 4.1875, 7.8125, 4.4375], "rotation": 270, "texture": "#particle"},
				"up": {"uv": [7.9375, 4.1875, 8.1875, 4.4375], "rotation": 180, "texture": "#particle"},
				"down": {"uv": [7.9375, 4.1875, 8.1875, 4.4375], "rotation": 90, "texture": "#particle"}
			}
		},
		{
			"from": [2.5, 5.26191, 5.1303],
			"to": [13.5, 8.26191, 16.1303],
			"rotation": {"angle": 0, "axis": "y", "origin": [0.5, 1.26191, 7.1303]},
			"faces": {
				"north": {"uv": [3.4375, 0.0625, 4.8125, 0.4375], "texture": "#particle"},
				"east": {"uv": [3.4375, 0.0625, 4.8125, 0.4375], "texture": "#particle"},
				"south": {"uv": [3.4375, 0.0625, 4.8125, 0.4375], "texture": "#particle"},
				"west": {"uv": [3.4375, 0.0625, 4.8125, 0.4375], "texture": "#particle"},
				"up": {"uv": [3.4375, 0.0625, 4.8125, 1.4375], "texture": "#particle"},
				"down": {"uv": [3.4375, 0.0625, 4.8125, 1.4375], "texture": "#particle"}
			}
		},
		{
			"from": [6, 5.13758, -1.96047],
			"to": [10, 20.13758, 0.03953],
			"rotation": {"angle": -22.5, "axis": "x", "origin": [8, 15.69974, 4.53953]},
			"faces": {
				"north": {"uv": [4.9375, 0.0625, 5.4375, 1.9375], "texture": "#particle"},
				"east": {"uv": [6.4375, 4.1875, 7.875, 4.4375], "rotation": 270, "texture": "#particle"},
				"south": {"uv": [4.9375, 0.0625, 5.4375, 1.9375], "texture": "#particle"},
				"west": {"uv": [6.4375, 4.1875, 7.875, 4.4375], "rotation": 270, "texture": "#particle"},
				"up": {"uv": [5.5625, 0.0625, 6.0625, 0.3125], "texture": "#particle"},
				"down": {"uv": [5.5625, 0.0625, 6.0625, 0.3125], "texture": "#particle"}
			}
		},
		{
			"from": [4, 15.80674, -3.78977],
			"to": [12, 17.80674, 2.21023],
			"rotation": {"angle": 22.5, "axis": "x", "origin": [8, 16.80674, -0.78977]},
			"faces": {
				"north": {"uv": [5.5625, 1.25, 6.5625, 1.5], "rotation": 180, "texture": "#particle"},
				"east": {"uv": [6.6875, 0.4375, 6.9375, 1.1875], "rotation": 90, "texture": "#particle"},
				"south": {"uv": [5.5625, 1.25, 6.5625, 1.5], "texture": "#particle"},
				"west": {"uv": [6.6875, 0.4375, 6.9375, 1.1875], "rotation": 270, "texture": "#particle"},
				"up": {"uv": [5.5625, 0.4375, 6.5625, 1.1875], "texture": "#particle"},
				"down": {"uv": [7.0625, 0.4375, 8.0625, 1.1875], "rotation": 180, "texture": "#particle"}
			}
		},
		{
			"from": [3, 5.26191, 16.1303],
			"to": [13, 21.26191, 19.1303],
			"rotation": {"angle": 22.5, "axis": "x", "origin": [8, 13.26191, 17.6303]},
			"faces": {
				"north": {"uv": [4.1875, 6.5625, 5.4375, 8.5625], "texture": "#particle"},
				"east": {"uv": [4.625, 6.5625, 5, 8.5625], "texture": "#particle"},
				"south": {"uv": [4.1875, 6.5625, 5.4375, 8.5625], "texture": "#particle"},
				"west": {"uv": [4.625, 6.5625, 5, 8.5625], "texture": "#particle"},
				"up": {"uv": [4.1875, 6.5625, 4.18813, 6.56313], "texture": "#particle"},
				"down": {"uv": [4.25, 8.5625, 4.25063, 8.56313], "texture": "#particle"}
			}
		},
		{
			"from": [2, -5.73809, 4.1303],
			"to": [14, -2.73809, 16.1303],
			"rotation": {"angle": 0, "axis": "y", "origin": [4, 1.26191, 7.1303]},
			"faces": {
				"north": {"uv": [5.9375, 4.9375, 6.3125, 6.4375], "rotation": 90, "texture": "#particle"},
				"east": {"uv": [5.9375, 4.9375, 6.3125, 6.4375], "rotation": 90, "texture": "#particle"},
				"south": {"uv": [5.9375, 4.9375, 6.3125, 6.4375], "rotation": 90, "texture": "#particle"},
				"west": {"uv": [5.9375, 4.9375, 6.3125, 6.4375], "rotation": 90, "texture": "#particle"},
				"up": {"uv": [4.1875, 4.9375, 5.6875, 6.4375], "texture": "#particle"},
				"down": {"uv": [4.1875, 4.9375, 5.6875, 6.4375], "texture": "#particle"}
			}
		},
		{
			"from": [13, -0.73809, 0.1303],
			"to": [17, 3.26191, 1.1303],
			"rotation": {"angle": -22.5, "axis": "z", "origin": [15, 1.26191, 0.6303]},
			"faces": {
				"north": {"uv": [6.4375, 4.9375, 6.9375, 5.4375], "texture": "#particle"},
				"east": {"uv": [7.0625, 4.9375, 7.1875, 5.4375], "rotation": 180, "texture": "#particle"},
				"south": {"uv": [6.4375, 4.9375, 6.9375, 5.4375], "texture": "#particle"},
				"west": {"uv": [7.0625, 4.9375, 7.1875, 5.4375], "texture": "#particle"},
				"up": {"uv": [7.1875, 5.4375, 7.0625, 4.9375], "rotation": 270, "texture": "#particle"},
				"down": {"uv": [7.1875, 5.4375, 7.0625, 4.9375], "rotation": 90, "texture": "#particle"}
			}
		},
		{
			"from": [-1, -0.73809, 0.1303],
			"to": [3, 3.26191, 1.1303],
			"rotation": {"angle": 45, "axis": "z", "origin": [1, 1.26191, 0.6303]},
			"faces": {
				"north": {"uv": [6.9375, 4.9375, 6.4375, 5.4375], "texture": "#particle"},
				"east": {"uv": [7.1875, 4.9375, 7.0625, 5.4375], "texture": "#particle"},
				"south": {"uv": [6.9375, 4.9375, 6.4375, 5.4375], "texture": "#particle"},
				"west": {"uv": [7.1875, 4.9375, 7.0625, 5.4375], "rotation": 180, "texture": "#particle"},
				"up": {"uv": [7.1875, 4.9375, 7.0625, 5.4375], "rotation": 270, "texture": "#particle"},
				"down": {"uv": [7.1875, 4.9375, 7.0625, 5.4375], "rotation": 90, "texture": "#particle"}
			}
		}
	],
	"display": {
		"ground": {
			"rotation": [-5, 23, 0],
			"translation": [0, 9.75, 0]
		},
		"head": {
			"translation": [0, -30.4, 0],
			"scale": [1.6, 1.6, 1.6]
		}
	},
	"groups": [
		{
			"name": "group",
			"origin": [1, 5, -8.5],
			"color": 0,
			"children": [0, 1, 2, 3, 4, 5, 6, 7, 8, 9, 10, 11, 12, 13, 14, 15]
		}
	]
}