{
	"credit": "Made with Blockbench",
	"texture_size": [256, 256],
	"textures": {
		"particle": "items/vehicle1"
	},
	"elements": [
		{
			"from": [-1.70833, 1.40625, -5.875],
			"to": [14.29167, 9.40625, 16.125],
			"rotation": {"angle": 0, "axis": "y", "origin": [-9.70833, 5.40625, -15.875]},
			"faces": {
				"north": {"uv": [6.4375, 2.0625, 7.4375, 4.0625], "rotation": 90, "texture": "#particle"},
				"east": {"uv": [4.1875, 2.0625, 5.1875, 4.8125], "rotation": 90, "texture": "#particle"},
				"south": {"uv": [2.0625, 4.9375, 4.0625, 5.9375], "texture": "#particle"},
				"west": {"uv": [4.1875, 2.0625, 5.1875, 4.8125], "rotation": 90, "texture": "#particle"},
				"up": {"uv": [4.0625, 4.8125, 2.0625, 2.0625], "rotation": 180, "texture": "#particle"},
				"down": {"uv": [4.0625, 10.875, 2.0625, 8.125], "rotation": 180, "texture": "#particle"}
			}
		},
		{
			"from": [0.45834, 9.40625, -1.875],
			"to": [11.45834, 11.40625, 9.125],
			"rotation": {"angle": 0, "axis": "y", "origin": [-9.54166, 5.40625, 0.125]},
			"faces": {
				"north": {"uv": [3.4375, 0.125, 4.8125, 0.375], "texture": "#particle"},
				"east": {"uv": [3.4375, 0.125, 4.8125, 0.375], "texture": "#particle"},
				"south": {"uv": [3.4375, 0.125, 4.8125, 0.375], "texture": "#particle"},
				"west": {"uv": [3.4375, 0.125, 4.8125, 0.375], "texture": "#particle"},
				"up": {"uv": [3.4375, 0.0625, 4.8125, 1.4375], "texture": "#particle"},
				"down": {"uv": [3.4375, 0.0625, 4.8125, 1.4375], "texture": "#particle"}
			}
		},
		{
			"from": [9.04167, 17.90625, -6.375],
			"to": [11.54167, 19.90625, 9.625],
			"shade": false,
			"rotation": {"angle": -22.5, "axis": "y", "origin": [12.29167, 18.90625, 6.125]},
			"faces": {
				"north": {"uv": [12.1875, 5.125, 12.5, 4.875], "rotation": 90, "texture": "#particle"},
				"east": {"uv": [11.5625, 5.625, 9.5625, 5.875], "texture": "#particle"},
				"south": {"uv": [12.1875, 5.125, 12.5, 4.875], "rotation": 90, "texture": "#particle"},
				"west": {"uv": [11.5625, 5.625, 9.5625, 5.875], "texture": "#particle"},
				"up": {"uv": [9.5625, 6.25, 11.5625, 5.9375], "rotation": 90, "texture": "#particle"},
				"down": {"uv": [9.5625, 6.25, 11.5625, 5.9375], "rotation": 270, "texture": "#particle"}
			}
		},
		{
			"from": [11.04167, 12.90625, -3.875],
			"to": [13.54167, 14.90625, 16.125],
			"rotation": {"angle": 0, "axis": "x", "origin": [12.29167, 16.40625, 3.125]},
			"faces": {
				"north": {"uv": [12.1875, 5.125, 12.5, 4.875], "rotation": 90, "texture": "#particle"},
				"east": {"uv": [12.0625, 4.875, 9.5625, 5.125], "texture": "#particle"},
				"south": {"uv": [12.1875, 5.125, 12.5, 4.875], "rotation": 90, "texture": "#particle"},
				"west": {"uv": [12.0625, 4.875, 9.5625, 5.125], "texture": "#particle"},
				"up": {"uv": [9.5625, 5.5, 12.0625, 5.1875], "rotation": 90, "texture": "#particle"},
				"down": {"uv": [9.5625, 5.5, 12.0625, 5.1875], "rotation": 90, "texture": "#particle"}
			}
		},
		{
			"from": [11.29167, 5.15625, 10.125],
			"to": [13.29167, 16.15625, 12.125],
			"rotation": {"angle": -22.5, "axis": "x", "origin": [12.29167, 16.40625, 3.125]},
			"faces": {
				"north": {"uv": [6.4375, 4.4375, 7.8125, 4.1875], "rotation": 90, "texture": "#particle"},
				"east": {"uv": [6.4375, 4.4375, 7.8125, 4.1875], "rotation": 270, "texture": "#particle"},
				"south": {"uv": [6.4375, 4.4375, 7.8125, 4.1875], "rotation": 90, "texture": "#particle"},
				"west": {"uv": [6.4375, 4.4375, 7.8125, 4.1875], "rotation": 270, "texture": "#particle"},
				"up": {"uv": [8.1875, 4.1875, 7.9375, 4.4375], "rotation": 180, "texture": "#particle"},
				"down": {"uv": [7.9375, 4.4375, 8.1875, 4.1875], "rotation": 90, "texture": "#particle"}
			}
		},
		{
			"from": [8.29167, 3.40625, 16.125],
			"to": [12.29167, 7.40625, 17.125],
			"rotation": {"angle": 22.5, "axis": "z", "origin": [10.29167, 5.40625, 16.625]},
			"faces": {
				"north": {"uv": [6.9375, 4.9375, 6.4375, 5.4375], "texture": "#particle"},
				"east": {"uv": [7.1875, 4.9375, 7.0625, 5.4375], "rotation": 180, "texture": "#particle"},
				"south": {"uv": [6.9375, 4.9375, 6.4375, 5.4375], "texture": "#particle"},
				"west": {"uv": [7.1875, 4.9375, 7.0625, 5.4375], "texture": "#particle"},
				"up": {"uv": [7.0625, 5.4375, 7.1875, 4.9375], "rotation": 270, "texture": "#particle"},
				"down": {"uv": [7.0625, 5.4375, 7.1875, 4.9375], "rotation": 90, "texture": "#particle"}
			}
		},
		{
			"from": [-1.20833, -1.59375, 9.125],
			"to": [1.79167, 1.40625, 18.125],
			"rotation": {"angle": 0, "axis": "y", "origin": [2.79167, 5.40625, -15.875]},
			"faces": {
				"north": {"uv": [9.0625, 4.9375, 9.4375, 5.3125], "rotation": 90, "texture": "#particle"},
				"east": {"uv": [7.3125, 4.9375, 8.4375, 5.3125], "rotation": 180, "texture": "#particle"},
				"south": {"uv": [8.5625, 4.9375, 8.9375, 5.3125], "rotation": 180, "texture": "#particle"},
				"west": {"uv": [7.3125, 4.9375, 8.4375, 5.3125], "texture": "#particle"},
				"up": {"uv": [7.3125, 4.9375, 8.4375, 5.3125], "rotation": 270, "texture": "#particle"},
				"down": {"uv": [7.3125, 4.9375, 8.4375, 5.3125], "rotation": 90, "texture": "#particle"}
			}
		},
		{
			"from": [0.29167, -2.59375, 0.125],
			"to": [12.29167, 1.40625, 12.125],
			"rotation": {"angle": 0, "axis": "y", "origin": [2.29167, 5.40625, -15.875]},
			"faces": {
				"north": {"uv": [5.8125, 4.9375, 6.3125, 6.4375], "rotation": 90, "texture": "#particle"},
				"east": {"uv": [5.8125, 4.9375, 6.3125, 6.4375], "rotation": 90, "texture": "#particle"},
				"south": {"uv": [5.8125, 4.9375, 6.3125, 6.4375], "rotation": 90, "texture": "#particle"},
				"west": {"uv": [5.8125, 4.9375, 6.3125, 6.4375], "rotation": 90, "texture": "#particle"},
				"up": {"uv": [4.1875, 4.9375, 5.6875, 6.4375], "texture": "#particle"},
				"down": {"uv": [4.1875, 4.9375, 5.6875, 6.4375], "texture": "#particle"}
			}
		}
	],
	"display": {
		"ground": {
			"rotation": [-5, 23, 0],
			"translation": [0, 9.75, 0]
		},
		"head": {
			"translation": [0, -30.4, 0],
			"scale": [1.6, 1.6, 1.6]
		}
	},
	"groups": [
		{
			"name": "group",
			"origin": [12, 5, -2],
			"color": 0,
			"children": [0, 1, 2, 3, 4, 5, 6, 7]
		}
	]
}