{
	"credit": "Made with Blockbench",
	"texture_size": [256, 256],
	"textures": {
		"particle": "items/vehicle1"
	},
	"elements": [
		{
			"from": [11.26852, 1.19549, 16.33263],
			"to": [25.26852, 7.19549, 17.33263],
			"rotation": {"angle": 0, "axis": "y", "origin": [2.26852, 4.19549, -14.66737]},
			"faces": {
				"north": {"uv": [6.4375, 5.5625, 8.1875, 6.3125], "texture": "#particle"},
				"east": {"uv": [6.4375, 5.5625, 6.5625, 6.3125], "texture": "#particle"},
				"south": {"uv": [6.4375, 5.5625, 8.1875, 6.3125], "texture": "#particle"},
				"west": {"uv": [6.4375, 5.5625, 6.5625, 6.3125], "rotation": 180, "texture": "#particle"},
				"up": {"uv": [6.4375, 5.5625, 8.1875, 5.6875], "rotation": 180, "texture": "#particle"},
				"down": {"uv": [6.4375, 5.5625, 8.1875, 5.6875], "texture": "#particle"}
			}
		},
		{
			"from": [5.10185, 8.19549, -1.66737],
			"to": [16.10185, 10.19549, 9.33263],
			"rotation": {"angle": -22.5, "axis": "y", "origin": [10.60185, 9.19549, 3.83263]},
			"faces": {
				"north": {"uv": [3.4375, 0.125, 4.8125, 0.375], "texture": "#particle"},
				"east": {"uv": [3.4375, 0.125, 4.8125, 0.375], "texture": "#particle"},
				"south": {"uv": [3.4375, 0.125, 4.8125, 0.375], "texture": "#particle"},
				"west": {"uv": [3.4375, 0.125, 4.8125, 0.375], "texture": "#particle"},
				"up": {"uv": [3.4375, 0.0625, 4.8125, 1.4375], "texture": "#particle"},
				"down": {"uv": [3.4375, 0.0625, 4.8125, 1.4375], "texture": "#particle"}
			}
		},
		{
			"from": [2.26852, 0.19549, -5.66737],
			"to": [18.26852, 8.19549, 16.33263],
			"rotation": {"angle": 0, "axis": "y", "origin": [10.26852, 4.19549, -15.66737]},
			"faces": {
				"north": {"uv": [5.3125, 2.0625, 6.3125, 4.0625], "rotation": 90, "texture": "#particle"},
				"east": {"uv": [5.3125, 2.0625, 6.3125, 4.8125], "rotation": 90, "texture": "#particle"},
				"south": {"uv": [0.0625, 4.9375, 2.0625, 5.9375], "texture": "#particle"},
				"west": {"uv": [5.3125, 2.0625, 6.3125, 4.8125], "rotation": 90, "texture": "#particle"},
				"up": {"uv": [2.0625, 4.8125, 0.0625, 2.0625], "rotation": 180, "texture": "#particle"},
				"down": {"uv": [2.0625, 10.875, 0.0625, 8.125], "rotation": 180, "texture": "#particle"}
			}
		},
		{
			"from": [3.26852, 3.94549, 10.33263],
			"to": [5.26852, 14.94549, 12.33263],
			"rotation": {"angle": -22.5, "axis": "x", "origin": [4.26852, 15.19549, 3.33263]},
			"faces": {
				"north": {"uv": [6.4375, 4.1875, 7.8125, 4.4375], "rotation": 90, "texture": "#particle"},
				"east": {"uv": [6.4375, 4.1875, 7.8125, 4.4375], "rotation": 270, "texture": "#particle"},
				"south": {"uv": [6.4375, 4.1875, 7.8125, 4.4375], "rotation": 90, "texture": "#particle"},
				"west": {"uv": [6.4375, 4.1875, 7.8125, 4.4375], "rotation": 270, "texture": "#particle"},
				"up": {"uv": [7.9375, 4.1875, 8.1875, 4.4375], "rotation": 180, "texture": "#particle"},
				"down": {"uv": [7.9375, 4.1875, 8.1875, 4.4375], "rotation": 90, "texture": "#particle"}
			}
		},
		{
			"from": [2.26852, 16.69549, -1.66737],
			"to": [4.76852, 18.69549, 14.33263],
			"shade": false,
			"rotation": {"angle": -22.5, "axis": "y", "origin": [4.26852, 15.19549, 3.33263]},
			"faces": {
				"north": {"uv": [12.1875, 4.875, 12.5, 5.125], "rotation": 90, "texture": "#particle"},
				"east": {"uv": [9.5625, 5.625, 11.5625, 5.875], "texture": "#particle"},
				"south": {"uv": [12.1875, 4.875, 12.5, 5.125], "rotation": 90, "texture": "#particle"},
				"west": {"uv": [9.5625, 5.625, 11.5625, 5.875], "texture": "#particle"},
				"up": {"uv": [9.5625, 5.9375, 11.5625, 6.25], "rotation": 90, "texture": "#particle"},
				"down": {"uv": [9.5625, 5.9375, 11.5625, 6.25], "rotation": 270, "texture": "#particle"}
			}
		},
		{
			"from": [3.26852, 6.68608, -2.16108],
			"to": [5.26852, 17.68608, -0.16108],
			"rotation": {"angle": 22.5, "axis": "x", "origin": [4.26852, 12.18608, -1.16108]},
			"faces": {
				"north": {"uv": [6.4375, 4.1875, 7.8125, 4.4375], "rotation": 90, "texture": "#particle"},
				"east": {"uv": [6.4375, 4.1875, 7.8125, 4.4375], "rotation": 270, "texture": "#particle"},
				"south": {"uv": [6.4375, 4.1875, 7.8125, 4.4375], "rotation": 90, "texture": "#particle"},
				"west": {"uv": [6.4375, 4.1875, 7.8125, 4.4375], "rotation": 270, "texture": "#particle"},
				"up": {"uv": [7.9375, 4.1875, 8.1875, 4.4375], "rotation": 180, "texture": "#particle"},
				"down": {"uv": [7.9375, 4.1875, 8.1875, 4.4375], "rotation": 90, "texture": "#particle"}
			}
		},
		{
			"from": [3.01852, 11.69549, -3.66737],
			"to": [5.51852, 13.69549, 16.33263],
			"rotation": {"angle": -22.5, "axis": "x", "origin": [4.26852, 12.69549, 6.33263]},
			"faces": {
				"north": {"uv": [12.1875, 4.875, 12.5, 5.125], "rotation": 90, "texture": "#particle"},
				"east": {"uv": [9.5625, 4.875, 12.0625, 5.125], "texture": "#particle"},
				"south": {"uv": [12.1875, 4.875, 12.5, 5.125], "rotation": 90, "texture": "#particle"},
				"west": {"uv": [9.5625, 4.875, 12.0625, 5.125], "texture": "#particle"},
				"up": {"uv": [9.5625, 5.1875, 12.0625, 5.5], "rotation": 90, "texture": "#particle"},
				"down": {"uv": [9.5625, 5.1875, 12.0625, 5.5], "rotation": 90, "texture": "#particle"}
			}
		},
		{
			"from": [4.26852, -3.80451, 0.33263],
			"to": [16.26852, 0.19549, 12.33263],
			"rotation": {"angle": 0, "axis": "y", "origin": [14.26852, 4.19549, -15.66737]},
			"faces": {
				"north": {"uv": [5.8125, 4.9375, 6.3125, 6.4375], "rotation": 90, "texture": "#particle"},
				"east": {"uv": [5.8125, 4.9375, 6.3125, 6.4375], "rotation": 90, "texture": "#particle"},
				"south": {"uv": [5.8125, 4.9375, 6.3125, 6.4375], "rotation": 90, "texture": "#particle"},
				"west": {"uv": [5.8125, 4.9375, 6.3125, 6.4375], "rotation": 90, "texture": "#particle"},
				"up": {"uv": [4.1875, 4.9375, 5.6875, 6.4375], "texture": "#particle"},
				"down": {"uv": [4.1875, 4.9375, 5.6875, 6.4375], "texture": "#particle"}
			}
		},
		{
			"from": [4.26852, 2.19549, 16.33263],
			"to": [8.26852, 6.19549, 17.33263],
			"rotation": {"angle": 0, "axis": "y", "origin": [2.26852, 4.19549, -14.66737]},
			"faces": {
				"north": {"uv": [6.4375, 4.9375, 6.9375, 5.4375], "texture": "#particle"},
				"east": {"uv": [7.0625, 4.9375, 7.1875, 5.4375], "texture": "#particle"},
				"south": {"uv": [6.4375, 4.9375, 6.9375, 5.4375], "texture": "#particle"},
				"west": {"uv": [7.0625, 4.9375, 7.1875, 5.4375], "rotation": 180, "texture": "#particle"},
				"up": {"uv": [7.0625, 4.9375, 7.1875, 5.4375], "rotation": 270, "texture": "#particle"},
				"down": {"uv": [7.0625, 4.9375, 7.1875, 5.4375], "rotation": 90, "texture": "#particle"}
			}
		}
	],
	"display": {
		"ground": {
			"rotation": [-5, 23, 0],
			"translation": [0, 9.75, 0]
		},
		"head": {
			"translation": [0, -23.9, 0],
			"scale": [1.6, 1.6, 1.6]
		}
	},
	"groups": [
		{
			"name": "group",
			"origin": [-16, 5, -1],
			"color": 0,
			"children": [0, 1, 2, 3, 4, 5, 6, 7, 8]
		}
	]
}