{
	"credit": "Made with Blockbench",
	"texture_size": [256, 256],
	"textures": {
		"1": "items/vehicle1-effect",
		"particle": "items/vehicle1"
	},
	"elements": [
		{
			"from": [-2, 1, -8],
			"to": [18, 9, 8],
			"rotation": {"angle": 0, "axis": "y", "origin": [0, 5, -2]},
			"faces": {
				"north": {"uv": [10, 2.0625, 11, 4.5625], "rotation": 90, "texture": "#particle"},
				"east": {"uv": [8.8125, 2.0625, 9.8125, 4.0625], "rotation": 90, "texture": "#particle"},
				"south": {"uv": [13, 8, 18, 10], "texture": "#missing"},
				"west": {"uv": [7.625, 2.0625, 8.625, 4.0625], "rotation": 90, "texture": "#particle"},
				"up": {"uv": [0.8125, 0.0625, 3.3125, 2.0625], "texture": "#particle"},
				"down": {"uv": [0.8125, 6.0625, 3.3125, 8.0625], "rotation": 180, "texture": "#particle"}
			}
		},
		{
			"from": [-7.25, 17.5, 12],
			"to": [-4.75, 19.5, 28],
			"shade": false,
			"rotation": {"angle": 0, "axis": "x", "origin": [-6, 16, 17]},
			"faces": {
				"north": {"uv": [12.1875, 4.875, 12.5, 5.125], "rotation": 90, "texture": "#particle"},
				"east": {"uv": [9.5625, 5.625, 11.5625, 5.875], "texture": "#particle"},
				"south": {"uv": [12.1875, 4.875, 12.5, 5.125], "rotation": 90, "texture": "#particle"},
				"west": {"uv": [9.5625, 5.625, 11.5625, 5.875], "texture": "#particle"},
				"up": {"uv": [9.5625, 5.9375, 11.5625, 6.25], "rotation": 90, "texture": "#particle"},
				"down": {"uv": [9.5625, 5.9375, 11.5625, 6.25], "rotation": 270, "texture": "#particle"}
			}
		},
		{
			"from": [-7.25, 12.5, 10],
			"to": [-4.75, 14.5, 30],
			"rotation": {"angle": 0, "axis": "x", "origin": [-6, 16, 17]},
			"faces": {
				"north": {"uv": [12.1875, 4.875, 12.5, 5.125], "rotation": 90, "texture": "#particle"},
				"east": {"uv": [9.5625, 4.875, 12.0625, 5.125], "texture": "#particle"},
				"south": {"uv": [12.1875, 4.875, 12.5, 5.125], "rotation": 90, "texture": "#particle"},
				"west": {"uv": [9.5625, 4.875, 12.0625, 5.125], "texture": "#particle"},
				"up": {"uv": [9.5625, 5.1875, 12.0625, 5.5], "rotation": 90, "texture": "#particle"},
				"down": {"uv": [9.5625, 5.1875, 12.0625, 5.5], "rotation": 90, "texture": "#particle"}
			}
		},
		{
			"from": [-7, 4.75, 24],
			"to": [-5, 15.75, 26],
			"rotation": {"angle": -22.5, "axis": "x", "origin": [-6, 16, 17]},
			"faces": {
				"north": {"uv": [6.4375, 4.1875, 7.8125, 4.4375], "rotation": 90, "texture": "#particle"},
				"east": {"uv": [6.4375, 4.1875, 7.8125, 4.4375], "rotation": 270, "texture": "#particle"},
				"south": {"uv": [6.4375, 4.1875, 7.8125, 4.4375], "rotation": 90, "texture": "#particle"},
				"west": {"uv": [6.4375, 4.1875, 7.8125, 4.4375], "rotation": 270, "texture": "#particle"},
				"up": {"uv": [7.9375, 4.1875, 8.1875, 4.4375], "rotation": 180, "texture": "#particle"},
				"down": {"uv": [7.9375, 4.1875, 8.1875, 4.4375], "rotation": 90, "texture": "#particle"}
			}
		},
		{
			"from": [-7, 7.49059, 11.50629],
			"to": [-5, 18.49059, 13.50629],
			"rotation": {"angle": 22.5, "axis": "x", "origin": [-6, 12.99059, 12.50629]},
			"faces": {
				"north": {"uv": [6.4375, 4.1875, 7.8125, 4.4375], "rotation": 90, "texture": "#particle"},
				"east": {"uv": [6.4375, 4.1875, 7.8125, 4.4375], "rotation": 270, "texture": "#particle"},
				"south": {"uv": [6.4375, 4.1875, 7.8125, 4.4375], "rotation": 90, "texture": "#particle"},
				"west": {"uv": [6.4375, 4.1875, 7.8125, 4.4375], "rotation": 270, "texture": "#particle"},
				"up": {"uv": [7.9375, 4.1875, 8.1875, 4.4375], "rotation": 180, "texture": "#particle"},
				"down": {"uv": [7.9375, 4.1875, 8.1875, 4.4375], "rotation": 90, "texture": "#particle"}
			}
		},
		{
			"from": [15, 7.49059, -5.49371],
			"to": [17, 18.49059, -3.49371],
			"rotation": {"angle": 22.5, "axis": "x", "origin": [16, 12.99059, -4.49371]},
			"faces": {
				"north": {"uv": [6.4375, 4.4375, 7.8125, 4.1875], "rotation": 90, "texture": "#particle"},
				"east": {"uv": [6.4375, 4.4375, 7.8125, 4.1875], "rotation": 270, "texture": "#particle"},
				"south": {"uv": [6.4375, 4.4375, 7.8125, 4.1875], "rotation": 90, "texture": "#particle"},
				"west": {"uv": [6.4375, 4.4375, 7.8125, 4.1875], "rotation": 270, "texture": "#particle"},
				"up": {"uv": [8.1875, 4.1875, 7.9375, 4.4375], "rotation": 180, "texture": "#particle"},
				"down": {"uv": [7.9375, 4.4375, 8.1875, 4.1875], "rotation": 90, "texture": "#particle"}
			}
		},
		{
			"from": [15, 3.98463, 5.15224],
			"to": [17, 14.98463, 7.15224],
			"rotation": {"angle": -22.5, "axis": "x", "origin": [16, 15.23463, -1.84776]},
			"faces": {
				"north": {"uv": [6.4375, 4.4375, 7.8125, 4.1875], "rotation": 90, "texture": "#particle"},
				"east": {"uv": [6.4375, 4.4375, 7.8125, 4.1875], "rotation": 270, "texture": "#particle"},
				"south": {"uv": [6.4375, 4.4375, 7.8125, 4.1875], "rotation": 90, "texture": "#particle"},
				"west": {"uv": [6.4375, 4.4375, 7.8125, 4.1875], "rotation": 270, "texture": "#particle"},
				"up": {"uv": [8.1875, 4.1875, 7.9375, 4.4375], "rotation": 180, "texture": "#particle"},
				"down": {"uv": [7.9375, 4.4375, 8.1875, 4.1875], "rotation": 90, "texture": "#particle"}
			}
		},
		{
			"from": [-1, 7.49059, -5.49371],
			"to": [1, 18.49059, -3.49371],
			"rotation": {"angle": 22.5, "axis": "x", "origin": [0, 12.99059, -4.49371]},
			"faces": {
				"north": {"uv": [6.4375, 4.1875, 7.8125, 4.4375], "rotation": 90, "texture": "#particle"},
				"east": {"uv": [6.4375, 4.1875, 7.8125, 4.4375], "rotation": 270, "texture": "#particle"},
				"south": {"uv": [6.4375, 4.1875, 7.8125, 4.4375], "rotation": 90, "texture": "#particle"},
				"west": {"uv": [6.4375, 4.1875, 7.8125, 4.4375], "rotation": 270, "texture": "#particle"},
				"up": {"uv": [7.9375, 4.1875, 8.1875, 4.4375], "rotation": 180, "texture": "#particle"},
				"down": {"uv": [7.9375, 4.1875, 8.1875, 4.4375], "rotation": 90, "texture": "#particle"}
			}
		},
		{
			"from": [-1.25, 12.48463, -6.84776],
			"to": [1.25, 14.48463, 10.15224],
			"rotation": {"angle": 0, "axis": "x", "origin": [0, 15.23463, -1.84776]},
			"faces": {
				"north": {"uv": [11.8125, 6.375, 12.125, 6.625], "rotation": 90, "texture": "#particle"},
				"east": {"uv": [9.5625, 6.375, 11.6875, 6.625], "texture": "#particle"},
				"south": {"uv": [11.8125, 6.375, 12.125, 6.625], "rotation": 90, "texture": "#particle"},
				"west": {"uv": [9.5625, 6.375, 11.6875, 6.625], "texture": "#particle"},
				"up": {"uv": [9.5625, 6.6875, 11.6875, 7], "rotation": 90, "texture": "#particle"},
				"down": {"uv": [9.5625, 6.6875, 11.6875, 7], "rotation": 90, "texture": "#particle"}
			}
		},
		{
			"from": [-1.25, 17.48463, -5.84776],
			"to": [1.25, 19.48463, 8.15224],
			"shade": false,
			"rotation": {"angle": 0, "axis": "x", "origin": [0, 15.23463, -1.84776]},
			"faces": {
				"north": {"uv": [11.8125, 6.375, 12.125, 6.625], "rotation": 90, "texture": "#particle"},
				"east": {"uv": [9.5625, 7.125, 11.3125, 7.375], "texture": "#particle"},
				"south": {"uv": [11.8125, 6.375, 12.125, 6.625], "rotation": 90, "texture": "#particle"},
				"west": {"uv": [9.5625, 7.125, 11.3125, 7.375], "texture": "#particle"},
				"up": {"uv": [9.5625, 7.4375, 11.3125, 7.75], "rotation": 90, "texture": "#particle"},
				"down": {"uv": [9.5625, 7.4375, 11.3125, 7.75], "rotation": 90, "texture": "#particle"}
			}
		},
		{
			"from": [14.75, 12.48463, -6.84776],
			"to": [17.25, 14.48463, 10.15224],
			"rotation": {"angle": 0, "axis": "x", "origin": [16, 15.23463, -1.84776]},
			"faces": {
				"north": {"uv": [11.8125, 6.625, 12.125, 6.375], "rotation": 90, "texture": "#particle"},
				"east": {"uv": [11.6875, 6.375, 9.5625, 6.625], "texture": "#particle"},
				"south": {"uv": [11.8125, 6.625, 12.125, 6.375], "rotation": 90, "texture": "#particle"},
				"west": {"uv": [11.6875, 6.375, 9.5625, 6.625], "texture": "#particle"},
				"up": {"uv": [9.5625, 7, 11.6875, 6.6875], "rotation": 90, "texture": "#particle"},
				"down": {"uv": [9.5625, 7, 11.6875, 6.6875], "rotation": 90, "texture": "#particle"}
			}
		},
		{
			"from": [14.75, 17.48463, -5.84776],
			"to": [17.25, 19.48463, 8.15224],
			"shade": false,
			"rotation": {"angle": 0, "axis": "x", "origin": [16, 15.23463, -1.84776]},
			"faces": {
				"north": {"uv": [11.8125, 6.625, 12.125, 6.375], "rotation": 90, "texture": "#particle"},
				"east": {"uv": [11.3125, 7.125, 9.5625, 7.375], "texture": "#particle"},
				"south": {"uv": [11.8125, 6.625, 12.125, 6.375], "rotation": 90, "texture": "#particle"},
				"west": {"uv": [11.3125, 7.125, 9.5625, 7.375], "texture": "#particle"},
				"up": {"uv": [9.5625, 7.75, 11.3125, 7.4375], "rotation": 90, "texture": "#particle"},
				"down": {"uv": [9.5625, 7.75, 11.3125, 7.4375], "rotation": 90, "texture": "#particle"}
			}
		},
		{
			"from": [-1, 3.98463, 5.15224],
			"to": [1, 14.98463, 7.15224],
			"rotation": {"angle": -22.5, "axis": "x", "origin": [0, 15.23463, -1.84776]},
			"faces": {
				"north": {"uv": [6.4375, 4.1875, 7.8125, 4.4375], "rotation": 90, "texture": "#particle"},
				"east": {"uv": [6.4375, 4.1875, 7.8125, 4.4375], "rotation": 270, "texture": "#particle"},
				"south": {"uv": [6.4375, 4.1875, 7.8125, 4.4375], "rotation": 90, "texture": "#particle"},
				"west": {"uv": [6.4375, 4.1875, 7.8125, 4.4375], "rotation": 270, "texture": "#particle"},
				"up": {"uv": [7.9375, 4.1875, 8.1875, 4.4375], "rotation": 180, "texture": "#particle"},
				"down": {"uv": [7.9375, 4.1875, 8.1875, 4.4375], "rotation": 90, "texture": "#particle"}
			}
		},
		{
			"from": [20.75, 17.5, 12],
			"to": [23.25, 19.5, 28],
			"shade": false,
			"rotation": {"angle": 0, "axis": "x", "origin": [22, 16, 17]},
			"faces": {
				"north": {"uv": [12.1875, 5.125, 12.5, 4.875], "rotation": 90, "texture": "#particle"},
				"east": {"uv": [11.5625, 5.625, 9.5625, 5.875], "texture": "#particle"},
				"south": {"uv": [12.1875, 5.125, 12.5, 4.875], "rotation": 90, "texture": "#particle"},
				"west": {"uv": [11.5625, 5.625, 9.5625, 5.875], "texture": "#particle"},
				"up": {"uv": [9.5625, 6.25, 11.5625, 5.9375], "rotation": 90, "texture": "#particle"},
				"down": {"uv": [9.5625, 6.25, 11.5625, 5.9375], "rotation": 270, "texture": "#particle"}
			}
		},
		{
			"from": [21, 7.49059, 11.50629],
			"to": [23, 18.49059, 13.50629],
			"rotation": {"angle": 22.5, "axis": "x", "origin": [22, 12.99059, 12.50629]},
			"faces": {
				"north": {"uv": [6.4375, 4.4375, 7.8125, 4.1875], "rotation": 90, "texture": "#particle"},
				"east": {"uv": [6.4375, 4.4375, 7.8125, 4.1875], "rotation": 270, "texture": "#particle"},
				"south": {"uv": [6.4375, 4.4375, 7.8125, 4.1875], "rotation": 90, "texture": "#particle"},
				"west": {"uv": [6.4375, 4.4375, 7.8125, 4.1875], "rotation": 270, "texture": "#particle"},
				"up": {"uv": [8.1875, 4.1875, 7.9375, 4.4375], "rotation": 180, "texture": "#particle"},
				"down": {"uv": [7.9375, 4.4375, 8.1875, 4.1875], "rotation": 90, "texture": "#particle"}
			}
		},
		{
			"from": [20.75, 12.5, 10],
			"to": [23.25, 14.5, 30],
			"rotation": {"angle": 0, "axis": "x", "origin": [22, 16, 17]},
			"faces": {
				"north": {"uv": [12.1875, 5.125, 12.5, 4.875], "rotation": 90, "texture": "#particle"},
				"east": {"uv": [12.0625, 4.875, 9.5625, 5.125], "texture": "#particle"},
				"south": {"uv": [12.1875, 5.125, 12.5, 4.875], "rotation": 90, "texture": "#particle"},
				"west": {"uv": [12.0625, 4.875, 9.5625, 5.125], "texture": "#particle"},
				"up": {"uv": [9.5625, 5.5, 12.0625, 5.1875], "rotation": 90, "texture": "#particle"},
				"down": {"uv": [9.5625, 5.5, 12.0625, 5.1875], "rotation": 90, "texture": "#particle"}
			}
		},
		{
			"from": [21, 4.75, 24],
			"to": [23, 15.75, 26],
			"rotation": {"angle": -22.5, "axis": "x", "origin": [22, 16, 17]},
			"faces": {
				"north": {"uv": [6.4375, 4.4375, 7.8125, 4.1875], "rotation": 90, "texture": "#particle"},
				"east": {"uv": [6.4375, 4.4375, 7.8125, 4.1875], "rotation": 270, "texture": "#particle"},
				"south": {"uv": [6.4375, 4.4375, 7.8125, 4.1875], "rotation": 90, "texture": "#particle"},
				"west": {"uv": [6.4375, 4.4375, 7.8125, 4.1875], "rotation": 270, "texture": "#particle"},
				"up": {"uv": [8.1875, 4.1875, 7.9375, 4.4375], "rotation": 180, "texture": "#particle"},
				"down": {"uv": [7.9375, 4.4375, 8.1875, 4.1875], "rotation": 90, "texture": "#particle"}
			}
		},
		{
			"from": [2.5, 9, -4],
			"to": [13.5, 12, 7],
			"rotation": {"angle": 0, "axis": "y", "origin": [0.5, 5, -2]},
			"faces": {
				"north": {"uv": [3.4375, 0.0625, 4.8125, 0.4375], "texture": "#particle"},
				"east": {"uv": [3.4375, 0.0625, 4.8125, 0.4375], "texture": "#particle"},
				"south": {"uv": [3.4375, 0.0625, 4.8125, 0.4375], "texture": "#particle"},
				"west": {"uv": [3.4375, 0.0625, 4.8125, 0.4375], "texture": "#particle"},
				"up": {"uv": [3.4375, 0.0625, 4.8125, 1.4375], "texture": "#particle"},
				"down": {"uv": [3.4375, 0.0625, 4.8125, 1.4375], "texture": "#particle"}
			}
		},
		{
			"from": [6, 8.87567, -6.09077],
			"to": [10, 23.87567, -4.09077],
			"rotation": {"angle": 0, "axis": "x", "origin": [8, 19.62567, -4.09077]},
			"faces": {
				"north": {"uv": [4.9375, 0.0625, 5.4375, 1.9375], "texture": "#particle"},
				"east": {"uv": [6.4375, 4.1875, 7.875, 4.4375], "rotation": 270, "texture": "#particle"},
				"south": {"uv": [4.9375, 0.0625, 5.4375, 1.9375], "texture": "#particle"},
				"west": {"uv": [6.4375, 4.1875, 7.875, 4.4375], "rotation": 270, "texture": "#particle"},
				"up": {"uv": [5.5625, 0.0625, 6.0625, 0.3125], "texture": "#particle"},
				"down": {"uv": [5.5625, 0.0625, 6.0625, 0.3125], "texture": "#particle"}
			}
		},
		{
			"from": [4, 19.5, -5.09077],
			"to": [12, 25.5, -3.09077],
			"rotation": {"angle": 0, "axis": "x", "origin": [8.005, 19.62567, -4.09077]},
			"faces": {
				"north": {"uv": [7.0625, 0.4375, 8.0625, 1.1875], "texture": "#particle"},
				"east": {"uv": [6.6875, 0.4375, 6.9375, 1.1875], "texture": "#particle"},
				"south": {"uv": [5.5625, 0.4375, 6.5625, 1.1875], "texture": "#particle"},
				"west": {"uv": [6.6875, 0.4375, 6.9375, 1.1875], "texture": "#particle"},
				"up": {"uv": [5.5625, 1.25, 6.5625, 1.5], "texture": "#particle"},
				"down": {"uv": [5.5625, 1.25, 6.5625, 1.5], "texture": "#particle"}
			}
		},
		{
			"from": [3, 9, 7],
			"to": [13, 25, 10],
			"rotation": {"angle": 0, "axis": "y", "origin": [0, 5, -2]},
			"faces": {
				"north": {"uv": [4.1875, 6.5625, 5.4375, 8.5625], "texture": "#particle"},
				"east": {"uv": [4.625, 6.5625, 5, 8.5625], "texture": "#particle"},
				"south": {"uv": [4.1875, 6.5625, 5.4375, 8.5625], "texture": "#particle"},
				"west": {"uv": [4.625, 6.5625, 5, 8.5625], "texture": "#particle"},
				"up": {"uv": [4.1875, 6.5625, 4.18813, 6.56313], "texture": "#particle"},
				"down": {"uv": [4.25, 8.5625, 4.25063, 8.56313], "texture": "#particle"}
			}
		},
		{
			"from": [10.16667, 9, 12],
			"to": [21.16667, 11, 23],
			"rotation": {"angle": 0, "axis": "y", "origin": [0.16667, 5, 14]},
			"faces": {
				"north": {"uv": [3.4375, 0.125, 4.8125, 0.375], "texture": "#particle"},
				"east": {"uv": [3.4375, 0.125, 4.8125, 0.375], "texture": "#particle"},
				"south": {"uv": [3.4375, 0.125, 4.8125, 0.375], "texture": "#particle"},
				"west": {"uv": [3.4375, 0.125, 4.8125, 0.375], "texture": "#particle"},
				"up": {"uv": [3.4375, 0.0625, 4.8125, 1.4375], "texture": "#particle"},
				"down": {"uv": [3.4375, 0.0625, 4.8125, 1.4375], "texture": "#particle"}
			}
		},
		{
			"from": [-5.16667, 9, 12],
			"to": [5.83333, 11, 23],
			"rotation": {"angle": 0, "axis": "y", "origin": [15.83333, 5, 14]},
			"faces": {
				"north": {"uv": [3.4375, 0.125, 4.8125, 0.375], "texture": "#particle"},
				"east": {"uv": [3.4375, 0.125, 4.8125, 0.375], "texture": "#particle"},
				"south": {"uv": [3.4375, 0.125, 4.8125, 0.375], "texture": "#particle"},
				"west": {"uv": [3.4375, 0.125, 4.8125, 0.375], "texture": "#particle"},
				"up": {"uv": [3.4375, 0.0625, 4.8125, 1.4375], "texture": "#particle"},
				"down": {"uv": [3.4375, 0.0625, 4.8125, 1.4375], "texture": "#particle"}
			}
		},
		{
			"from": [2, -2, -2],
			"to": [14, 1, 10],
			"rotation": {"angle": 0, "axis": "y", "origin": [4, 5, -2]},
			"faces": {
				"north": {"uv": [5.9375, 4.9375, 6.3125, 6.4375], "rotation": 90, "texture": "#particle"},
				"east": {"uv": [5.9375, 4.9375, 6.3125, 6.4375], "rotation": 90, "texture": "#particle"},
				"south": {"uv": [5.9375, 4.9375, 6.3125, 6.4375], "rotation": 90, "texture": "#particle"},
				"west": {"uv": [5.9375, 4.9375, 6.3125, 6.4375], "rotation": 90, "texture": "#particle"},
				"up": {"uv": [4.1875, 4.9375, 5.6875, 6.4375], "texture": "#particle"},
				"down": {"uv": [4.1875, 4.9375, 5.6875, 6.4375], "texture": "#particle"}
			}
		},
		{
			"from": [-6, -3, 14],
			"to": [6, 1, 26],
			"rotation": {"angle": 0, "axis": "y", "origin": [4, 5, -2]},
			"faces": {
				"north": {"uv": [5.8125, 4.9375, 6.3125, 6.4375], "rotation": 90, "texture": "#particle"},
				"east": {"uv": [5.8125, 4.9375, 6.3125, 6.4375], "rotation": 90, "texture": "#particle"},
				"south": {"uv": [5.8125, 4.9375, 6.3125, 6.4375], "rotation": 90, "texture": "#particle"},
				"west": {"uv": [5.8125, 4.9375, 6.3125, 6.4375], "rotation": 90, "texture": "#particle"},
				"up": {"uv": [4.1875, 4.9375, 5.6875, 6.4375], "texture": "#particle"},
				"down": {"uv": [4.1875, 4.9375, 5.6875, 6.4375], "texture": "#particle"}
			}
		},
		{
			"from": [6.5, -2, 23],
			"to": [9.5, 1, 32],
			"rotation": {"angle": 0, "axis": "y", "origin": [12.5, 5, -2]},
			"faces": {
				"north": {"uv": [9.0625, 4.9375, 9.4375, 5.3125], "rotation": 90, "texture": "#particle"},
				"east": {"uv": [7.3125, 4.9375, 8.4375, 5.3125], "rotation": 180, "texture": "#particle"},
				"south": {"uv": [8.5625, 4.9375, 8.9375, 5.3125], "rotation": 180, "texture": "#particle"},
				"west": {"uv": [7.3125, 4.9375, 8.4375, 5.3125], "texture": "#particle"},
				"up": {"uv": [7.3125, 4.9375, 8.4375, 5.3125], "rotation": 270, "texture": "#particle"},
				"down": {"uv": [7.3125, 4.9375, 8.4375, 5.3125], "rotation": 90, "texture": "#particle"}
			}
		},
		{
			"from": [10, -3, 14],
			"to": [22, 1, 26],
			"rotation": {"angle": 0, "axis": "y", "origin": [12, 5, -2]},
			"faces": {
				"north": {"uv": [5.8125, 4.9375, 6.3125, 6.4375], "rotation": 90, "texture": "#particle"},
				"east": {"uv": [5.8125, 4.9375, 6.3125, 6.4375], "rotation": 90, "texture": "#particle"},
				"south": {"uv": [5.8125, 4.9375, 6.3125, 6.4375], "rotation": 90, "texture": "#particle"},
				"west": {"uv": [5.8125, 4.9375, 6.3125, 6.4375], "rotation": 90, "texture": "#particle"},
				"up": {"uv": [4.1875, 4.9375, 5.6875, 6.4375], "texture": "#particle"},
				"down": {"uv": [4.1875, 4.9375, 5.6875, 6.4375], "texture": "#particle"}
			}
		},
		{
			"from": [8, 1, 8],
			"to": [24, 9, 30],
			"rotation": {"angle": 0, "axis": "y", "origin": [0, 5, -2]},
			"faces": {
				"north": {"uv": [6.4375, 2.0625, 7.4375, 4.0625], "rotation": 90, "texture": "#particle"},
				"east": {"uv": [4.1875, 2.0625, 5.1875, 4.8125], "rotation": 90, "texture": "#particle"},
				"south": {"uv": [2.0625, 4.9375, 4.0625, 5.9375], "texture": "#particle"},
				"west": {"uv": [9.5, 9.5, 15, 11.5], "texture": "#missing"},
				"up": {"uv": [4.0625, 4.8125, 2.0625, 2.0625], "rotation": 180, "texture": "#particle"},
				"down": {"uv": [4.0625, 10.875, 2.0625, 8.125], "rotation": 180, "texture": "#particle"}
			}
		},
		{
			"from": [1, 2, 30],
			"to": [15, 8, 31],
			"rotation": {"angle": 0, "axis": "y", "origin": [-8, 5, -1]},
			"faces": {
				"north": {"uv": [6.4375, 5.5625, 8.1875, 6.3125], "texture": "#particle"},
				"east": {"uv": [6.4375, 5.5625, 6.5625, 6.3125], "texture": "#particle"},
				"south": {"uv": [6.4375, 5.5625, 8.1875, 6.3125], "texture": "#particle"},
				"west": {"uv": [6.4375, 5.5625, 6.5625, 6.3125], "rotation": 180, "texture": "#particle"},
				"up": {"uv": [6.4375, 5.5625, 8.1875, 5.6875], "rotation": 180, "texture": "#particle"},
				"down": {"uv": [6.4375, 5.5625, 8.1875, 5.6875], "texture": "#particle"}
			}
		},
		{
			"from": [-6, 3, 30],
			"to": [-2, 7, 31],
			"rotation": {"angle": 0, "axis": "y", "origin": [-8, 5, -1]},
			"faces": {
				"north": {"uv": [6.4375, 4.9375, 6.9375, 5.4375], "texture": "#particle"},
				"east": {"uv": [7.0625, 4.9375, 7.1875, 5.4375], "texture": "#particle"},
				"south": {"uv": [6.4375, 4.9375, 6.9375, 5.4375], "texture": "#particle"},
				"west": {"uv": [7.0625, 4.9375, 7.1875, 5.4375], "rotation": 180, "texture": "#particle"},
				"up": {"uv": [7.0625, 4.9375, 7.1875, 5.4375], "rotation": 270, "texture": "#particle"},
				"down": {"uv": [7.0625, 4.9375, 7.1875, 5.4375], "rotation": 90, "texture": "#particle"}
			}
		},
		{
			"from": [18, 3, 30],
			"to": [22, 7, 31],
			"rotation": {"angle": 0, "axis": "y", "origin": [24, 5, -1]},
			"faces": {
				"north": {"uv": [6.9375, 4.9375, 6.4375, 5.4375], "texture": "#particle"},
				"east": {"uv": [7.1875, 4.9375, 7.0625, 5.4375], "rotation": 180, "texture": "#particle"},
				"south": {"uv": [6.9375, 4.9375, 6.4375, 5.4375], "texture": "#particle"},
				"west": {"uv": [7.1875, 4.9375, 7.0625, 5.4375], "texture": "#particle"},
				"up": {"uv": [7.0625, 5.4375, 7.1875, 4.9375], "rotation": 270, "texture": "#particle"},
				"down": {"uv": [7.0625, 5.4375, 7.1875, 4.9375], "rotation": 90, "texture": "#particle"}
			}
		},
		{
			"from": [13, 3, -9],
			"to": [17, 7, -8],
			"rotation": {"angle": 0, "axis": "y", "origin": [19, 5, 23]},
			"faces": {
				"north": {"uv": [6.4375, 4.9375, 6.9375, 5.4375], "texture": "#particle"},
				"east": {"uv": [7.0625, 4.9375, 7.1875, 5.4375], "rotation": 180, "texture": "#particle"},
				"south": {"uv": [6.4375, 4.9375, 6.9375, 5.4375], "texture": "#particle"},
				"west": {"uv": [7.0625, 4.9375, 7.1875, 5.4375], "texture": "#particle"},
				"up": {"uv": [7.1875, 5.4375, 7.0625, 4.9375], "rotation": 270, "texture": "#particle"},
				"down": {"uv": [7.1875, 5.4375, 7.0625, 4.9375], "rotation": 90, "texture": "#particle"}
			}
		},
		{
			"from": [-1, 3, -9],
			"to": [3, 7, -8],
			"rotation": {"angle": 0, "axis": "y", "origin": [-3, 5, 23]},
			"faces": {
				"north": {"uv": [6.9375, 4.9375, 6.4375, 5.4375], "texture": "#particle"},
				"east": {"uv": [7.1875, 4.9375, 7.0625, 5.4375], "texture": "#particle"},
				"south": {"uv": [6.9375, 4.9375, 6.4375, 5.4375], "texture": "#particle"},
				"west": {"uv": [7.1875, 4.9375, 7.0625, 5.4375], "rotation": 180, "texture": "#particle"},
				"up": {"uv": [7.1875, 4.9375, 7.0625, 5.4375], "rotation": 270, "texture": "#particle"},
				"down": {"uv": [7.1875, 4.9375, 7.0625, 5.4375], "rotation": 90, "texture": "#particle"}
			}
		},
		{
			"from": [-8, 1, 8],
			"to": [8, 9, 30],
			"rotation": {"angle": 0, "axis": "y", "origin": [0, 5, -2]},
			"faces": {
				"north": {"uv": [5.3125, 2.0625, 6.3125, 4.0625], "rotation": 90, "texture": "#particle"},
				"east": {"uv": [0, 9.5, 5.5, 11.5], "texture": "#missing"},
				"south": {"uv": [0.0625, 4.9375, 2.0625, 5.9375], "texture": "#particle"},
				"west": {"uv": [5.3125, 2.0625, 6.3125, 4.8125], "rotation": 90, "texture": "#particle"},
				"up": {"uv": [2.0625, 4.8125, 0.0625, 2.0625], "rotation": 180, "texture": "#particle"},
				"down": {"uv": [2.0625, 10.875, 0.0625, 8.125], "rotation": 180, "texture": "#particle"}
			}
		},
		{
			"from": [12, -10, 0],
			"to": [12, -2, 8],
			"rotation": {"angle": 0, "axis": "y", "origin": [8, -6, 4]},
			"faces": {
				"east": {"uv": [0, 0, 16, 16], "texture": "#1"},
				"west": {"uv": [0, 0, 16, 16], "texture": "#1"}
			}
		},
		{
			"from": [4, -10, 0],
			"to": [4, -2, 8],
			"rotation": {"angle": 0, "axis": "y", "origin": [8, -6, 4]},
			"faces": {
				"east": {"uv": [0, 0, 16, 16], "texture": "#1"},
				"west": {"uv": [0, 0, 16, 16], "texture": "#1"}
			}
		},
		{
			"from": [4, -10, 0],
			"to": [12, -2, 0],
			"rotation": {"angle": 0, "axis": "y", "origin": [4, 5, -2]},
			"faces": {
				"north": {"uv": [0, 0, 16, 16], "texture": "#1"},
				"south": {"uv": [0, 0, 16, 16], "texture": "#1"}
			}
		},
		{
			"from": [4, -10, 8],
			"to": [12, -2, 8],
			"rotation": {"angle": 0, "axis": "y", "origin": [4, 5, -2]},
			"faces": {
				"north": {"uv": [0, 0, 16, 16], "texture": "#1"},
				"south": {"uv": [0, 0, 16, 16], "texture": "#1"}
			}
		},
		{
			"from": [20, -11, 16],
			"to": [20, -3, 24],
			"rotation": {"angle": 0, "axis": "y", "origin": [8, -6, 4]},
			"faces": {
				"east": {"uv": [0, 0, 16, 16], "texture": "#1"},
				"west": {"uv": [0, 0, 16, 16], "texture": "#1"}
			}
		},
		{
			"from": [12, -11, 16],
			"to": [12, -3, 24],
			"rotation": {"angle": 0, "axis": "y", "origin": [8, -6, 4]},
			"faces": {
				"east": {"uv": [0, 0, 16, 16], "texture": "#1"},
				"west": {"uv": [0, 0, 16, 16], "texture": "#1"}
			}
		},
		{
			"from": [12, -11, 16],
			"to": [20, -3, 16],
			"rotation": {"angle": 0, "axis": "y", "origin": [4, 5, -2]},
			"faces": {
				"north": {"uv": [0, 0, 16, 16], "texture": "#1"},
				"south": {"uv": [0, 0, 16, 16], "texture": "#1"}
			}
		},
		{
			"from": [12, -11, 24],
			"to": [20, -3, 24],
			"rotation": {"angle": 0, "axis": "y", "origin": [4, 5, -2]},
			"faces": {
				"north": {"uv": [0, 0, 16, 16], "texture": "#1"},
				"south": {"uv": [0, 0, 16, 16], "texture": "#1"}
			}
		},
		{
			"from": [-4, -11, 16],
			"to": [-4, -3, 24],
			"rotation": {"angle": 0, "axis": "y", "origin": [8, -6, 4]},
			"faces": {
				"east": {"uv": [16, 0, 0, 16], "texture": "#1"},
				"west": {"uv": [16, 0, 0, 16], "texture": "#1"}
			}
		},
		{
			"from": [4, -11, 16],
			"to": [4, -3, 24],
			"rotation": {"angle": 0, "axis": "y", "origin": [8, -6, 4]},
			"faces": {
				"east": {"uv": [16, 0, 0, 16], "texture": "#1"},
				"west": {"uv": [16, 0, 0, 16], "texture": "#1"}
			}
		},
		{
			"from": [-4, -11, 16],
			"to": [4, -3, 16],
			"rotation": {"angle": 0, "axis": "y", "origin": [12, 5, -2]},
			"faces": {
				"north": {"uv": [16, 0, 0, 16], "texture": "#1"},
				"south": {"uv": [16, 0, 0, 16], "texture": "#1"}
			}
		},
		{
			"from": [-4, -11, 24],
			"to": [4, -3, 24],
			"rotation": {"angle": 0, "axis": "y", "origin": [12, 5, -2]},
			"faces": {
				"north": {"uv": [16, 0, 0, 16], "texture": "#1"},
				"south": {"uv": [16, 0, 0, 16], "texture": "#1"}
			}
		}
	],
	"display": {
		"head": {
			"translation": [0, -30.4, 0],
			"scale": [1.6, 1.6, 1.6]
		}
	},
	"groups": [0, 1, 2, 3, 4, 5, 6, 7, 8, 9, 10, 11, 12, 13, 14, 15, 16, 17, 18, 19, 20, 21, 22, 23, 24, 25, 26, 27, 28, 29, 30, 31, 32, 33,
		{
			"name": "group",
			"origin": [4, 5, -2],
			"color": 0,
			"children": [34, 35, 36, 37]
		},
		{
			"name": "group",
			"origin": [4, 5, -2],
			"color": 0,
			"children": [38, 39, 40, 41]
		},
		{
			"name": "group",
			"origin": [4, 5, -2],
			"color": 0,
			"children": [42, 43, 44, 45]
		}
	]
}