{
	"credit": "Made with Blockbench",
	"texture_size": [32, 32],
	"textures": {
		"1": "items/weapon6",
		"1_0": "items/character"
	},
	"elements": [
		{
			"from": [6, 7.5, -5],
			"to": [10, 12.5, 0],
			"rotation": {"angle": 0, "axis": "y", "origin": [6, 5.5, 0]},
			"faces": {
				"north": {"uv": [3.25, 0.25, 5.25, 2.75], "texture": "#1"},
				"east": {"uv": [0.25, 0.25, 2.75, 2.75], "texture": "#1"},
				"south": {"uv": [3.25, 0.25, 5.25, 2.75], "texture": "#1"},
				"west": {"uv": [0.25, 0.25, 2.75, 2.75], "texture": "#1"},
				"up": {"uv": [3.25, 0.25, 5.25, 2.75], "texture": "#1"},
				"down": {"uv": [3.25, 0.25, 5.25, 2.75], "texture": "#1"}
			}
		},
		{
			"from": [7, 10, -12],
			"to": [9, 12, -5],
			"rotation": {"angle": 0, "axis": "y", "origin": [6, 5.5, 0]},
			"faces": {
				"north": {"uv": [3.25, 0.25, 5.25, 2.75], "texture": "#missing"},
				"east": {"uv": [6.5, 0.25, 10, 1.25], "rotation": 180, "texture": "#1"},
				"south": {"uv": [3.25, 0.25, 5.25, 2.75], "texture": "#missing"},
				"west": {"uv": [6.5, 0.25, 10, 1.25], "texture": "#1"},
				"up": {"uv": [6.5, 0.25, 10, 1.25], "rotation": 90, "texture": "#1"},
				"down": {"uv": [6.5, 0.25, 10, 1.25], "rotation": 270, "texture": "#1"}
			}
		},
		{
			"from": [3.60983, 9.26517, -6],
			"to": [5.60983, 11.26517, 1],
			"rotation": {"angle": 45, "axis": "z", "origin": [4.875, 10, -2.5]},
			"faces": {
				"north": {"uv": [4.25, 4.25, 5.25, 3.25], "texture": "#1"},
				"east": {"uv": [0.25, 4.25, 3.75, 3.25], "texture": "#1"},
				"south": {"uv": [4.25, 4.25, 5.25, 3.25], "texture": "#1"},
				"west": {"uv": [0.25, 4.25, 3.75, 3.25], "texture": "#1"},
				"up": {"uv": [0.25, 4.25, 3.75, 3.25], "rotation": 90, "texture": "#1"},
				"down": {"uv": [0.25, 4.25, 3.75, 3.25], "rotation": 90, "texture": "#1"}
			}
		},
		{
			"from": [4.5, 9, -4.5],
			"to": [6, 11, -0.5],
			"rotation": {"angle": 0, "axis": "z", "origin": [4.875, 10, -2.5]},
			"faces": {
				"north": {"uv": [7.75, 1.5, 6.75, 2.25], "rotation": 90, "texture": "#1"},
				"east": {"uv": [2.75, 0.25, 0.25, 2.75], "rotation": 180, "texture": "#missing"},
				"south": {"uv": [7.75, 1.5, 6.75, 2.25], "rotation": 270, "texture": "#1"},
				"west": {"uv": [2.75, 0.25, 0.25, 2.75], "rotation": 180, "texture": "#missing"},
				"up": {"uv": [8.75, 1.5, 6.75, 2.25], "rotation": 90, "texture": "#1"},
				"down": {"uv": [8.75, 1.5, 6.75, 2.25], "rotation": 90, "texture": "#1"}
			}
		},
		{
			"from": [7.5, 8, -9],
			"to": [8.5, 10, -5],
			"rotation": {"angle": 0, "axis": "y", "origin": [6, 5.5, 0]},
			"faces": {
				"north": {"uv": [15.5, 0.25, 15.75, 1.25], "texture": "#1"},
				"east": {"uv": [13.75, 0.25, 15.75, 1.25], "texture": "#1"},
				"south": {"uv": [3.25, 0.25, 5.25, 2.75], "texture": "#missing"},
				"west": {"uv": [13.75, 1.75, 15.75, 2.75], "texture": "#1"},
				"up": {"uv": [13.75, 0.25, 15.75, 0.75], "rotation": 90, "texture": "#1"},
				"down": {"uv": [13.75, 1, 15.75, 1.25], "rotation": 90, "texture": "#1"}
			}
		},
		{
			"from": [6.5, 2.5, -5.25],
			"to": [9.5, 6.5, -2.25],
			"rotation": {"angle": 0, "axis": "y", "origin": [6, 5.5, 0]},
			"faces": {
				"north": {"uv": [5.75, 3.25, 7.25, 5.25], "texture": "#1"},
				"east": {"uv": [5.75, 3.25, 7.25, 5.25], "texture": "#1"},
				"south": {"uv": [5.75, 3.25, 7.25, 5.25], "texture": "#1"},
				"west": {"uv": [5.75, 3.25, 7.25, 5.25], "texture": "#1"},
				"up": {"uv": [7.75, 3.25, 9.25, 4.75], "texture": "#1"},
				"down": {"uv": [7.75, 3.25, 9.25, 4.75], "texture": "#1"}
			}
		},
		{
			"from": [7.75, 5, -7.75],
			"to": [8.25, 5.5, -5.25],
			"rotation": {"angle": 0, "axis": "y", "origin": [6, 5.5, 0]},
			"faces": {
				"north": {"uv": [6.5, 1.75, 6.75, 2], "texture": "#1"},
				"east": {"uv": [6.5, 1.5, 7.75, 1.75], "texture": "#1"},
				"south": {"uv": [6.25, 1.5, 7.5, 1.75], "texture": "#1"},
				"west": {"uv": [6.5, 1.5, 7.75, 1.75], "texture": "#1"},
				"up": {"uv": [6.5, 1.5, 7.75, 1.75], "rotation": 90, "texture": "#1"},
				"down": {"uv": [6.5, 1.5, 7.75, 1.75], "rotation": 90, "texture": "#1"}
			}
		},
		{
			"from": [4, 10.25, -8],
			"to": [4.5, 10.75, -5.5],
			"rotation": {"angle": 0, "axis": "z", "origin": [5, 10.5, -7.25]},
			"faces": {
				"north": {"uv": [6.5, 1.75, 6.75, 2], "texture": "#1"},
				"east": {"uv": [6.5, 1.5, 7.75, 1.75], "rotation": 180, "texture": "#1"},
				"south": {"uv": [6.25, 1.5, 7.5, 1.75], "rotation": 90, "texture": "#1"},
				"west": {"uv": [6.5, 1.5, 7.75, 1.75], "rotation": 180, "texture": "#1"},
				"up": {"uv": [6.5, 1.5, 7.75, 1.75], "rotation": 90, "texture": "#1"},
				"down": {"uv": [6.5, 1.5, 7.75, 1.75], "rotation": 90, "texture": "#1"}
			}
		},
		{
			"from": [7.75, 5.5, -7.75],
			"to": [8.25, 8, -7.25],
			"rotation": {"angle": 0, "axis": "y", "origin": [6, 5.5, 0]},
			"faces": {
				"north": {"uv": [6.25, 1.5, 7.5, 1.75], "rotation": 90, "texture": "#1"},
				"east": {"uv": [6.25, 1.5, 7.5, 1.75], "rotation": 90, "texture": "#1"},
				"south": {"uv": [6.25, 1.5, 7.5, 1.75], "rotation": 90, "texture": "#1"},
				"west": {"uv": [6.25, 1.5, 7.5, 1.75], "rotation": 90, "texture": "#1"},
				"up": {"uv": [6.25, 1.5, 7.5, 1.75], "rotation": 90, "texture": "#1"},
				"down": {"uv": [6.25, 1.5, 7.5, 1.75], "rotation": 90, "texture": "#1"}
			}
		},
		{
			"from": [4.5, 10.25, -8],
			"to": [7, 10.75, -7.5],
			"rotation": {"angle": 0, "axis": "z", "origin": [5, 10.5, -7.25]},
			"faces": {
				"north": {"uv": [6.25, 1.5, 7.5, 1.75], "texture": "#1"},
				"east": {"uv": [6.25, 1.5, 7.5, 1.75], "rotation": 180, "texture": "#1"},
				"south": {"uv": [6.25, 1.5, 7.5, 1.75], "rotation": 180, "texture": "#1"},
				"west": {"uv": [6.25, 1.5, 7.5, 1.75], "rotation": 180, "texture": "#1"},
				"up": {"uv": [6.25, 1.5, 7.5, 1.75], "rotation": 180, "texture": "#1"},
				"down": {"uv": [6.25, 1.5, 7.5, 1.75], "rotation": 180, "texture": "#1"}
			}
		},
		{
			"from": [7.5, 6.5, -4.75],
			"to": [8.5, 7.5, -2.75],
			"rotation": {"angle": 0, "axis": "y", "origin": [6, 5.5, 0]},
			"faces": {
				"north": {"uv": [7.25, 1.5, 7.75, 2], "rotation": 180, "texture": "#1"},
				"east": {"uv": [7.25, 1.5, 8.25, 2], "texture": "#1"},
				"south": {"uv": [7.25, 1.5, 7.75, 2], "rotation": 180, "texture": "#1"},
				"west": {"uv": [7.25, 1.5, 8.25, 2], "texture": "#1"},
				"up": {"uv": [3.25, 0.25, 5.25, 2.75], "texture": "#missing"},
				"down": {"uv": [3.25, 0.25, 5.25, 2.75], "texture": "#missing"}
			}
		},
		{
			"from": [6.5, 9.5, -13.5],
			"to": [9.5, 12.5, -12],
			"rotation": {"angle": 0, "axis": "y", "origin": [6, 5.5, 0]},
			"faces": {
				"north": {"uv": [10.5, 0.25, 12, 1.75], "texture": "#1"},
				"east": {"uv": [12.5, 0.25, 13.25, 1.75], "texture": "#1"},
				"south": {"uv": [10.5, 0.25, 12, 1.75], "texture": "#1"},
				"west": {"uv": [12.5, 0.25, 13.25, 1.75], "texture": "#1"},
				"up": {"uv": [12.5, 0.25, 13.25, 1.75], "rotation": 90, "texture": "#1"},
				"down": {"uv": [12.5, 0.25, 13.25, 1.75], "rotation": 90, "texture": "#1"}
			}
		},
		{
			"from": [6, 7.5, 0.5],
			"to": [10, 12.5, 1],
			"rotation": {"angle": 0, "axis": "y", "origin": [6, 5.5, 0]},
			"faces": {
				"north": {"uv": [3.25, 0.25, 5.25, 2.75], "texture": "#1"},
				"east": {"uv": [3.25, 0.25, 3.5, 2.75], "texture": "#1"},
				"south": {"uv": [3.25, 0.25, 5.25, 2.75], "texture": "#1"},
				"west": {"uv": [3.25, 0.25, 3.5, 2.75], "texture": "#1"},
				"up": {"uv": [3.25, 0.25, 5.25, 0.5], "texture": "#1"},
				"down": {"uv": [3.25, 0.25, 5.25, 0.5], "texture": "#1"}
			}
		},
		{
			"from": [6.25, 7.75, 0],
			"to": [9.75, 12.25, 0.5],
			"rotation": {"angle": 0, "axis": "y", "origin": [6, 5.5, 0]},
			"faces": {
				"north": {"uv": [5.75, 0.25, 6, 2.5], "texture": "#1"},
				"east": {"uv": [5.75, 0.25, 6, 2.5], "texture": "#1"},
				"south": {"uv": [2, 0.25, 4, 2.75], "texture": "#missing"},
				"west": {"uv": [5.75, 0.25, 6, 2.5], "texture": "#1"},
				"up": {"uv": [5.75, 0.5, 6, 2.25], "rotation": 90, "texture": "#1"},
				"down": {"uv": [5.75, 0.5, 6, 2.25], "rotation": 90, "texture": "#1"}
			}
		},
		{
			"from": [6.5, 8, 1.073],
			"to": [9.5, 12, 10.073],
			"rotation": {"angle": 0, "axis": "y", "origin": [8, 10, 1.573]},
			"faces": {
				"north": {"uv": [0, 0, 3, 4], "rotation": 180, "texture": "#missing"},
				"east": {"uv": [0.5, 0.5, 4.5, 9.5], "rotation": 270, "texture": "#1_0"},
				"south": {"uv": [12.5, 11.5, 15.5, 15.5], "texture": "#1_0"},
				"west": {"uv": [0.5, 0.5, 4.5, 9.5], "rotation": 90, "texture": "#1_0"},
				"up": {"uv": [4.5, 0.5, 7.5, 9.5], "rotation": 180, "texture": "#1_0"},
				"down": {"uv": [4.5, 0.5, 7.5, 9.5], "texture": "#1_0"}
			}
		},
		{
			"from": [6.5, 8, 0.073],
			"to": [9.5, 12, 1.073],
			"rotation": {"angle": 0, "axis": "y", "origin": [8, 10, 1.573]},
			"faces": {
				"north": {"uv": [0, 0, 3, 4], "rotation": 180, "texture": "#missing"},
				"east": {"uv": [0.5, 4, 4.5, 5], "rotation": 270, "texture": "#1_0"},
				"south": {"uv": [12.5, 11.5, 15.5, 15.5], "texture": "#1_0"},
				"west": {"uv": [9, 0.5, 13, 1.5], "rotation": 270, "texture": "#1_0"},
				"up": {"uv": [4.5, 4, 7.5, 5], "rotation": 180, "texture": "#1_0"},
				"down": {"uv": [4.5, 7, 7.5, 8], "rotation": 180, "texture": "#1_0"}
			}
		},
		{
			"from": [6.5, 8, -2.927],
			"to": [9.5, 12, 0.073],
			"rotation": {"angle": 0, "axis": "y", "origin": [8, 10, 1.573]},
			"faces": {
				"north": {"uv": [8.499, 7.5, 12.499, 10.5], "rotation": 270, "texture": "#1_0"},
				"east": {"uv": [8.499, 4, 12.499, 6.998], "rotation": 270, "texture": "#1_0"},
				"south": {"uv": [0, 0, 3, 4], "texture": "#missing"},
				"west": {"uv": [8.5, 0.5, 12.5, 3.5], "rotation": 90, "texture": "#1_0"},
				"up": {"uv": [12.5, 0.5, 15.5, 3.5], "rotation": 180, "texture": "#1_0"},
				"down": {"uv": [12.5, 4, 15.5, 7], "rotation": 180, "texture": "#1_0"}
			}
		}
	],
	"display": {
		"thirdperson_righthand": {
			"rotation": [59, 0, 0],
			"translation": [-0.5, -3.25, 8.15]
		},
		"thirdperson_lefthand": {
			"rotation": [67.5, 0, 0],
			"translation": [-0.5, -2.75, 8.2]
		},
		"firstperson_righthand": {
			"rotation": [4, 3, -11],
			"translation": [-4, -1.25, 6]
		},
		"firstperson_lefthand": {
			"rotation": [4, 3, -11],
			"translation": [-4, -1.25, 6]
		},
		"ground": {
			"scale": [0, 0, 0]
		},
		"gui": {
			"scale": [0, 0, 0]
		}
	},
	"groups": [
		{
			"name": "gun",
			"origin": [0, 0, 0],
			"color": 0,
			"children": [0, 1, 2, 3, 4, 5, 6, 7, 8, 9, 10, 11, 12, 13]
		},
		{
			"name": "group",
			"origin": [8, 8, 8],
			"color": 0,
			"children": [14, 15, 16]
		}
	]
}