{
	"credit": "Made with Blockbench",
	"texture_size": [32, 32],
	"textures": {
		"1": "items/weapon15",
		"1_0": "items/character"
	},
	"elements": [
		{
			"from": [6, 7.5, -5],
			"to": [10, 12.5, 0],
			"rotation": {"angle": 0, "axis": "y", "origin": [6, 5.5, 0]},
			"faces": {
				"north": {"uv": [6.5, 0.25, 8.5, 2.75], "texture": "#1"},
				"east": {"uv": [1, 0.25, 3.5, 2.75], "texture": "#1"},
				"south": {"uv": [6.5, 0.25, 8.5, 2.75], "texture": "#1"},
				"west": {"uv": [1, 0.25, 3.5, 2.75], "texture": "#1"},
				"up": {"uv": [4, 0.25, 6, 2.75], "texture": "#1"},
				"down": {"uv": [4, 0.25, 6, 2.75], "texture": "#1"}
			}
		},
		{
			"from": [5, 8.5, -4],
			"to": [8, 11.5, -1],
			"rotation": {"angle": -45, "axis": "z", "origin": [6.5, 10, -2.5]},
			"faces": {
				"north": {"uv": [11, 3.25, 12.5, 4.75], "rotation": 180, "texture": "#1"},
				"east": {"uv": [9, 3.25, 10.5, 4.75], "rotation": 270, "texture": "#1"},
				"south": {"uv": [11, 3.25, 12.5, 4.75], "rotation": 180, "texture": "#1"},
				"west": {"uv": [9, 3.25, 10.5, 4.75], "rotation": 270, "texture": "#1"},
				"up": {"uv": [9, 3.25, 10.5, 4.75], "rotation": 270, "texture": "#1"},
				"down": {"uv": [9, 3.25, 10.5, 4.75], "rotation": 180, "texture": "#1"}
			}
		},
		{
			"from": [8, 8.5, -4],
			"to": [11, 11.5, -1],
			"rotation": {"angle": 45, "axis": "z", "origin": [9.5, 10, -2.5]},
			"faces": {
				"north": {"uv": [12.5, 3.25, 11, 4.75], "rotation": 180, "texture": "#1"},
				"east": {"uv": [9, 4.75, 10.5, 3.25], "rotation": 270, "texture": "#1"},
				"south": {"uv": [12.5, 3.25, 11, 4.75], "rotation": 180, "texture": "#1"},
				"west": {"uv": [9, 4.75, 10.5, 3.25], "rotation": 270, "texture": "#1"},
				"up": {"uv": [9, 4.75, 10.5, 3.25], "rotation": 270, "texture": "#1"},
				"down": {"uv": [10.5, 3.25, 9, 4.75], "rotation": 180, "texture": "#1"}
			}
		},
		{
			"from": [6.25, 11.5, -8],
			"to": [9.75, 13.5, -3],
			"rotation": {"angle": 0, "axis": "y", "origin": [5.5, 5.5, 0]},
			"faces": {
				"north": {"uv": [0.25, 7.25, 2, 8.25], "texture": "#1"},
				"east": {"uv": [2.5, 7.25, 3.5, 9.75], "rotation": 90, "texture": "#1"},
				"south": {"uv": [0.25, 7.25, 2, 8.25], "texture": "#1"},
				"west": {"uv": [2.5, 7.25, 3.5, 9.75], "rotation": 90, "texture": "#1"},
				"up": {"uv": [0.25, 7.25, 2, 9.75], "texture": "#1"},
				"down": {"uv": [6, 0.25, 8, 2.25], "texture": "#missing"}
			}
		},
		{
			"from": [6.5, 9, -12],
			"to": [9.5, 12, -5],
			"rotation": {"angle": 0, "axis": "y", "origin": [6.5, 5.5, 0]},
			"faces": {
				"north": {"uv": [1, 0.25, 3, 2.75], "texture": "#missing"},
				"east": {"uv": [0.25, 3.25, 3.75, 4.75], "rotation": 180, "texture": "#1"},
				"south": {"uv": [1, 0.25, 3, 2.75], "texture": "#missing"},
				"west": {"uv": [0.25, 3.25, 3.75, 4.75], "texture": "#1"},
				"up": {"uv": [0.25, 3.25, 3.75, 4.75], "rotation": 270, "texture": "#1"},
				"down": {"uv": [0.25, 3.25, 3.75, 4.75], "rotation": 180, "texture": "#1"}
			}
		},
		{
			"from": [5, 7, -16],
			"to": [8, 10, -5],
			"rotation": {"angle": -45, "axis": "z", "origin": [8, 7, -8.5]},
			"faces": {
				"north": {"uv": [6.25, 5.25, 7.75, 6.75], "texture": "#1"},
				"east": {"uv": [0.25, 5.25, 5.75, 6.75], "texture": "#1"},
				"south": {"uv": [1, 0.25, 3, 2.75], "texture": "#missing"},
				"west": {"uv": [0.25, 5.25, 5.75, 6.75], "rotation": 180, "texture": "#1"},
				"up": {"uv": [0.25, 5.25, 5.75, 6.75], "rotation": 270, "texture": "#1"},
				"down": {"uv": [0.25, 5.25, 5.75, 6.75], "rotation": 90, "texture": "#1"}
			}
		},
		{
			"from": [6.25, 9, -15],
			"to": [9.75, 13, -12],
			"rotation": {"angle": 0, "axis": "y", "origin": [6.5, 5.5, 0]},
			"faces": {
				"north": {"uv": [12.5, 5.25, 14.25, 7.25], "texture": "#1"},
				"east": {"uv": [8.25, 5.25, 9.75, 7.25], "texture": "#1"},
				"south": {"uv": [10.25, 5.25, 12, 7.25], "texture": "#1"},
				"west": {"uv": [8.25, 5.25, 9.75, 7.25], "texture": "#1"},
				"up": {"uv": [10.25, 7.75, 12, 9.25], "texture": "#1"},
				"down": {"uv": [10.25, 7.75, 12, 9.25], "texture": "#1"}
			}
		},
		{
			"from": [7, 13, -14.5],
			"to": [9, 15, -14.5],
			"rotation": {"angle": 0, "axis": "y", "origin": [7.25, 5.5, 0]},
			"faces": {
				"north": {"uv": [14.75, 5.25, 15.75, 6.25], "texture": "#1"},
				"south": {"uv": [14.75, 5.25, 15.75, 6.25], "texture": "#1"}
			}
		},
		{
			"from": [7, 3.5, -9],
			"to": [9, 8.5, -1],
			"rotation": {"angle": 0, "axis": "y", "origin": [6, 5.5, 0]},
			"faces": {
				"north": {"uv": [13.5, 0.25, 14.5, 2.75], "texture": "#1"},
				"east": {"uv": [9, 0.25, 13, 2.75], "texture": "#1"},
				"south": {"uv": [13.5, 0.25, 14.5, 2.75], "texture": "#1"},
				"west": {"uv": [9, 0.25, 13, 2.75], "texture": "#1"},
				"up": {"uv": [3.5, 0.25, 5.5, 2.25], "texture": "#missing"},
				"down": {"uv": [13.5, 2.5, 14.5, 2.75], "texture": "#1"}
			}
		},
		{
			"from": [6, 7.5, 0.5],
			"to": [10, 12.5, 1.5],
			"rotation": {"angle": 0, "axis": "y", "origin": [6, 5.5, 0]},
			"faces": {
				"north": {"uv": [6.5, 0.25, 8.5, 2.75], "texture": "#1"},
				"east": {"uv": [6.5, 0.25, 6.75, 2.75], "texture": "#1"},
				"south": {"uv": [6.5, 0.25, 8.5, 2.75], "texture": "#1"},
				"west": {"uv": [6.5, 0.25, 6.75, 2.75], "texture": "#1"},
				"up": {"uv": [6.5, 0.25, 8.5, 0.5], "texture": "#1"},
				"down": {"uv": [6.5, 2.5, 8.5, 2.75], "texture": "#1"}
			}
		},
		{
			"from": [6.25, 7.75, 0],
			"to": [9.75, 12.25, 0.5],
			"rotation": {"angle": 0, "axis": "y", "origin": [6, 5.5, 0]},
			"faces": {
				"north": {"uv": [0.25, 0.25, 0.5, 2.5], "texture": "#1"},
				"east": {"uv": [0.25, 0.25, 0.5, 2.5], "texture": "#1"},
				"south": {"uv": [0.25, 0.25, 0.5, 2.5], "texture": "#1"},
				"west": {"uv": [0.25, 0.25, 0.5, 2.5], "texture": "#1"},
				"up": {"uv": [0.25, 0.5, 0.5, 2.25], "rotation": 90, "texture": "#1"},
				"down": {"uv": [0.25, 0.5, 0.5, 2.25], "rotation": 90, "texture": "#1"}
			}
		},
		{
			"from": [9.24193, 6.99929, -16],
			"to": [15.24193, 6.99929, -5],
			"rotation": {"angle": -45, "axis": "z", "origin": [12.24193, 6.99929, -10.5]},
			"faces": {
				"up": {"uv": [4, 10.75, 9.5, 7.75], "rotation": 90, "texture": "#1"}
			}
		},
		{
			"name": "cube inverted",
			"from": [15.24193, 6.99929, -5],
			"to": [9.24193, 6.99929, -16],
			"rotation": {"angle": -45, "axis": "z", "origin": [12.24193, 6.99929, -10.5]},
			"faces": {
				"down": {"uv": [4, 7.75, 9.5, 10.75], "rotation": 90, "texture": "#1"}
			}
		},
		{
			"from": [1.2884, 7.21896, -16],
			"to": [7.2884, 7.21896, -5],
			"rotation": {"angle": 45, "axis": "z", "origin": [4.2884, 6.46896, -10.5]},
			"faces": {
				"up": {"uv": [4, 7.75, 9.5, 10.75], "rotation": 90, "texture": "#1"}
			}
		},
		{
			"name": "cube inverted",
			"from": [7.2884, 7.21896, -5],
			"to": [1.2884, 7.21896, -16],
			"rotation": {"angle": 45, "axis": "z", "origin": [4.2884, 6.46896, -10.5]},
			"faces": {
				"down": {"uv": [4, 10.75, 9.5, 7.75], "rotation": 90, "texture": "#1"}
			}
		},
		{
			"from": [6.5, 8, 1.073],
			"to": [9.5, 12, 10.073],
			"rotation": {"angle": 0, "axis": "y", "origin": [8, 10, 1.573]},
			"faces": {
				"north": {"uv": [0, 0, 3, 4], "rotation": 180, "texture": "#missing"},
				"east": {"uv": [0.5, 0.5, 4.5, 9.5], "rotation": 270, "texture": "#1_0"},
				"south": {"uv": [12.5, 11.5, 15.5, 15.5], "texture": "#1_0"},
				"west": {"uv": [0.5, 0.5, 4.5, 9.5], "rotation": 90, "texture": "#1_0"},
				"up": {"uv": [4.5, 0.5, 7.5, 9.5], "rotation": 180, "texture": "#1_0"},
				"down": {"uv": [4.5, 0.5, 7.5, 9.5], "texture": "#1_0"}
			}
		},
		{
			"from": [6.5, 8, 0.073],
			"to": [9.5, 12, 1.073],
			"rotation": {"angle": 0, "axis": "y", "origin": [8, 10, 1.573]},
			"faces": {
				"north": {"uv": [0, 0, 3, 4], "rotation": 180, "texture": "#missing"},
				"east": {"uv": [0.5, 4, 4.5, 5], "rotation": 270, "texture": "#1_0"},
				"south": {"uv": [12.5, 11.5, 15.5, 15.5], "texture": "#1_0"},
				"west": {"uv": [9, 0.5, 13, 1.5], "rotation": 270, "texture": "#1_0"},
				"up": {"uv": [4.5, 4, 7.5, 5], "rotation": 180, "texture": "#1_0"},
				"down": {"uv": [4.5, 7, 7.5, 8], "rotation": 180, "texture": "#1_0"}
			}
		},
		{
			"from": [6.5, 8, -2.927],
			"to": [9.5, 12, 0.073],
			"rotation": {"angle": 0, "axis": "y", "origin": [8, 10, 1.573]},
			"faces": {
				"north": {"uv": [8.499, 7.5, 12.499, 10.5], "rotation": 270, "texture": "#1_0"},
				"east": {"uv": [8.499, 4, 12.499, 6.998], "rotation": 270, "texture": "#1_0"},
				"south": {"uv": [0, 0, 3, 4], "texture": "#missing"},
				"west": {"uv": [8.5, 0.5, 12.5, 3.5], "rotation": 90, "texture": "#1_0"},
				"up": {"uv": [12.5, 0.5, 15.5, 3.5], "rotation": 180, "texture": "#1_0"},
				"down": {"uv": [12.5, 4, 15.5, 7], "rotation": 180, "texture": "#1_0"}
			}
		}
	],
	"display": {
		"thirdperson_righthand": {
			"rotation": [59, 0, 0],
			"translation": [-0.5, -3.25, 8.15]
		},
		"thirdperson_lefthand": {
			"rotation": [67.5, 0, 0],
			"translation": [-0.5, -2.75, 8.2]
		},
		"firstperson_righthand": {
			"rotation": [4, 3, -11],
			"translation": [-4, -1.25, 6]
		},
		"firstperson_lefthand": {
			"rotation": [4, 3, -11],
			"translation": [-4, -1.25, 6]
		},
		"ground": {
			"scale": [0, 0, 0]
		},
		"gui": {
			"scale": [0, 0, 0]
		}
	},
	"groups": [
		{
			"name": "gun",
			"origin": [0, 0, 0],
			"color": 0,
			"children": [0, 1, 2, 3, 4, 5, 6, 7, 8, 9, 10,
				{
					"name": "group",
					"origin": [4.46447, 6.29289, -10.5],
					"color": 0,
					"children": [11, 12]
				},
				{
					"name": "group",
					"origin": [4.46447, 6.29289, -10.5],
					"color": 0,
					"children": [13, 14]
				}
			]
		},
		{
			"name": "group",
			"origin": [8, 8, 8],
			"color": 0,
			"children": [15, 16, 17]
		}
	]
}