{
	"credit": "Made with Blockbench",
	"texture_size": [32, 32],
	"textures": {
		"1": "items/anger-weapon8",
		"particle": "items/character",
		"1_0": "items/character"
	},
	"elements": [
		{
			"from": [5, 7, -5],
			"to": [11, 13, 2],
			"rotation": {"angle": 0, "axis": "z", "origin": [8, 10, -2.5]},
			"faces": {
				"north": {"uv": [10, 0.25, 13, 3.25], "texture": "#1"},
				"east": {"uv": [6, 0.25, 9.5, 3.25], "texture": "#1"},
				"south": {"uv": [10, 0.25, 13, 3.25], "texture": "#1"},
				"west": {"uv": [6, 0.25, 9.5, 3.25], "texture": "#1"},
				"up": {"uv": [6, 0.25, 9.5, 3.25], "rotation": 90, "texture": "#1"},
				"down": {"uv": [6, 0.25, 9.5, 3.25], "rotation": 90, "texture": "#1"}
			}
		},
		{
			"from": [5, 4, -12],
			"to": [11, 9, -5],
			"rotation": {"angle": 0, "axis": "z", "origin": [8, 10, -2.5]},
			"faces": {
				"north": {"uv": [4.25, 5.75, 7.25, 8.25], "texture": "#1"},
				"east": {"uv": [0.25, 5.75, 3.75, 8.25], "texture": "#1"},
				"south": {"uv": [10, 0.25, 13, 3.25], "texture": "#1"},
				"west": {"uv": [0.25, 5.75, 3.75, 8.25], "texture": "#1"},
				"up": {"uv": [6, 0.25, 9.5, 3.25], "rotation": 90, "texture": "#1"},
				"down": {"uv": [6, 0.25, 9.5, 3.25], "rotation": 90, "texture": "#1"}
			}
		},
		{
			"from": [4.75, 6.75, -2],
			"to": [11.25, 13.25, -1],
			"rotation": {"angle": 0, "axis": "z", "origin": [8, 10, -2.5]},
			"faces": {
				"north": {"uv": [7.625, 0.25, 7.875, 3.25], "texture": "#1"},
				"east": {"uv": [7.625, 0.25, 7.875, 3.25], "texture": "#1"},
				"south": {"uv": [7.625, 0.25, 7.875, 3.25], "texture": "#1"},
				"west": {"uv": [7.625, 0.25, 7.875, 3.25], "texture": "#1"},
				"up": {"uv": [7.625, 0.25, 7.875, 3.25], "rotation": 90, "texture": "#1"},
				"down": {"uv": [7.625, 0.25, 7.875, 3.25], "rotation": 90, "texture": "#1"}
			}
		},
		{
			"from": [4.75, 3.75, -9],
			"to": [11.25, 9.25, -8],
			"rotation": {"angle": 0, "axis": "z", "origin": [8, 10, -2.5]},
			"faces": {
				"north": {"uv": [7.625, 0.25, 7.875, 3.25], "texture": "#1"},
				"east": {"uv": [7.625, 0.25, 7.875, 3.25], "texture": "#1"},
				"south": {"uv": [7.625, 0.25, 7.875, 3.25], "texture": "#1"},
				"west": {"uv": [7.625, 0.25, 7.875, 3.25], "texture": "#1"},
				"up": {"uv": [7.625, 0.25, 7.875, 3.25], "rotation": 90, "texture": "#1"},
				"down": {"uv": [7.625, 0.25, 7.875, 3.25], "rotation": 90, "texture": "#1"}
			}
		},
		{
			"from": [7, 1, -5],
			"to": [9, 7, 1],
			"rotation": {"angle": 0, "axis": "z", "origin": [8, 10, -2.5]},
			"faces": {
				"north": {"uv": [14, 0.25, 14.25, 1.25], "rotation": 270, "texture": "#1"},
				"east": {"uv": [14, 0.25, 14.25, 3.25], "rotation": 90, "texture": "#1"},
				"south": {"uv": [14, 0.25, 14.25, 1.25], "rotation": 270, "texture": "#1"},
				"west": {"uv": [14, 0.25, 14.25, 3.25], "rotation": 90, "texture": "#1"},
				"up": {"uv": [3.25, 0.25, 5.25, 2.75], "texture": "#missing"},
				"down": {"uv": [14, 0.25, 14.25, 3.25], "texture": "#1"}
			}
		},
		{
			"from": [7, 2.75, -2.7],
			"to": [9, 6.75, 3.3],
			"rotation": {"angle": -22.5, "axis": "x", "origin": [8, 16, -2.5]},
			"faces": {
				"north": {"uv": [13.75, 0.5, 14.75, 0.75], "rotation": 90, "texture": "#1"},
				"east": {"uv": [13.5, 0.25, 14.5, 3.25], "rotation": 270, "texture": "#1"},
				"south": {"uv": [13.5, 0, 14.5, 0.25], "rotation": 90, "texture": "#1"},
				"west": {"uv": [13.5, 0.25, 14.5, 3.25], "rotation": 90, "texture": "#1"},
				"up": {"uv": [13.5, 0.25, 14.5, 3.25], "rotation": 180, "texture": "#1"},
				"down": {"uv": [13.5, 0.25, 14.5, 3.25], "texture": "#1"}
			}
		},
		{
			"from": [6, 3.87999, -9.18537],
			"to": [10, 5.37999, -7.68537],
			"rotation": {"angle": -45, "axis": "x", "origin": [8, 10.12999, -9.48537]},
			"faces": {
				"north": {"uv": [13.75, 0.75, 14.5, 2.75], "rotation": 90, "texture": "#1"},
				"east": {"uv": [0.25, 0.25, 2.75, 2.75], "rotation": 270, "texture": "#missing"},
				"south": {"uv": [13.75, 0.75, 14.5, 2.75], "rotation": 270, "texture": "#1"},
				"west": {"uv": [0.25, 0.25, 2.75, 2.75], "rotation": 90, "texture": "#missing"},
				"up": {"uv": [13.75, 0.75, 14.5, 2.75], "rotation": 270, "texture": "#1"},
				"down": {"uv": [13.75, 0.75, 14.5, 2.75], "rotation": 270, "texture": "#1"}
			}
		},
		{
			"from": [4.5, 3.62999, -9.43537],
			"to": [6.5, 5.62999, -7.43537],
			"rotation": {"angle": -45, "axis": "x", "origin": [8, 10.12999, -9.48537]},
			"faces": {
				"north": {"uv": [11, 3.75, 12, 4.75], "texture": "#1"},
				"east": {"uv": [11, 3.75, 12, 4.75], "texture": "#1"},
				"south": {"uv": [11, 3.75, 12, 4.75], "texture": "#1"},
				"west": {"uv": [11, 3.75, 12, 4.75], "texture": "#1"},
				"up": {"uv": [11, 3.75, 12, 4.75], "texture": "#1"},
				"down": {"uv": [11, 3.75, 12, 4.75], "texture": "#1"}
			}
		},
		{
			"from": [9.5, 3.62999, -9.43537],
			"to": [11.5, 5.62999, -7.43537],
			"rotation": {"angle": -45, "axis": "x", "origin": [8, 10.12999, -9.48537]},
			"faces": {
				"north": {"uv": [11, 3.75, 12, 4.75], "texture": "#1"},
				"east": {"uv": [11, 3.75, 12, 4.75], "texture": "#1"},
				"south": {"uv": [11, 3.75, 12, 4.75], "texture": "#1"},
				"west": {"uv": [11, 3.75, 12, 4.75], "texture": "#1"},
				"up": {"uv": [11, 3.75, 12, 4.75], "texture": "#1"},
				"down": {"uv": [11, 3.75, 12, 4.75], "texture": "#1"}
			}
		},
		{
			"from": [6.5, 9, -15.5],
			"to": [9.5, 12, -2.5],
			"rotation": {"angle": 0, "axis": "z", "origin": [8, 10, -2.5]},
			"faces": {
				"north": {"uv": [9, 3.75, 10.5, 5.25], "rotation": 180, "texture": "#1"},
				"east": {"uv": [0.25, 3.75, 6.75, 5.25], "rotation": 180, "texture": "#1"},
				"south": {"uv": [7, 3.75, 8.5, 5.25], "rotation": 180, "texture": "#1"},
				"west": {"uv": [0.25, 3.75, 6.75, 5.25], "texture": "#1"},
				"up": {"uv": [0.25, 3.75, 6.75, 5.25], "rotation": 90, "texture": "#1"},
				"down": {"uv": [0.25, 3.75, 6.75, 5.25], "rotation": 270, "texture": "#1"}
			}
		},
		{
			"from": [7.25, 11.5, -10],
			"to": [8.75, 14, -3.5],
			"rotation": {"angle": 0, "axis": "z", "origin": [8, 6, -2.5]},
			"faces": {
				"north": {"uv": [13.875, 0, 13.25, 0.375], "rotation": 90, "texture": "#1"},
				"east": {"uv": [14.5, 0.25, 13.5, 3.5], "rotation": 90, "texture": "#1"},
				"south": {"uv": [14.25, 0, 13.75, 0.375], "rotation": 90, "texture": "#1"},
				"west": {"uv": [14.5, 0.25, 13.5, 3.5], "rotation": 90, "texture": "#1"},
				"up": {"uv": [13.5, 3.5, 14.5, 0.25], "texture": "#1"},
				"down": {"uv": [3.25, 2.75, 5.25, 0.25], "texture": "#missing"}
			}
		},
		{
			"from": [6, 7.5, 7.5],
			"to": [10, 12.5, 11.5],
			"rotation": {"angle": 0, "axis": "y", "origin": [6, 5.5, 4]},
			"faces": {
				"north": {"uv": [0.25, 0.25, 2.25, 2.75], "texture": "#1"},
				"east": {"uv": [0.25, 0.25, 2.25, 2.75], "texture": "#1"},
				"south": {"uv": [0.25, 0.25, 2.25, 2.75], "texture": "#1"},
				"west": {"uv": [0.25, 0.25, 2.25, 2.75], "texture": "#1"},
				"up": {"uv": [2.75, 0.25, 4.75, 2.25], "texture": "#1"},
				"down": {"uv": [2.75, 0.25, 4.75, 2.25], "texture": "#1"}
			}
		},
		{
			"from": [6, 7.5, 1],
			"to": [10, 12.5, 5],
			"rotation": {"angle": 0, "axis": "y", "origin": [6, 5.5, 4]},
			"faces": {
				"north": {"uv": [0.25, 0.25, 2.25, 2.75], "texture": "#1"},
				"east": {"uv": [0.25, 0.25, 2.25, 2.75], "texture": "#1"},
				"south": {"uv": [0.25, 0.25, 2.25, 2.75], "texture": "#1"},
				"west": {"uv": [0.25, 0.25, 2.25, 2.75], "texture": "#1"},
				"up": {"uv": [2.75, 0.25, 4.75, 2.25], "texture": "#1"},
				"down": {"uv": [2.75, 0.25, 4.75, 2.25], "texture": "#1"}
			}
		},
		{
			"from": [6.25, 7.75, 5],
			"to": [9.75, 12.25, 7.5],
			"rotation": {"angle": 0, "axis": "y", "origin": [6, 5.5, 4]},
			"faces": {
				"north": {"uv": [0, 0.25, 2, 2.75], "texture": "#missing"},
				"east": {"uv": [5.25, 0.25, 5.5, 2.5], "texture": "#1"},
				"south": {"uv": [2, 0.25, 4, 2.75], "texture": "#missing"},
				"west": {"uv": [5.25, 0.25, 5.5, 2.5], "texture": "#1"},
				"up": {"uv": [5.25, 0.5, 5.5, 2.25], "rotation": 90, "texture": "#1"},
				"down": {"uv": [5.25, 0.5, 5.5, 2.25], "rotation": 90, "texture": "#1"}
			}
		},
		{
			"from": [6.5, 8, 5.073],
			"to": [9.5, 12, 14.073],
			"rotation": {"angle": 0, "axis": "y", "origin": [8, 10, 5.573]},
			"faces": {
				"north": {"uv": [5.5, 23.5, 7, 25.5], "rotation": 180, "texture": "#missing"},
				"east": {"uv": [0.5, 0.5, 4.5, 9.5], "rotation": 270, "texture": "#1_0"},
				"south": {"uv": [12.5, 11.5, 15.5, 15.5], "rotation": 180, "texture": "#1_0"},
				"west": {"uv": [0.5, 0.5, 4.5, 9.5], "rotation": 90, "texture": "#1_0"},
				"up": {"uv": [4.5, 0.5, 7.5, 9.5], "rotation": 180, "texture": "#1_0"},
				"down": {"uv": [4.5, 0.5, 7.5, 9.5], "texture": "#1_0"}
			}
		},
		{
			"from": [6.5, 8, 4.073],
			"to": [9.5, 12, 5.073],
			"rotation": {"angle": 0, "axis": "y", "origin": [8, 10, 5.573]},
			"faces": {
				"north": {"uv": [1.5, 10.5, 3, 12.5], "rotation": 180, "texture": "#missing"},
				"east": {"uv": [1, 10.5, 1.5, 12.5], "rotation": 270, "texture": "#1_0"},
				"south": {"uv": [3.5, 10.5, 5, 12.5], "texture": "#1_0"},
				"west": {"uv": [3, 10.5, 3.5, 12.5], "rotation": 270, "texture": "#1_0"},
				"up": {"uv": [3, 10.5, 1.5, 10], "rotation": 180, "texture": "#1_0"},
				"down": {"uv": [4.5, 10, 3, 10.5], "rotation": 180, "texture": "#1_0"}
			}
		},
		{
			"from": [6.5, 8, 1.073],
			"to": [9.5, 12, 4.073],
			"rotation": {"angle": 0, "axis": "y", "origin": [8, 10, 5.573]},
			"faces": {
				"north": {"uv": [18.498, 8.5, 19.998, 10.5], "rotation": 270, "texture": "#1_0"},
				"east": {"uv": [16.998, 8.5, 18.498, 10.5], "rotation": 270, "texture": "#1_0"},
				"south": {"uv": [21.498, 8.5, 22.998, 10.5], "texture": "#missing"},
				"west": {"uv": [19.998, 8.5, 21.498, 10.5], "rotation": 90, "texture": "#1_0"},
				"up": {"uv": [19.998, 8.5, 18.498, 7], "rotation": 180, "texture": "#1_0"},
				"down": {"uv": [21.498, 7, 19.998, 8.5], "rotation": 180, "texture": "#1_0"}
			}
		}
	],
	"display": {
		"thirdperson_righthand": {
			"rotation": [62.5, 0, 0],
			"translation": [-0.5, 0.5, 6.4]
		},
		"thirdperson_lefthand": {
			"rotation": [67.5, 0, 0],
			"translation": [-0.5, -2.75, 8.2]
		},
		"firstperson_righthand": {
			"rotation": [4, 3, -11],
			"translation": [-4, -1.25, 6]
		},
		"firstperson_lefthand": {
			"rotation": [4, 3, -11],
			"translation": [-4, -1.25, 6]
		},
		"ground": {
			"scale": [0, 0, 0]
		},
		"gui": {
			"scale": [0, 0, 0]
		}
	},
	"groups": [
		{
			"name": "gun",
			"origin": [0, 0, 0],
			"color": 0,
			"children": [0, 1, 2, 3, 4, 5, 6, 7, 8, 9, 10, 11, 12, 13]
		},
		{
			"name": "group",
			"origin": [8, 8, 8],
			"color": 0,
			"children": [14, 15, 16]
		}
	]
}