{
	"credit": "Made with Blockbench",
	"texture_size": [32, 32],
	"textures": {
		"1": "items/weapon16",
		"1_0": "items/character"
	},
	"elements": [
		{
			"from": [6, 7.5, -5],
			"to": [10, 12.5, 0],
			"rotation": {"angle": 0, "axis": "y", "origin": [6, 5.5, 0]},
			"faces": {
				"north": {"uv": [4, 0.25, 6, 2.75], "rotation": 180, "texture": "#1"},
				"east": {"uv": [1, 0.25, 3.5, 2.75], "rotation": 180, "texture": "#1"},
				"south": {"uv": [4, 0.25, 6, 2.75], "rotation": 180, "texture": "#1"},
				"west": {"uv": [1, 0.25, 3.5, 2.75], "rotation": 180, "texture": "#1"},
				"up": {"uv": [6.5, 0.25, 8.5, 2.75], "rotation": 180, "texture": "#1"},
				"down": {"uv": [6.5, 0.25, 8.5, 2.75], "rotation": 180, "texture": "#1"}
			}
		},
		{
			"from": [6.75, 12, -5],
			"to": [9.25, 15.5, 6],
			"rotation": {"angle": 0, "axis": "y", "origin": [5.25, 5.5, 0]},
			"faces": {
				"north": {"uv": [14.5, 0.25, 15.75, 2], "texture": "#1"},
				"east": {"uv": [8.75, 4.25, 14.25, 6], "texture": "#1"},
				"south": {"uv": [14.5, 0.25, 15.75, 2], "texture": "#1"},
				"west": {"uv": [9, 0.25, 14.5, 2], "texture": "#1"},
				"up": {"uv": [9, 2.5, 14.5, 3.75], "rotation": 90, "texture": "#1"},
				"down": {"uv": [4, 0.25, 6, 2.75], "texture": "#missing"}
			}
		},
		{
			"from": [7.25, 13, 6],
			"to": [8.75, 14.5, 7],
			"rotation": {"angle": 45, "axis": "z", "origin": [8, 13.75, 6.5]},
			"faces": {
				"north": {"uv": [6.5, 0.25, 8.5, 2.75], "texture": "#missing"},
				"east": {"uv": [3.25, 7, 5.75, 7.75], "texture": "#1"},
				"south": {"uv": [0.25, 9.75, 1, 10.5], "rotation": 90, "texture": "#1"},
				"west": {"uv": [3.25, 7, 5.75, 7.75], "rotation": 180, "texture": "#1"},
				"up": {"uv": [3.25, 7, 5.75, 7.75], "rotation": 90, "texture": "#1"},
				"down": {"uv": [3.25, 7, 5.75, 7.75], "rotation": 270, "texture": "#1"}
			}
		},
		{
			"from": [3.85, 11.65, -5],
			"to": [7.35, 13.15, -0.5],
			"rotation": {"angle": 22.5, "axis": "z", "origin": [5.5, 13.75, -1.5]},
			"faces": {
				"north": {"uv": [9, 13.25, 9.75, 15], "rotation": 270, "texture": "#1"},
				"east": {"uv": [4, 0.25, 6, 2.75], "rotation": 90, "texture": "#missing"},
				"south": {"uv": [9, 13.25, 9.75, 15], "rotation": 90, "texture": "#1"},
				"west": {"uv": [9, 13.5, 9.75, 15], "rotation": 270, "texture": "#1"},
				"up": {"uv": [6.25, 13.5, 8.5, 15.25], "rotation": 90, "texture": "#1"},
				"down": {"uv": [6.25, 13.5, 8.5, 15.25], "rotation": 90, "texture": "#1"}
			}
		},
		{
			"from": [5.75, 10, -10],
			"to": [10.25, 16.5, -5],
			"rotation": {"angle": 0, "axis": "y", "origin": [5.25, 5.5, 0]},
			"faces": {
				"north": {"uv": [3.5, 3.25, 5.75, 6.5], "texture": "#1"},
				"east": {"uv": [0.5, 3.25, 3, 6.5], "texture": "#1"},
				"south": {"uv": [3.5, 3.25, 5.75, 6.5], "texture": "#1"},
				"west": {"uv": [0.5, 3.25, 3, 6.5], "texture": "#1"},
				"up": {"uv": [0.25, 7, 2.75, 9.25], "rotation": 90, "texture": "#1"},
				"down": {"uv": [0.25, 7, 2.75, 9.25], "rotation": 90, "texture": "#1"}
			}
		},
		{
			"from": [6.25, 14.5, -15],
			"to": [9.75, 16, -10],
			"rotation": {"angle": 0, "axis": "y", "origin": [5.75, 6, 0]},
			"faces": {
				"north": {"uv": [3.25, 7, 5.75, 7.75], "texture": "#1"},
				"east": {"uv": [3.25, 7, 5.75, 7.75], "texture": "#1"},
				"south": {"uv": [6.5, 0.25, 8.5, 2.75], "texture": "#missing"},
				"west": {"uv": [3.25, 7, 5.75, 7.75], "texture": "#1"},
				"up": {"uv": [3.25, 8, 5.75, 9.75], "rotation": 90, "texture": "#1"},
				"down": {"uv": [3.25, 10, 5.75, 11.75], "rotation": 270, "texture": "#1"}
			}
		},
		{
			"from": [6.75, 12, -14],
			"to": [9.25, 14.5, -10],
			"rotation": {"angle": 45, "axis": "z", "origin": [8, 13.25, -12]},
			"faces": {
				"north": {"uv": [3, 12.25, 4.25, 13.5], "texture": "#1"},
				"east": {"uv": [0.25, 11, 2.25, 12.25], "rotation": 180, "texture": "#1"},
				"south": {"uv": [6.5, 0.25, 8.5, 2.75], "texture": "#missing"},
				"west": {"uv": [0.25, 11, 2.25, 12.25], "texture": "#1"},
				"up": {"uv": [0.25, 12.75, 2.25, 14], "rotation": 270, "texture": "#1"},
				"down": {"uv": [0.25, 12.75, 2.25, 14], "rotation": 90, "texture": "#1"}
			}
		},
		{
			"from": [6.25, 9.5, -16],
			"to": [9.75, 12, -10],
			"rotation": {"angle": 0, "axis": "y", "origin": [4.75, 6, 0]},
			"faces": {
				"north": {"uv": [13.25, 6.5, 15, 7.75], "texture": "#1"},
				"east": {"uv": [9.75, 6.5, 12.75, 7.75], "texture": "#1"},
				"south": {"uv": [13.25, 6.5, 15, 7.75], "texture": "#1"},
				"west": {"uv": [6.25, 6.5, 9.25, 7.75], "texture": "#1"},
				"up": {"uv": [6.25, 8.25, 9.25, 10], "rotation": 90, "texture": "#1"},
				"down": {"uv": [9.75, 8.25, 12.75, 10], "rotation": 90, "texture": "#1"}
			}
		},
		{
			"from": [6.5, 6, -11.01],
			"to": [11.5, 11, -5.01],
			"rotation": {"angle": 45, "axis": "z", "origin": [8, 7.5, -7.5]},
			"faces": {
				"north": {"uv": [6.25, 10.5, 8.75, 13], "texture": "#1"},
				"east": {"uv": [12.75, 10.5, 15.75, 13], "texture": "#1"},
				"south": {"uv": [6.25, 10.5, 8.75, 13], "rotation": 90, "texture": "#1"},
				"west": {"uv": [9.25, 10.5, 12.25, 13], "rotation": 180, "texture": "#1"},
				"up": {"uv": [12.75, 10.5, 15.75, 13], "rotation": 90, "texture": "#1"},
				"down": {"uv": [9.25, 10.5, 12.25, 13], "rotation": 90, "texture": "#1"}
			}
		},
		{
			"from": [6, 7.5, 0.5],
			"to": [10.1, 12.5, 1.5],
			"rotation": {"angle": 0, "axis": "y", "origin": [6, 5.5, 0]},
			"faces": {
				"north": {"uv": [4, 0.25, 6.05, 2.75], "rotation": 180, "texture": "#1"},
				"east": {"uv": [4, 0.25, 4.25, 2.75], "rotation": 180, "texture": "#1"},
				"south": {"uv": [4, 0.25, 6, 2.75], "rotation": 180, "texture": "#1"},
				"west": {"uv": [4, 0.25, 4.25, 2.75], "rotation": 180, "texture": "#1"},
				"up": {"uv": [4, 0.25, 6, 0.5], "rotation": 180, "texture": "#1"},
				"down": {"uv": [4, 0.25, 6, 0.5], "rotation": 180, "texture": "#1"}
			}
		},
		{
			"from": [6.25, 7.75, 0],
			"to": [9.75, 12.25, 0.5],
			"rotation": {"angle": 0, "axis": "y", "origin": [6, 5.5, 0]},
			"faces": {
				"north": {"uv": [0.25, 0.25, 0.5, 2.5], "texture": "#1"},
				"east": {"uv": [0.25, 0.25, 0.5, 2.5], "texture": "#1"},
				"south": {"uv": [0.25, 0.25, 0.5, 2.5], "texture": "#1"},
				"west": {"uv": [0.25, 0.25, 0.5, 2.5], "texture": "#1"},
				"up": {"uv": [0.25, 0.5, 0.5, 2.25], "rotation": 90, "texture": "#1"},
				"down": {"uv": [0.25, 0.5, 0.5, 2.25], "rotation": 90, "texture": "#1"}
			}
		},
		{
			"from": [6.5, 8, 1.073],
			"to": [9.5, 12, 10.073],
			"rotation": {"angle": 0, "axis": "y", "origin": [8, 10, 1.573]},
			"faces": {
				"north": {"uv": [0, 0, 3, 4], "rotation": 180, "texture": "#missing"},
				"east": {"uv": [0.5, 0.5, 4.5, 9.5], "rotation": 270, "texture": "#1_0"},
				"south": {"uv": [12.5, 11.5, 15.5, 15.5], "texture": "#1_0"},
				"west": {"uv": [0.5, 0.5, 4.5, 9.5], "rotation": 90, "texture": "#1_0"},
				"up": {"uv": [4.5, 0.5, 7.5, 9.5], "rotation": 180, "texture": "#1_0"},
				"down": {"uv": [4.5, 0.5, 7.5, 9.5], "texture": "#1_0"}
			}
		},
		{
			"from": [6.5, 8, 0.073],
			"to": [9.5, 12, 1.073],
			"rotation": {"angle": 0, "axis": "y", "origin": [8, 10, 1.573]},
			"color": 0,
			"faces": {
				"north": {"uv": [0, 0, 3, 4], "rotation": 180, "texture": "#missing"},
				"east": {"uv": [0.5, 4, 4.5, 5], "rotation": 270, "texture": "#missing"},
				"south": {"uv": [12.5, 11.5, 15.5, 15.5], "texture": "#missing"},
				"west": {"uv": [9, 0.5, 13, 1.5], "rotation": 270, "texture": "#missing"},
				"up": {"uv": [4.5, 4, 7.5, 5], "rotation": 180, "texture": "#missing"},
				"down": {"uv": [4.5, 7, 7.5, 8], "rotation": 180, "texture": "#missing"}
			}
		},
		{
			"from": [6.5, 8, -2.927],
			"to": [9.5, 12, 0.073],
			"rotation": {"angle": 0, "axis": "y", "origin": [8, 10, 1.573]},
			"color": 0,
			"faces": {
				"north": {"uv": [8.499, 7.5, 12.499, 10.5], "rotation": 270, "texture": "#missing"},
				"east": {"uv": [8.499, 4, 12.499, 6.998], "rotation": 270, "texture": "#missing"},
				"south": {"uv": [0, 0, 3, 4], "texture": "#missing"},
				"west": {"uv": [8.5, 0.5, 12.5, 3.5], "rotation": 90, "texture": "#missing"},
				"up": {"uv": [12.5, 0.5, 15.5, 3.5], "rotation": 180, "texture": "#missing"},
				"down": {"uv": [12.5, 4, 15.5, 7], "rotation": 180, "texture": "#missing"}
			}
		}
	],
	"display": {
		"thirdperson_righthand": {
			"rotation": [59, 0, 0],
			"translation": [-0.5, -3.25, 8.15]
		},
		"thirdperson_lefthand": {
			"rotation": [67.5, 0, 0],
			"translation": [-0.5, -2.75, 8.2]
		},
		"firstperson_righthand": {
			"rotation": [4, 3, -11],
			"translation": [-4, -1.25, 6]
		},
		"firstperson_lefthand": {
			"rotation": [4, 3, -11],
			"translation": [-4, -1.25, 6]
		},
		"ground": {
			"scale": [0, 0, 0]
		},
		"gui": {
			"scale": [0, 0, 0]
		}
	},
	"groups": [
		{
			"name": "gun",
			"origin": [0, 0, 0],
			"color": 0,
			"children": [0, 1, 2, 3, 4, 5, 6, 7, 8, 9, 10,
				{
					"name": "group",
					"origin": [4.46447, 6.29289, -10.5],
					"color": 0,
					"children": []
				},
				{
					"name": "group",
					"origin": [4.46447, 6.29289, -10.5],
					"color": 0,
					"children": []
				}
			]
		},
		{
			"name": "group",
			"origin": [8, 8, 8],
			"color": 0,
			"children": [11, 12, 13]
		}
	]
}