{
	"credit": "Made with Blockbench",
	"texture_size": [32, 32],
	"textures": {
		"1": "items/weapon13",
		"1_0": "items/character"
	},
	"elements": [
		{
			"from": [6, 7.5, -3],
			"to": [10, 12.5, 0],
			"rotation": {"angle": 0, "axis": "y", "origin": [6, 5.5, 0]},
			"faces": {
				"north": {"uv": [3, 0.25, 5, 2.75], "texture": "#1"},
				"east": {"uv": [1, 0.25, 2.5, 2.75], "texture": "#1"},
				"south": {"uv": [3, 0.25, 5, 2.75], "texture": "#1"},
				"west": {"uv": [1, 0.25, 2.5, 2.75], "texture": "#1"},
				"up": {"uv": [5.5, 0.25, 7, 2.25], "rotation": 270, "texture": "#1"},
				"down": {"uv": [5.5, 0.25, 7, 2.25], "rotation": 270, "texture": "#1"}
			}
		},
		{
			"from": [7, 12, -8],
			"to": [9, 14, -1],
			"rotation": {"angle": 0, "axis": "y", "origin": [6, 5.5, 0]},
			"faces": {
				"north": {"uv": [1, 4.75, 2, 5.75], "rotation": 90, "texture": "#1"},
				"east": {"uv": [1, 3.25, 4.5, 4.25], "texture": "#1"},
				"south": {"uv": [1, 4.75, 2, 5.75], "rotation": 90, "texture": "#1"},
				"west": {"uv": [1, 3.25, 4.5, 4.25], "texture": "#1"},
				"up": {"uv": [1, 4.75, 4.5, 5.75], "rotation": 90, "texture": "#1"},
				"down": {"uv": [4, 0.25, 6.5, 2.25], "rotation": 90, "texture": "#missing"}
			}
		},
		{
			"from": [7, 3, -8],
			"to": [9, 8, -2],
			"rotation": {"angle": 0, "axis": "y", "origin": [6, 5.5, 0]},
			"faces": {
				"north": {"uv": [5, 3.75, 6, 6.25], "texture": "#1"},
				"east": {"uv": [5, 3.75, 8, 6.25], "rotation": 180, "texture": "#1"},
				"south": {"uv": [5, 3.75, 6, 6.25], "texture": "#1"},
				"west": {"uv": [5, 3.75, 8, 6.25], "rotation": 180, "texture": "#1"},
				"up": {"uv": [4, 0.25, 6.5, 2.25], "rotation": 270, "texture": "#missing"},
				"down": {"uv": [5, 3.75, 8, 4.75], "rotation": 270, "texture": "#1"}
			}
		},
		{
			"from": [7.5, 12.75, -12.5],
			"to": [8.5, 13.75, -8],
			"rotation": {"angle": 0, "axis": "y", "origin": [6.5, 5.5, 0]},
			"faces": {
				"north": {"uv": [5.25, 7.75, 5.75, 8.25], "rotation": 90, "texture": "#1"},
				"east": {"uv": [5.25, 6.75, 6, 7.25], "rotation": 180, "texture": "#1"},
				"south": {"uv": [7, 0.25, 9, 2.75], "texture": "#missing"},
				"west": {"uv": [5.25, 6.75, 6, 7.25], "texture": "#1"},
				"up": {"uv": [5.25, 6.75, 6, 7.25], "rotation": 270, "texture": "#1"},
				"down": {"uv": [5.25, 6.75, 6, 7.25], "rotation": 90, "texture": "#1"}
			}
		},
		{
			"from": [7.5, 6.25, -12.5],
			"to": [8.5, 7.25, -8],
			"rotation": {"angle": 0, "axis": "y", "origin": [6.5, -1, 0]},
			"faces": {
				"north": {"uv": [5.25, 7.75, 5.75, 8.25], "rotation": 90, "texture": "#1"},
				"east": {"uv": [5.25, 6.75, 6, 7.25], "rotation": 180, "texture": "#1"},
				"south": {"uv": [7, 0.25, 9, 2.75], "texture": "#missing"},
				"west": {"uv": [5.25, 6.75, 6, 7.25], "texture": "#1"},
				"up": {"uv": [5.25, 6.75, 6, 7.25], "rotation": 270, "texture": "#1"},
				"down": {"uv": [5.25, 6.75, 6, 7.25], "rotation": 90, "texture": "#1"}
			}
		},
		{
			"from": [7, 6, -11.5],
			"to": [9, 7.5, -10.5],
			"rotation": {"angle": 0, "axis": "y", "origin": [6, 10.5, 0]},
			"faces": {
				"north": {"uv": [13.5, 5, 14.5, 4.25], "texture": "#1"},
				"east": {"uv": [14.75, 4, 15.25, 3.25], "texture": "#1"},
				"south": {"uv": [13.5, 4, 14.5, 3.25], "texture": "#1"},
				"west": {"uv": [14.75, 4, 15.25, 3.25], "rotation": 180, "texture": "#1"},
				"up": {"uv": [6.5, 0.25, 4, 2.25], "rotation": 90, "texture": "#missing"},
				"down": {"uv": [14.5, 5.5, 13.5, 6], "texture": "#1"}
			}
		},
		{
			"from": [7, 12.5, -11.5],
			"to": [9, 14, -10.5],
			"rotation": {"angle": 0, "axis": "y", "origin": [6, 5.5, 0]},
			"faces": {
				"north": {"uv": [13.5, 4.25, 14.5, 5], "texture": "#1"},
				"east": {"uv": [14.75, 3.25, 15.25, 4], "texture": "#1"},
				"south": {"uv": [13.5, 3.25, 14.5, 4], "texture": "#1"},
				"west": {"uv": [14.75, 3.25, 15.25, 4], "rotation": 180, "texture": "#1"},
				"up": {"uv": [14.5, 6, 13.5, 5.5], "texture": "#1"},
				"down": {"uv": [4, 0.25, 6.5, 2.25], "rotation": 90, "texture": "#missing"}
			}
		},
		{
			"from": [6.5, 8, -4],
			"to": [9.5, 12, -3],
			"rotation": {"angle": 0, "axis": "y", "origin": [6, 5.5, 0]},
			"faces": {
				"north": {"uv": [9.5, 0.25, 11.5, 2.75], "rotation": 180, "texture": "#missing"},
				"east": {"uv": [2.25, 6.25, 3.25, 8.25], "rotation": 180, "texture": "#1"},
				"south": {"uv": [7, 0.25, 9, 2.75], "texture": "#missing"},
				"west": {"uv": [2.25, 6.25, 2.75, 8.25], "texture": "#1"},
				"up": {"uv": [3.75, 6.75, 4.75, 8.25], "rotation": 270, "texture": "#1"},
				"down": {"uv": [3.75, 6.75, 4.75, 8.25], "rotation": 90, "texture": "#1"}
			}
		},
		{
			"from": [6.5, 8, -10],
			"to": [9.5, 12, -9],
			"rotation": {"angle": 0, "axis": "y", "origin": [6, 5.5, 0]},
			"faces": {
				"north": {"uv": [9.5, 0.25, 11.5, 2.75], "rotation": 180, "texture": "#missing"},
				"east": {"uv": [2.25, 6.25, 3.25, 8.25], "rotation": 180, "texture": "#1"},
				"south": {"uv": [7, 0.25, 9, 2.75], "texture": "#missing"},
				"west": {"uv": [2.25, 6.25, 2.75, 8.25], "texture": "#1"},
				"up": {"uv": [3.75, 6.75, 4.75, 8.25], "rotation": 270, "texture": "#1"},
				"down": {"uv": [3.75, 6.75, 4.75, 8.25], "rotation": 90, "texture": "#1"}
			}
		},
		{
			"from": [6.5, 8, -14],
			"to": [9.5, 12, -12],
			"rotation": {"angle": 0, "axis": "y", "origin": [6, 5.5, 0]},
			"faces": {
				"north": {"uv": [9.5, 0.25, 11.5, 2.75], "rotation": 180, "texture": "#missing"},
				"east": {"uv": [2.25, 6.25, 3.25, 8.25], "rotation": 180, "texture": "#1"},
				"south": {"uv": [7, 0.25, 9, 2.75], "texture": "#missing"},
				"west": {"uv": [2.25, 6.25, 3.25, 8.25], "texture": "#1"},
				"up": {"uv": [3.75, 6.75, 4.75, 8.25], "rotation": 270, "texture": "#1"},
				"down": {"uv": [3.75, 6.75, 4.75, 8.25], "rotation": 90, "texture": "#1"}
			}
		},
		{
			"from": [5.75, 7.5, -15],
			"to": [10.25, 12.5, -14],
			"rotation": {"angle": 0, "axis": "y", "origin": [6, 5.5, 0]},
			"faces": {
				"north": {"uv": [7.75, 6.75, 10, 9.25], "rotation": 180, "texture": "#1"},
				"east": {"uv": [6.5, 6.75, 7, 9.25], "rotation": 180, "texture": "#1"},
				"south": {"uv": [10.5, 6.75, 12.75, 9.25], "rotation": 180, "texture": "#1"},
				"west": {"uv": [6.5, 6.75, 7, 9.25], "texture": "#1"},
				"up": {"uv": [6.5, 6.75, 7, 9], "rotation": 270, "texture": "#1"},
				"down": {"uv": [6.5, 6.75, 7, 9], "rotation": 90, "texture": "#1"}
			}
		},
		{
			"from": [5.5, 6.5, -9],
			"to": [10.5, 12.5, -4],
			"rotation": {"angle": 0, "axis": "y", "origin": [6.5, 5.5, 0]},
			"faces": {
				"north": {"uv": [7.5, 0.25, 10, 3.25], "texture": "#1"},
				"east": {"uv": [7.5, 0.25, 10, 3.25], "texture": "#1"},
				"south": {"uv": [7.5, 0.25, 10, 3.25], "texture": "#1"},
				"west": {"uv": [7.5, 0.25, 10, 3.25], "texture": "#1"},
				"up": {"uv": [10.5, 0.25, 13, 2.75], "rotation": 270, "texture": "#1"},
				"down": {"uv": [10.5, 0.25, 13, 2.75], "rotation": 270, "texture": "#1"}
			}
		},
		{
			"from": [4.5, 8, -7.5],
			"to": [5.5, 11, -4.5],
			"rotation": {"angle": 45, "axis": "x", "origin": [5, 10, -6.5]},
			"faces": {
				"north": {"uv": [0.25, 6.25, 0.75, 7.75], "rotation": 180, "texture": "#1"},
				"east": {"uv": [1, 0.25, 3.5, 2.75], "texture": "#missing"},
				"south": {"uv": [0.25, 6.25, 0.75, 7.75], "texture": "#1"},
				"west": {"uv": [0.25, 6.25, 1.75, 7.75], "rotation": 180, "texture": "#1"},
				"up": {"uv": [0.25, 6.25, 0.75, 7.75], "texture": "#1"},
				"down": {"uv": [0.25, 6.25, 0.75, 7.75], "texture": "#1"}
			}
		},
		{
			"from": [5.5, 7.5, -12],
			"to": [10.5, 12.5, -10],
			"rotation": {"angle": 0, "axis": "y", "origin": [6.5, 5.5, 0]},
			"faces": {
				"north": {"uv": [10.5, 3.25, 13, 5.75], "texture": "#1"},
				"east": {"uv": [13.5, 0.25, 14.5, 2.75], "texture": "#1"},
				"south": {"uv": [10.5, 3.25, 13, 5.75], "texture": "#1"},
				"west": {"uv": [13.5, 0.25, 14.5, 2.75], "texture": "#1"},
				"up": {"uv": [14.75, 0.25, 15.75, 2.75], "rotation": 90, "texture": "#1"},
				"down": {"uv": [14.75, 0.25, 15.75, 2.75], "rotation": 90, "texture": "#1"}
			}
		},
		{
			"from": [6, 7.5, 0.5],
			"to": [10, 12.5, 1.5],
			"rotation": {"angle": 0, "axis": "y", "origin": [6, 5.5, 0]},
			"faces": {
				"north": {"uv": [3, 0.25, 5, 2.75], "texture": "#1"},
				"east": {"uv": [3, 0.25, 3.25, 2.75], "texture": "#1"},
				"south": {"uv": [3, 0.25, 5, 2.75], "texture": "#1"},
				"west": {"uv": [3, 0.25, 3.25, 2.75], "texture": "#1"},
				"up": {"uv": [3, 0.25, 5, 0.5], "texture": "#1"},
				"down": {"uv": [3, 2.5, 5, 2.75], "texture": "#1"}
			}
		},
		{
			"from": [6.25, 7.75, 0],
			"to": [9.75, 12.25, 0.5],
			"rotation": {"angle": 0, "axis": "y", "origin": [6, 5.5, 0]},
			"faces": {
				"north": {"uv": [0.25, 0.25, 0.5, 2.5], "texture": "#1"},
				"east": {"uv": [0.25, 0.25, 0.5, 2.5], "texture": "#1"},
				"south": {"uv": [0.25, 0.25, 0.5, 2.5], "texture": "#1"},
				"west": {"uv": [0.25, 0.25, 0.5, 2.5], "texture": "#1"},
				"up": {"uv": [0.25, 0.5, 0.5, 2.25], "rotation": 90, "texture": "#1"},
				"down": {"uv": [0.25, 0.5, 0.5, 2.25], "rotation": 90, "texture": "#1"}
			}
		},
		{
			"from": [6.5, 8, 1.073],
			"to": [9.5, 12, 10.073],
			"rotation": {"angle": 0, "axis": "y", "origin": [8, 10, 1.573]},
			"faces": {
				"north": {"uv": [0, 0, 3, 4], "rotation": 180, "texture": "#missing"},
				"east": {"uv": [0.5, 0.5, 4.5, 9.5], "rotation": 270, "texture": "#1_0"},
				"south": {"uv": [12.5, 11.5, 15.5, 15.5], "texture": "#1_0"},
				"west": {"uv": [0.5, 0.5, 4.5, 9.5], "rotation": 90, "texture": "#1_0"},
				"up": {"uv": [4.5, 0.5, 7.5, 9.5], "rotation": 180, "texture": "#1_0"},
				"down": {"uv": [4.5, 0.5, 7.5, 9.5], "texture": "#1_0"}
			}
		},
		{
			"from": [6.5, 8, 0.073],
			"to": [9.5, 12, 1.073],
			"rotation": {"angle": 0, "axis": "y", "origin": [8, 10, 1.573]},
			"faces": {
				"north": {"uv": [0, 0, 3, 4], "rotation": 180, "texture": "#missing"},
				"east": {"uv": [0.5, 4, 4.5, 5], "rotation": 270, "texture": "#1_0"},
				"south": {"uv": [12.5, 11.5, 15.5, 15.5], "texture": "#1_0"},
				"west": {"uv": [9, 0.5, 13, 1.5], "rotation": 270, "texture": "#1_0"},
				"up": {"uv": [4.5, 4, 7.5, 5], "rotation": 180, "texture": "#1_0"},
				"down": {"uv": [4.5, 7, 7.5, 8], "rotation": 180, "texture": "#1_0"}
			}
		},
		{
			"from": [6.5, 8, -2.927],
			"to": [9.5, 12, 0.073],
			"rotation": {"angle": 0, "axis": "y", "origin": [8, 10, 1.573]},
			"faces": {
				"north": {"uv": [8.499, 7.5, 12.499, 10.5], "rotation": 270, "texture": "#1_0"},
				"east": {"uv": [8.499, 4, 12.499, 6.998], "rotation": 270, "texture": "#1_0"},
				"south": {"uv": [0, 0, 3, 4], "texture": "#missing"},
				"west": {"uv": [8.5, 0.5, 12.5, 3.5], "rotation": 90, "texture": "#1_0"},
				"up": {"uv": [12.5, 0.5, 15.5, 3.5], "rotation": 180, "texture": "#1_0"},
				"down": {"uv": [12.5, 4, 15.5, 7], "rotation": 180, "texture": "#1_0"}
			}
		}
	],
	"display": {
		"thirdperson_righthand": {
			"rotation": [59, 0, 0],
			"translation": [-0.5, -3.25, 8.15]
		},
		"thirdperson_lefthand": {
			"rotation": [67.5, 0, 0],
			"translation": [-0.5, -2.75, 8.2]
		},
		"firstperson_righthand": {
			"rotation": [4, 3, -11],
			"translation": [-4, -1.25, 6]
		},
		"firstperson_lefthand": {
			"rotation": [4, 3, -11],
			"translation": [-4, -1.25, 6]
		},
		"ground": {
			"scale": [0, 0, 0]
		},
		"gui": {
			"scale": [0, 0, 0]
		}
	},
	"groups": [
		{
			"name": "gun",
			"origin": [0, 0, 0],
			"color": 0,
			"children": [0, 1, 2, 3, 4, 5, 6, 7, 8, 9, 10, 11, 12, 13, 14, 15]
		},
		{
			"name": "group",
			"origin": [8, 8, 8],
			"color": 0,
			"children": [16, 17, 18]
		}
	]
}