{
	"credit": "Made with Blockbench",
	"texture_size": [32, 32],
	"textures": {
		"1": "items/weapon11",
		"1_0": "items/character"
	},
	"elements": [
		{
			"from": [6, 7.5, -4],
			"to": [10, 12.5, 0],
			"rotation": {"angle": 0, "axis": "y", "origin": [6, 5.5, 0]},
			"faces": {
				"north": {"uv": [11, 0.25, 13, 2.75], "rotation": 180, "texture": "#1"},
				"east": {"uv": [1, 0.25, 3, 2.75], "texture": "#1"},
				"south": {"uv": [6, 0.25, 8, 2.75], "texture": "#1"},
				"west": {"uv": [1, 0.25, 3, 2.75], "rotation": 180, "texture": "#1"},
				"up": {"uv": [3.5, 0.25, 5.5, 2.25], "rotation": 270, "texture": "#1"},
				"down": {"uv": [3.5, 0.25, 5.5, 2.25], "rotation": 90, "texture": "#1"}
			}
		},
		{
			"from": [6.5, 6.5, -8],
			"to": [9.5, 12, -4],
			"rotation": {"angle": 0, "axis": "y", "origin": [6, 6, 2]},
			"faces": {
				"north": {"uv": [3.25, 3.25, 4.75, 6], "rotation": 180, "texture": "#1"},
				"east": {"uv": [0.75, 3.25, 2.75, 6], "rotation": 180, "texture": "#1"},
				"south": {"uv": [3.25, 3.25, 4.75, 6], "rotation": 180, "texture": "#1"},
				"west": {"uv": [0.75, 3.25, 2.75, 6], "rotation": 180, "texture": "#1"},
				"up": {"uv": [5.5, 3.25, 7, 5.25], "rotation": 180, "texture": "#1"},
				"down": {"uv": [5.5, 3.25, 7, 5.25], "rotation": 180, "texture": "#1"}
			}
		},
		{
			"from": [7.5, 4, -6],
			"to": [8.5, 7.5, -2],
			"rotation": {"angle": 0, "axis": "y", "origin": [6, 6, 2]},
			"faces": {
				"north": {"uv": [13.75, 0.25, 14.25, 2], "texture": "#1"},
				"east": {"uv": [13.75, 0.25, 15.75, 2], "rotation": 180, "texture": "#1"},
				"south": {"uv": [13.75, 0.25, 14.25, 2], "texture": "#1"},
				"west": {"uv": [13.75, 0.25, 15.75, 2], "rotation": 180, "texture": "#1"},
				"up": {"uv": [4, 0.25, 6.5, 2.25], "rotation": 270, "texture": "#missing"},
				"down": {"uv": [13.75, 0.25, 15.75, 0.75], "rotation": 90, "texture": "#1"}
			}
		},
		{
			"from": [5.75, 9, -13],
			"to": [10.25, 13, -8],
			"rotation": {"angle": 0, "axis": "y", "origin": [6, 6, 2]},
			"faces": {
				"north": {"uv": [3.75, 6.5, 6, 8.5], "texture": "#1"},
				"east": {"uv": [0.75, 6.5, 3.25, 8.5], "texture": "#1"},
				"south": {"uv": [3.75, 6.5, 6, 8.5], "texture": "#1"},
				"west": {"uv": [0.75, 6.5, 3.25, 8.5], "texture": "#1"},
				"up": {"uv": [6.5, 6.5, 9, 8.75], "rotation": 270, "texture": "#1"},
				"down": {"uv": [6.5, 6.5, 9, 8.75], "rotation": 270, "texture": "#1"}
			}
		},
		{
			"from": [6.75, 11.5, -5],
			"to": [9.25, 13.5, -1],
			"rotation": {"angle": 0, "axis": "y", "origin": [6, 6, 2]},
			"faces": {
				"north": {"uv": [14, 0.25, 14.05, 0.3], "texture": "#1"},
				"east": {"uv": [13.75, 0.25, 15.75, 1.25], "texture": "#1"},
				"south": {"uv": [13.75, 0.25, 13.8, 0.3], "texture": "#1"},
				"west": {"uv": [13.75, 0.25, 15.75, 1.25], "rotation": 180, "texture": "#1"},
				"up": {"uv": [13.75, 0.25, 15.75, 1.25], "rotation": 270, "texture": "#1"},
				"down": {"uv": [4, 0.25, 6.5, 2.25], "rotation": 90, "texture": "#missing"}
			}
		},
		{
			"from": [7, 13, -12.5],
			"to": [9, 15, -12.5],
			"rotation": {"angle": 0, "axis": "y", "origin": [6, 6, 2]},
			"faces": {
				"north": {"uv": [9.75, 3.25, 10.75, 4.25], "texture": "#1"},
				"east": {"uv": [1, 3, 3.5, 5.5], "texture": "#missing"},
				"south": {"uv": [9.75, 3.25, 10.75, 4.25], "texture": "#1"},
				"west": {"uv": [1, 0.25, 3.5, 2.75], "rotation": 180, "texture": "#missing"},
				"up": {"uv": [4, 0.25, 6.5, 2.25], "rotation": 270, "texture": "#missing"},
				"down": {"uv": [4, 0.25, 6.5, 2.25], "rotation": 90, "texture": "#missing"}
			}
		},
		{
			"from": [-0.73536, 11, -9.62834],
			"to": [4.76464, 12.5, -8.62834],
			"rotation": {"angle": 45, "axis": "y", "origin": [0.99282, 11.74917, -8.41623]},
			"faces": {
				"north": {"uv": [0.5, 6.5, 3.25, 7.25], "texture": "#1"},
				"east": {"uv": [1, 3, 3.5, 5.5], "texture": "#missing"},
				"south": {"uv": [0.75, 6.5, 3.5, 7.25], "texture": "#1"},
				"west": {"uv": [1, 0.25, 3.5, 2.75], "rotation": 180, "texture": "#missing"},
				"up": {"uv": [1.5, 6.5, 1.55, 6.55], "texture": "#1"},
				"down": {"uv": [1.75, 7, 1.8, 7.05], "texture": "#1"}
			}
		},
		{
			"from": [4.05307, 10.25, -9.91375],
			"to": [5.55307, 12.75, -8.41375],
			"rotation": {"angle": 45, "axis": "y", "origin": [0.99282, 11.74917, -8.41623]},
			"faces": {
				"north": {"uv": [7.5, 3.25, 8.25, 4.5], "rotation": 180, "texture": "#1"},
				"east": {"uv": [7.5, 3.25, 8.25, 4.5], "rotation": 180, "texture": "#1"},
				"south": {"uv": [7.5, 3.25, 8.25, 4.5], "rotation": 180, "texture": "#1"},
				"west": {"uv": [7.5, 3.25, 8.25, 4.5], "rotation": 180, "texture": "#1"},
				"up": {"uv": [7.25, 3.25, 7.3, 3.3], "rotation": 180, "texture": "#1"},
				"down": {"uv": [7.25, 3.25, 7.3, 3.3], "rotation": 180, "texture": "#1"}
			}
		},
		{
			"from": [-1.1811, 10.75, -8.16916],
			"to": [-0.1811, 12.75, -7.16916],
			"rotation": {"angle": 0, "axis": "y", "origin": [0.99282, 11.74917, -8.41623]},
			"faces": {
				"north": {"uv": [8.75, 3.25, 9.25, 4.25], "texture": "#1"},
				"east": {"uv": [8.75, 3.25, 9.25, 4.25], "texture": "#1"},
				"south": {"uv": [8.75, 3.25, 9.25, 4.25], "texture": "#1"},
				"west": {"uv": [8.75, 3.25, 9.25, 4.25], "rotation": 180, "texture": "#1"},
				"up": {"uv": [7.25, 3.25, 7.3, 3.3], "rotation": 180, "texture": "#1"},
				"down": {"uv": [7.25, 3.25, 7.3, 3.3], "rotation": 180, "texture": "#1"}
			}
		},
		{
			"from": [3.25, 10.5, -12.25],
			"to": [5.75, 12.5, -10.75],
			"rotation": {"angle": 0, "axis": "y", "origin": [0.99282, 11.74917, -8.41623]},
			"faces": {
				"north": {"uv": [1.5, 6.5, 2.75, 7.5], "texture": "#1"},
				"east": {"uv": [1, 3, 3.5, 5.5], "texture": "#missing"},
				"south": {"uv": [1.5, 6.5, 2.75, 7.5], "texture": "#1"},
				"west": {"uv": [1, 0.25, 3.5, 2.75], "rotation": 180, "texture": "#missing"},
				"up": {"uv": [1.5, 6.5, 1.55, 6.55], "texture": "#1"},
				"down": {"uv": [2, 7.5, 2.05, 7.55], "texture": "#1"}
			}
		},
		{
			"from": [-0.96081, 11.5, -7.18506],
			"to": [-0.46081, 12.5, -4.68506],
			"rotation": {"angle": 0, "axis": "y", "origin": [0.99282, 11.74917, -8.41623]},
			"faces": {
				"north": {"uv": [1, 3, 3.5, 5.5], "texture": "#missing"},
				"east": {"uv": [0.75, 6.5, 2, 7], "texture": "#1"},
				"south": {"uv": [0.75, 6.5, 2, 7], "texture": "#1"},
				"west": {"uv": [0.75, 6.5, 2, 7], "texture": "#1"},
				"up": {"uv": [1.5, 6.5, 1.55, 6.55], "texture": "#1"},
				"down": {"uv": [1.75, 7, 1.8, 7.05], "texture": "#1"}
			}
		},
		{
			"from": [-5.17338, 11.5, -7.30577],
			"to": [-2.67338, 12.49, -6.80577],
			"rotation": {"angle": 45, "axis": "y", "origin": [0.99282, 11.74917, -8.41623]},
			"faces": {
				"north": {"uv": [0.75, 6.5, 2, 7], "texture": "#1"},
				"east": {"uv": [1, 3, 3.5, 5.5], "texture": "#missing"},
				"south": {"uv": [0.75, 6.5, 2, 7], "texture": "#1"},
				"west": {"uv": [0.75, 6.5, 2, 7], "texture": "#1"},
				"up": {"uv": [1.5, 6.5, 1.55, 6.55], "texture": "#1"},
				"down": {"uv": [1.75, 7, 1.8, 7.05], "texture": "#1"}
			}
		},
		{
			"from": [10.25, 10.5, -12.25],
			"to": [12.75, 12.5, -10.75],
			"rotation": {"angle": 0, "axis": "y", "origin": [15.00718, 11.74917, -8.41623]},
			"faces": {
				"north": {"uv": [2.75, 6.5, 1.5, 7.5], "texture": "#1"},
				"east": {"uv": [3.5, 0.25, 1, 2.75], "rotation": 180, "texture": "#missing"},
				"south": {"uv": [2.75, 6.5, 1.5, 7.5], "texture": "#1"},
				"west": {"uv": [3.5, 3, 1, 5.5], "texture": "#missing"},
				"up": {"uv": [1.55, 6.5, 1.5, 6.55], "texture": "#1"},
				"down": {"uv": [2.05, 7.5, 2, 7.55], "texture": "#1"}
			}
		},
		{
			"from": [10.44693, 10.25, -9.91375],
			"to": [11.94693, 12.75, -8.41375],
			"rotation": {"angle": -45, "axis": "y", "origin": [15.00718, 11.74917, -8.41623]},
			"faces": {
				"north": {"uv": [8.25, 3.25, 7.5, 4.5], "rotation": 180, "texture": "#1"},
				"east": {"uv": [8.25, 3.25, 7.5, 4.5], "rotation": 180, "texture": "#1"},
				"south": {"uv": [8.25, 3.25, 7.5, 4.5], "rotation": 180, "texture": "#1"},
				"west": {"uv": [8.25, 3.25, 7.5, 4.5], "rotation": 180, "texture": "#1"},
				"up": {"uv": [7.3, 3.25, 7.25, 3.3], "rotation": 180, "texture": "#1"},
				"down": {"uv": [7.3, 3.25, 7.25, 3.3], "rotation": 180, "texture": "#1"}
			}
		},
		{
			"from": [11.23536, 11, -9.62834],
			"to": [16.73536, 12.5, -8.62834],
			"rotation": {"angle": -45, "axis": "y", "origin": [15.00718, 11.74917, -8.41623]},
			"faces": {
				"north": {"uv": [3.25, 6.5, 0.5, 7.25], "texture": "#1"},
				"east": {"uv": [3.5, 0.25, 1, 2.75], "rotation": 180, "texture": "#missing"},
				"south": {"uv": [3.5, 6.5, 0.75, 7.25], "texture": "#1"},
				"west": {"uv": [3.5, 3, 1, 5.5], "texture": "#missing"},
				"up": {"uv": [1.55, 6.5, 1.5, 6.55], "texture": "#1"},
				"down": {"uv": [1.8, 7, 1.75, 7.05], "texture": "#1"}
			}
		},
		{
			"from": [16.46081, 11.5, -7.18506],
			"to": [16.96081, 12.5, -4.68506],
			"rotation": {"angle": 0, "axis": "y", "origin": [15.00718, 11.74917, -8.41623]},
			"faces": {
				"north": {"uv": [3.5, 3, 1, 5.5], "texture": "#missing"},
				"east": {"uv": [2, 6.5, 0.75, 7], "texture": "#1"},
				"south": {"uv": [0.75, 6.5, 2, 7], "texture": "#1"},
				"west": {"uv": [2, 6.5, 0.75, 7], "texture": "#1"},
				"up": {"uv": [1.55, 6.5, 1.5, 6.55], "texture": "#1"},
				"down": {"uv": [1.8, 7, 1.75, 7.05], "texture": "#1"}
			}
		},
		{
			"from": [16.1811, 10.75, -8.16916],
			"to": [17.1811, 12.75, -7.16916],
			"rotation": {"angle": 0, "axis": "y", "origin": [15.00718, 11.74917, -8.41623]},
			"faces": {
				"north": {"uv": [9.25, 3.25, 8.75, 4.25], "texture": "#1"},
				"east": {"uv": [9.25, 3.25, 8.75, 4.25], "rotation": 180, "texture": "#1"},
				"south": {"uv": [9.25, 3.25, 8.75, 4.25], "texture": "#1"},
				"west": {"uv": [9.25, 3.25, 8.75, 4.25], "texture": "#1"},
				"up": {"uv": [7.3, 3.25, 7.25, 3.3], "rotation": 180, "texture": "#1"},
				"down": {"uv": [7.3, 3.25, 7.25, 3.3], "rotation": 180, "texture": "#1"}
			}
		},
		{
			"from": [18.67338, 11.5, -7.30577],
			"to": [21.17338, 12.49, -6.80577],
			"rotation": {"angle": -45, "axis": "y", "origin": [15.00718, 11.74917, -8.41623]},
			"faces": {
				"north": {"uv": [2, 6.5, 0.75, 7], "texture": "#1"},
				"east": {"uv": [0.75, 6.5, 2, 7], "texture": "#1"},
				"south": {"uv": [2, 6.5, 0.75, 7], "texture": "#1"},
				"west": {"uv": [3.5, 3, 1, 5.5], "texture": "#missing"},
				"up": {"uv": [1.55, 6.5, 1.5, 6.55], "texture": "#1"},
				"down": {"uv": [1.8, 7, 1.75, 7.05], "texture": "#1"}
			}
		},
		{
			"from": [6, 7.5, 0.5],
			"to": [10, 12.5, 1.5],
			"rotation": {"angle": 0, "axis": "y", "origin": [6, 5.5, 0]},
			"faces": {
				"north": {"uv": [8.5, 0.25, 10.5, 2.75], "texture": "#1"},
				"east": {"uv": [6, 0.25, 6.5, 2.75], "texture": "#1"},
				"south": {"uv": [6, 0.25, 8, 2.75], "texture": "#1"},
				"west": {"uv": [7.5, 0.25, 8, 2.75], "texture": "#1"},
				"up": {"uv": [6, 0.25, 8, 0.75], "rotation": 180, "texture": "#1"},
				"down": {"uv": [6, 0.25, 8, 0.75], "texture": "#1"}
			}
		},
		{
			"from": [6.25, 7.75, 0],
			"to": [9.75, 12.25, 0.5],
			"rotation": {"angle": 0, "axis": "y", "origin": [6, 5.5, 0]},
			"faces": {
				"north": {"uv": [0.25, 0.25, 0.5, 2.5], "texture": "#1"},
				"east": {"uv": [0.25, 0.25, 0.5, 2.5], "texture": "#1"},
				"south": {"uv": [0.25, 0.25, 0.5, 2.5], "texture": "#1"},
				"west": {"uv": [0.25, 0.25, 0.5, 2.5], "texture": "#1"},
				"up": {"uv": [0.25, 0.5, 0.5, 2.25], "rotation": 90, "texture": "#1"},
				"down": {"uv": [0.25, 0.5, 0.5, 2.25], "rotation": 90, "texture": "#1"}
			}
		},
		{
			"from": [6.5, 8, 1.073],
			"to": [9.5, 12, 10.073],
			"rotation": {"angle": 0, "axis": "y", "origin": [8, 10, 1.573]},
			"faces": {
				"north": {"uv": [0, 0, 3, 4], "rotation": 180, "texture": "#missing"},
				"east": {"uv": [0.5, 0.5, 4.5, 9.5], "rotation": 270, "texture": "#1_0"},
				"south": {"uv": [12.5, 11.5, 15.5, 15.5], "texture": "#1_0"},
				"west": {"uv": [0.5, 0.5, 4.5, 9.5], "rotation": 90, "texture": "#1_0"},
				"up": {"uv": [4.5, 0.5, 7.5, 9.5], "rotation": 180, "texture": "#1_0"},
				"down": {"uv": [4.5, 0.5, 7.5, 9.5], "texture": "#1_0"}
			}
		},
		{
			"from": [6.5, 8, 0.073],
			"to": [9.5, 12, 1.073],
			"rotation": {"angle": 0, "axis": "y", "origin": [8, 10, 1.573]},
			"faces": {
				"north": {"uv": [0, 0, 3, 4], "rotation": 180, "texture": "#missing"},
				"east": {"uv": [0.5, 4, 4.5, 5], "rotation": 270, "texture": "#1_0"},
				"south": {"uv": [12.5, 11.5, 15.5, 15.5], "texture": "#1_0"},
				"west": {"uv": [9, 0.5, 13, 1.5], "rotation": 270, "texture": "#1_0"},
				"up": {"uv": [4.5, 4, 7.5, 5], "rotation": 180, "texture": "#1_0"},
				"down": {"uv": [4.5, 7, 7.5, 8], "rotation": 180, "texture": "#1_0"}
			}
		},
		{
			"from": [6.5, 8, -2.927],
			"to": [9.5, 12, 0.073],
			"rotation": {"angle": 0, "axis": "y", "origin": [8, 10, 1.573]},
			"faces": {
				"north": {"uv": [8.499, 7.5, 12.499, 10.5], "rotation": 270, "texture": "#1_0"},
				"east": {"uv": [8.499, 4, 12.499, 6.998], "rotation": 270, "texture": "#1_0"},
				"south": {"uv": [0, 0, 3, 4], "texture": "#missing"},
				"west": {"uv": [8.5, 0.5, 12.5, 3.5], "rotation": 90, "texture": "#1_0"},
				"up": {"uv": [12.5, 0.5, 15.5, 3.5], "rotation": 180, "texture": "#1_0"},
				"down": {"uv": [12.5, 4, 15.5, 7], "rotation": 180, "texture": "#1_0"}
			}
		}
	],
	"display": {
		"thirdperson_righthand": {
			"rotation": [59, 0, 0],
			"translation": [-0.5, -3.25, 8.15]
		},
		"thirdperson_lefthand": {
			"rotation": [67.5, 0, 0],
			"translation": [-0.5, -2.75, 8.2]
		},
		"firstperson_righthand": {
			"rotation": [4, 3, -11],
			"translation": [-4, -1.25, 6]
		},
		"firstperson_lefthand": {
			"rotation": [4, 3, -11],
			"translation": [-4, -1.25, 6]
		},
		"ground": {
			"scale": [0, 0, 0]
		},
		"gui": {
			"scale": [0, 0, 0]
		}
	},
	"groups": [
		{
			"name": "gun",
			"origin": [0, 0, 0],
			"color": 0,
			"children": [0, 1, 2, 3, 4, 5, 6, 7, 8, 9, 10, 11, 12, 13, 14, 15, 16, 17, 18, 19]
		},
		{
			"name": "group",
			"origin": [8, 8, 8],
			"color": 0,
			"children": [20, 21, 22]
		}
	]
}