{
	"credit": "Made with Blockbench",
	"texture_size": [32, 32],
	"textures": {
		"1": "items/weapon14",
		"1_0": "items/character"
	},
	"elements": [
		{
			"from": [6, 7.5, -4],
			"to": [10, 12.5, 0],
			"rotation": {"angle": 0, "axis": "y", "origin": [6, 5.5, 0]},
			"faces": {
				"north": {"uv": [1, 0.25, 3, 2.75], "texture": "#1"},
				"east": {"uv": [1, 0.25, 3, 2.75], "texture": "#1"},
				"south": {"uv": [1, 0.25, 3, 2.75], "texture": "#1"},
				"west": {"uv": [1, 0.25, 3, 2.75], "texture": "#1"},
				"up": {"uv": [3.5, 0.25, 5.5, 2.25], "texture": "#1"},
				"down": {"uv": [6, 0.25, 8, 2.25], "texture": "#1"}
			}
		},
		{
			"from": [6.5, 8.5, -8],
			"to": [9.5, 12.5, -4],
			"rotation": {"angle": 0, "axis": "y", "origin": [5.5, 5.5, 0]},
			"faces": {
				"north": {"uv": [13, 0.25, 14.5, 2.25], "texture": "#1"},
				"east": {"uv": [8.5, 0.25, 10.5, 2.25], "texture": "#1"},
				"south": {"uv": [13, 0.25, 14.5, 2.25], "texture": "#1"},
				"west": {"uv": [8.5, 0.25, 10.5, 2.25], "texture": "#1"},
				"up": {"uv": [11, 0.25, 12.5, 2.25], "texture": "#1"},
				"down": {"uv": [5.5, 0.25, 7, 2.25], "rotation": 270, "texture": "#missing"}
			}
		},
		{
			"from": [6.25, 11.5, -6],
			"to": [9.75, 13.5, -2],
			"rotation": {"angle": 0, "axis": "y", "origin": [5.5, 5.5, 0]},
			"faces": {
				"north": {"uv": [1, 3.25, 2.75, 4.25], "texture": "#1"},
				"east": {"uv": [3.25, 3.25, 4.25, 5.25], "rotation": 90, "texture": "#1"},
				"south": {"uv": [1, 3.25, 2.75, 4.25], "texture": "#1"},
				"west": {"uv": [3.25, 3.25, 4.25, 5.25], "rotation": 90, "texture": "#1"},
				"up": {"uv": [1, 3.25, 2.75, 5.25], "texture": "#1"},
				"down": {"uv": [1, 3.25, 2.75, 4], "texture": "#1"}
			}
		},
		{
			"from": [7.4, 9.1, -12],
			"to": [9.4, 11.1, -8],
			"rotation": {"angle": -45, "axis": "z", "origin": [8, 10.5, -11.5]},
			"faces": {
				"north": {"uv": [11.5, 2.75, 12.5, 3.75], "rotation": 90, "texture": "#1"},
				"east": {"uv": [8.5, 2.75, 10.5, 3.75], "rotation": 180, "texture": "#1"},
				"south": {"uv": [3, 0.25, 5, 2.75], "texture": "#missing"},
				"west": {"uv": [8.5, 2.75, 10.5, 3.75], "texture": "#1"},
				"up": {"uv": [9, 4.25, 11, 5.25], "rotation": 270, "texture": "#1"},
				"down": {"uv": [9, 4.25, 11, 5.25], "rotation": 90, "texture": "#1"}
			}
		},
		{
			"from": [7, 10.5, -13],
			"to": [9, 12.5, -8],
			"rotation": {"angle": 0, "axis": "z", "origin": [8, 9.08579, -10]},
			"faces": {
				"north": {"uv": [11.5, 2.75, 12.5, 3.75], "rotation": 90, "texture": "#1"},
				"east": {"uv": [8.5, 2.75, 11, 3.75], "rotation": 180, "texture": "#1"},
				"south": {"uv": [3, 0.25, 5, 2.75], "rotation": 90, "texture": "#missing"},
				"west": {"uv": [8.5, 2.75, 11, 3.75], "texture": "#1"},
				"up": {"uv": [8.5, 4.25, 11, 5.25], "rotation": 270, "texture": "#1"},
				"down": {"uv": [8.5, 4.25, 11, 5.25], "rotation": 90, "texture": "#1"}
			}
		},
		{
			"from": [7, 12.5, -12.5],
			"to": [9, 14.5, -12.5],
			"rotation": {"angle": 0, "axis": "z", "origin": [8, 9.08579, -10]},
			"faces": {
				"north": {"uv": [4.75, 3, 5.75, 4], "texture": "#1"},
				"east": {"uv": [5.5, 0.25, 7, 2.25], "texture": "#missing"},
				"south": {"uv": [4.75, 3, 5.75, 4], "texture": "#1"},
				"west": {"uv": [5.5, 0.25, 7, 2.25], "texture": "#missing"},
				"up": {"uv": [1, 0.25, 2.5, 2.75], "rotation": 90, "texture": "#missing"},
				"down": {"uv": [1, 0.25, 2.5, 2.75], "rotation": 90, "texture": "#missing"}
			}
		},
		{
			"from": [6, 4.5, -7.75],
			"to": [10.5, 9, -4.25],
			"rotation": {"angle": -45, "axis": "z", "origin": [8, 7, -7]},
			"faces": {
				"north": {"uv": [0.25, 5.75, 2.5, 8], "rotation": 90, "texture": "#1"},
				"east": {"uv": [6.5, 5.75, 8.25, 8], "texture": "#1"},
				"south": {"uv": [0.25, 5.75, 2.5, 8], "texture": "#1"},
				"west": {"uv": [5.75, 5.75, 7.5, 8], "texture": "#1"},
				"up": {"uv": [5.75, 5.75, 7.5, 8], "rotation": 90, "texture": "#1"},
				"down": {"uv": [2.75, 5.75, 4.5, 8], "rotation": 270, "texture": "#1"}
			}
		},
		{
			"from": [6, 7.5, 0.5],
			"to": [10, 12.5, 1.5],
			"rotation": {"angle": 0, "axis": "y", "origin": [6, 5.5, 0]},
			"faces": {
				"north": {"uv": [1, 0.25, 3, 2.75], "texture": "#1"},
				"east": {"uv": [1, 0.25, 1.25, 2.75], "texture": "#1"},
				"south": {"uv": [1, 0.25, 3, 2.75], "texture": "#1"},
				"west": {"uv": [1, 0.25, 1.25, 2.75], "texture": "#1"},
				"up": {"uv": [1, 0.25, 3, 0.5], "texture": "#1"},
				"down": {"uv": [1, 2.5, 3, 2.75], "texture": "#1"}
			}
		},
		{
			"from": [6.25, 7.75, 0],
			"to": [9.75, 12.25, 0.5],
			"rotation": {"angle": 0, "axis": "y", "origin": [6, 5.5, 0]},
			"faces": {
				"north": {"uv": [0.25, 0.25, 0.5, 2.5], "texture": "#1"},
				"east": {"uv": [0.25, 0.25, 0.5, 2.5], "texture": "#1"},
				"south": {"uv": [0.25, 0.25, 0.5, 2.5], "texture": "#1"},
				"west": {"uv": [0.25, 0.25, 0.5, 2.5], "texture": "#1"},
				"up": {"uv": [0.25, 0.5, 0.5, 2.25], "rotation": 90, "texture": "#1"},
				"down": {"uv": [0.25, 0.5, 0.5, 2.25], "rotation": 90, "texture": "#1"}
			}
		},
		{
			"from": [3.29289, 9.79289, -16],
			"to": [7.29289, 9.79289, -8],
			"rotation": {"angle": 45, "axis": "z", "origin": [6.29289, 9.79289, -10.5]},
			"faces": {
				"up": {"uv": [0.25, 8.5, 4.25, 10.5], "rotation": 90, "texture": "#1"}
			}
		},
		{
			"name": "cube inverted",
			"from": [7.58578, 9.08578, -8],
			"to": [3.58578, 9.08578, -16],
			"rotation": {"angle": 45, "axis": "z", "origin": [5.58578, 9.08578, -12]},
			"faces": {
				"down": {"uv": [0.25, 10.5, 4.25, 8.5], "rotation": 90, "texture": "#1"}
			}
		},
		{
			"from": [8.70711, 9.79289, -16],
			"to": [12.70711, 9.79289, -8],
			"rotation": {"angle": -45, "axis": "z", "origin": [9.70711, 9.79289, -10.5]},
			"faces": {
				"up": {"uv": [0.25, 10.5, 4.25, 8.5], "rotation": 90, "texture": "#1"}
			}
		},
		{
			"name": "cube inverted",
			"from": [12.41422, 9.08578, -8],
			"to": [8.41422, 9.08578, -16],
			"rotation": {"angle": -45, "axis": "z", "origin": [10.41422, 9.08578, -12]},
			"faces": {
				"down": {"uv": [0.25, 8.5, 4.25, 10.5], "rotation": 90, "texture": "#1"}
			}
		},
		{
			"from": [6.5, 8, 1.073],
			"to": [9.5, 12, 10.073],
			"rotation": {"angle": 0, "axis": "y", "origin": [8, 10, 1.573]},
			"faces": {
				"north": {"uv": [0, 0, 3, 4], "rotation": 180, "texture": "#missing"},
				"east": {"uv": [0.5, 0.5, 4.5, 9.5], "rotation": 270, "texture": "#1_0"},
				"south": {"uv": [12.5, 11.5, 15.5, 15.5], "texture": "#1_0"},
				"west": {"uv": [0.5, 0.5, 4.5, 9.5], "rotation": 90, "texture": "#1_0"},
				"up": {"uv": [4.5, 0.5, 7.5, 9.5], "rotation": 180, "texture": "#1_0"},
				"down": {"uv": [4.5, 0.5, 7.5, 9.5], "texture": "#1_0"}
			}
		},
		{
			"from": [6.5, 8, 0.073],
			"to": [9.5, 12, 1.073],
			"rotation": {"angle": 0, "axis": "y", "origin": [8, 10, 1.573]},
			"faces": {
				"north": {"uv": [0, 0, 3, 4], "rotation": 180, "texture": "#missing"},
				"east": {"uv": [0.5, 4, 4.5, 5], "rotation": 270, "texture": "#1_0"},
				"south": {"uv": [12.5, 11.5, 15.5, 15.5], "texture": "#1_0"},
				"west": {"uv": [9, 0.5, 13, 1.5], "rotation": 270, "texture": "#1_0"},
				"up": {"uv": [4.5, 4, 7.5, 5], "rotation": 180, "texture": "#1_0"},
				"down": {"uv": [4.5, 7, 7.5, 8], "rotation": 180, "texture": "#1_0"}
			}
		},
		{
			"from": [6.5, 8, -2.927],
			"to": [9.5, 12, 0.073],
			"rotation": {"angle": 0, "axis": "y", "origin": [8, 10, 1.573]},
			"faces": {
				"north": {"uv": [8.499, 7.5, 12.499, 10.5], "rotation": 270, "texture": "#1_0"},
				"east": {"uv": [8.499, 4, 12.499, 6.998], "rotation": 270, "texture": "#1_0"},
				"south": {"uv": [0, 0, 3, 4], "texture": "#missing"},
				"west": {"uv": [8.5, 0.5, 12.5, 3.5], "rotation": 90, "texture": "#1_0"},
				"up": {"uv": [12.5, 0.5, 15.5, 3.5], "rotation": 180, "texture": "#1_0"},
				"down": {"uv": [12.5, 4, 15.5, 7], "rotation": 180, "texture": "#1_0"}
			}
		}
	],
	"display": {
		"thirdperson_righthand": {
			"rotation": [59, 0, 0],
			"translation": [-0.5, -3.25, 8.15]
		},
		"thirdperson_lefthand": {
			"rotation": [67.5, 0, 0],
			"translation": [-0.5, -2.75, 8.2]
		},
		"firstperson_righthand": {
			"rotation": [4, 3, -11],
			"translation": [-4, -1.25, 6]
		},
		"firstperson_lefthand": {
			"rotation": [4, 3, -11],
			"translation": [-4, -1.25, 6]
		},
		"ground": {
			"scale": [0, 0, 0]
		},
		"gui": {
			"scale": [0, 0, 0]
		}
	},
	"groups": [
		{
			"name": "gun",
			"origin": [0, 0, 0],
			"color": 0,
			"children": [0, 1, 2, 3, 4, 5, 6, 7, 8,
				{
					"name": "group",
					"origin": [5.58578, 9.08578, -12],
					"color": 0,
					"children": [9, 10]
				},
				{
					"name": "group",
					"origin": [5.58578, 9.08578, -12],
					"color": 0,
					"children": [11, 12]
				}
			]
		},
		{
			"name": "group",
			"origin": [8, 8, 8],
			"color": 0,
			"children": [13, 14, 15]
		}
	]
}