{
	"credit": "Made with Blockbench",
	"texture_size": [32, 32],
	"textures": {
		"1": "items/weapon7",
		"1_0": "items/character",
		"1_1": "items/weapon6"
	},
	"elements": [
		{
			"from": [6, 7.5, -6],
			"to": [10, 12.5, 0],
			"rotation": {"angle": 0, "axis": "y", "origin": [6, 5.5, 0]},
			"faces": {
				"north": {"uv": [7.25, 0.25, 9.75, 2.25], "rotation": 90, "texture": "#1"},
				"east": {"uv": [0.25, 0.25, 3.25, 2.75], "texture": "#1"},
				"south": {"uv": [7.25, 0.25, 9.75, 2.25], "rotation": 90, "texture": "#1"},
				"west": {"uv": [0.25, 0.25, 3.25, 2.75], "texture": "#1"},
				"up": {"uv": [3.75, 0.25, 6.75, 2.25], "rotation": 90, "texture": "#1"},
				"down": {"uv": [3.75, 0.25, 6.75, 2.25], "rotation": 90, "texture": "#1"}
			}
		},
		{
			"from": [7, 10, -14],
			"to": [9, 12, -6],
			"rotation": {"angle": 0, "axis": "y", "origin": [6, 5.5, 0]},
			"faces": {
				"north": {"uv": [6.5, 0.25, 8.5, 2.75], "texture": "#missing"},
				"east": {"uv": [10.25, 1.75, 14.25, 2.75], "texture": "#1"},
				"south": {"uv": [3.25, 0.25, 5.25, 2.75], "texture": "#missing"},
				"west": {"uv": [10.25, 1.75, 14.25, 2.75], "rotation": 180, "texture": "#1"},
				"up": {"uv": [10.25, 1.75, 14.25, 2.75], "rotation": 270, "texture": "#1"},
				"down": {"uv": [10.25, 1.75, 14.25, 2.75], "rotation": 90, "texture": "#1"}
			}
		},
		{
			"from": [6.5, 9.5, -15],
			"to": [9.5, 12.5, -14],
			"rotation": {"angle": 0, "axis": "y", "origin": [6, 5.5, 0]},
			"faces": {
				"north": {"uv": [10.25, 3.25, 11.75, 4.75], "texture": "#1"},
				"east": {"uv": [12, 3.25, 12.5, 4.75], "texture": "#1"},
				"south": {"uv": [12.5, 3.25, 14, 4.75], "texture": "#1"},
				"west": {"uv": [12, 3.25, 12.5, 4.75], "rotation": 180, "texture": "#1"},
				"up": {"uv": [12, 3.25, 12.5, 4.75], "rotation": 270, "texture": "#1"},
				"down": {"uv": [12, 3.25, 12.5, 4.75], "rotation": 90, "texture": "#1"}
			}
		},
		{
			"from": [7.5, 9.5, -11],
			"to": [8.5, 10.5, -6],
			"rotation": {"angle": 0, "axis": "y", "origin": [6, 5.5, 0]},
			"faces": {
				"north": {"uv": [3.75, 3.5, 4.25, 4], "texture": "#1"},
				"east": {"uv": [4.25, 3.75, 6.75, 4.25], "texture": "#1"},
				"south": {"uv": [3.25, 0.25, 5.25, 2.75], "texture": "#missing"},
				"west": {"uv": [4.25, 3.75, 6.75, 4.25], "texture": "#1"},
				"up": {"uv": [6.5, 0.25, 8.5, 2.75], "texture": "#missing"},
				"down": {"uv": [6.5, 0.25, 8.5, 2.75], "texture": "#missing"}
			}
		},
		{
			"from": [5.75, 4, -6.5],
			"to": [10.25, 8.5, -1.5],
			"rotation": {"angle": -45, "axis": "z", "origin": [8, 6.25, -7.5]},
			"faces": {
				"north": {"uv": [0.25, 3.25, 2.5, 5.5], "rotation": 90, "texture": "#1"},
				"east": {"uv": [5.75, 3.25, 8.25, 5.5], "texture": "#1"},
				"south": {"uv": [0.25, 3.25, 2.5, 5.5], "rotation": 180, "texture": "#1"},
				"west": {"uv": [2.75, 3.25, 5.25, 5.5], "rotation": 180, "texture": "#1"},
				"up": {"uv": [5.75, 3.25, 8.25, 5.5], "rotation": 90, "texture": "#1"},
				"down": {"uv": [2.75, 3.25, 5.25, 5.5], "rotation": 270, "texture": "#1"}
			}
		},
		{
			"from": [7, 7.5, -12],
			"to": [9, 9.5, -6],
			"rotation": {"angle": 0, "axis": "y", "origin": [6, 5.5, 0]},
			"faces": {
				"north": {"uv": [13.75, 0.25, 14.75, 1.25], "texture": "#1"},
				"east": {"uv": [10.25, 0.25, 13.25, 1.25], "texture": "#1"},
				"south": {"uv": [3.25, 0.25, 5.25, 2.75], "texture": "#missing"},
				"west": {"uv": [10.25, 0.25, 13.25, 1.25], "rotation": 180, "texture": "#1"},
				"up": {"uv": [10.25, 0.25, 13.25, 1.25], "rotation": 270, "texture": "#1"},
				"down": {"uv": [10.25, 0.25, 13.25, 1.25], "rotation": 90, "texture": "#1"}
			}
		},
		{
			"from": [6.75, 6.5, -11.5],
			"to": [9.25, 8.5, -7],
			"rotation": {"angle": 0, "axis": "y", "origin": [6, 5.5, 0]},
			"faces": {
				"north": {"uv": [0.25, 6, 1.5, 7], "texture": "#1"},
				"east": {"uv": [0.25, 6, 2.5, 7], "texture": "#1"},
				"south": {"uv": [0.25, 6, 1.5, 7], "texture": "#1"},
				"west": {"uv": [0.25, 6, 2.5, 7], "texture": "#1"},
				"up": {"uv": [0.25, 6, 2.5, 6.25], "rotation": 90, "texture": "#1"},
				"down": {"uv": [0.25, 5.75, 2.5, 7], "rotation": 90, "texture": "#1"}
			}
		},
		{
			"from": [6.75, 11, -8],
			"to": [9.25, 13, -3.5],
			"rotation": {"angle": 0, "axis": "y", "origin": [6, 14, 3]},
			"faces": {
				"north": {"uv": [0.25, 7, 1.5, 6], "texture": "#1"},
				"east": {"uv": [0.25, 7, 2.5, 6], "texture": "#1"},
				"south": {"uv": [0.25, 7, 1.5, 6], "texture": "#1"},
				"west": {"uv": [0.25, 7, 2.5, 6], "texture": "#1"},
				"up": {"uv": [2.5, 5.75, 0.25, 7], "rotation": 90, "texture": "#1"},
				"down": {"uv": [2.5, 6, 0.25, 6.25], "rotation": 90, "texture": "#1"}
			}
		},
		{
			"from": [5.06438, 9.52085, -10.25],
			"to": [7.56438, 11.02085, -8.75],
			"rotation": {"angle": -22.5, "axis": "z", "origin": [5.31438, 10.27085, -11.75]},
			"faces": {
				"north": {"uv": [3, 6, 3.75, 7.25], "rotation": 90, "texture": "#1"},
				"east": {"uv": [0.25, 0.25, 2.75, 2.75], "texture": "#missing"},
				"south": {"uv": [3, 6, 3.75, 7.25], "rotation": 90, "texture": "#1"},
				"west": {"uv": [0.25, 0.25, 2.75, 2.75], "texture": "#missing"},
				"up": {"uv": [3, 6, 3.75, 7.25], "rotation": 90, "texture": "#1"},
				"down": {"uv": [3, 6, 3.75, 7.25], "rotation": 90, "texture": "#1"}
			}
		},
		{
			"from": [3.56438, 9.27085, -10.5],
			"to": [5.06438, 11.27085, -8.5],
			"rotation": {"angle": -22.5, "axis": "z", "origin": [5.31438, 10.27085, -11.75]},
			"faces": {
				"north": {"uv": [5.25, 6, 6, 7], "texture": "#1"},
				"east": {"uv": [4.25, 6, 5.25, 7], "texture": "#1"},
				"south": {"uv": [5.25, 6, 6, 7], "texture": "#1"},
				"west": {"uv": [4.25, 6, 5.25, 7], "texture": "#1"},
				"up": {"uv": [5.25, 6, 6, 7], "texture": "#1"},
				"down": {"uv": [5.25, 6, 6, 7], "texture": "#1"}
			}
		},
		{
			"from": [10.93562, 9.27085, -10.5],
			"to": [12.43562, 11.27085, -8.5],
			"rotation": {"angle": 22.5, "axis": "z", "origin": [10.68562, 10.27085, -11.75]},
			"faces": {
				"north": {"uv": [6, 6, 5.25, 7], "texture": "#1"},
				"east": {"uv": [5.25, 6, 4.25, 7], "texture": "#1"},
				"south": {"uv": [6, 6, 5.25, 7], "texture": "#1"},
				"west": {"uv": [5.25, 6, 4.25, 7], "texture": "#1"},
				"up": {"uv": [6, 6, 5.25, 7], "texture": "#1"},
				"down": {"uv": [6, 6, 5.25, 7], "texture": "#1"}
			}
		},
		{
			"from": [8.43562, 9.52085, -10.25],
			"to": [10.93562, 11.02085, -8.75],
			"rotation": {"angle": 22.5, "axis": "z", "origin": [10.68562, 10.27085, -11.75]},
			"faces": {
				"north": {"uv": [3, 7.25, 3.75, 6], "rotation": 90, "texture": "#1"},
				"east": {"uv": [2.75, 0.25, 0.25, 2.75], "texture": "#missing"},
				"south": {"uv": [3, 7.25, 3.75, 6], "rotation": 90, "texture": "#1"},
				"west": {"uv": [2.75, 0.25, 0.25, 2.75], "texture": "#missing"},
				"up": {"uv": [3, 7.25, 3.75, 6], "rotation": 90, "texture": "#1"},
				"down": {"uv": [3, 7.25, 3.75, 6], "rotation": 90, "texture": "#1"}
			}
		},
		{
			"from": [6, 7.5, 0.5],
			"to": [10, 12.5, 1],
			"rotation": {"angle": 0, "axis": "y", "origin": [6, 5.5, 0]},
			"faces": {
				"north": {"uv": [7.25, 0.25, 9.75, 2.25], "rotation": 90, "texture": "#1"},
				"east": {"uv": [0.25, 2.5, 2.75, 2.75], "rotation": 90, "texture": "#1"},
				"south": {"uv": [7.25, 0.25, 9.75, 2.25], "rotation": 90, "texture": "#1"},
				"west": {"uv": [0.25, 2.5, 2.75, 2.75], "rotation": 90, "texture": "#1"},
				"up": {"uv": [3.75, 0.25, 4, 2.25], "rotation": 90, "texture": "#1"},
				"down": {"uv": [3.75, 0.25, 4, 2.25], "rotation": 90, "texture": "#1"}
			}
		},
		{
			"from": [6.25, 7.75, 0],
			"to": [9.75, 12.25, 0.5],
			"rotation": {"angle": 0, "axis": "y", "origin": [6, 5.5, 0]},
			"faces": {
				"north": {"uv": [5.75, 0.25, 6, 2.5], "texture": "#1"},
				"east": {"uv": [9, 3.25, 9.25, 5.5], "texture": "#1"},
				"south": {"uv": [2, 0.25, 4, 2.75], "texture": "#missing"},
				"west": {"uv": [9, 3.25, 9.25, 5.5], "texture": "#1"},
				"up": {"uv": [9, 3.5, 9.25, 5.25], "rotation": 90, "texture": "#1"},
				"down": {"uv": [9, 3.5, 9.25, 5.25], "rotation": 90, "texture": "#1"}
			}
		},
		{
			"from": [9.64017, 7.51517, -6.5],
			"to": [11.64017, 9.51517, 0.5],
			"rotation": {"angle": -45, "axis": "z", "origin": [10.375, 8.25, -3]},
			"faces": {
				"north": {"uv": [4.25, 7.75, 5.25, 8.75], "rotation": 90, "texture": "#1"},
				"east": {"uv": [0.25, 7.75, 3.75, 8.75], "texture": "#1"},
				"south": {"uv": [4.25, 7.75, 5.25, 8.75], "rotation": 90, "texture": "#1"},
				"west": {"uv": [0.25, 7.75, 3.75, 8.75], "texture": "#1"},
				"up": {"uv": [0.25, 7.75, 3.75, 8.75], "rotation": 90, "texture": "#1"},
				"down": {"uv": [0.25, 7.75, 3.75, 8.75], "rotation": 90, "texture": "#1"}
			}
		},
		{
			"from": [10.75, 8.5, -8.5],
			"to": [11.25, 9, -6],
			"rotation": {"angle": 0, "axis": "z", "origin": [10.25, 8.75, -7.75]},
			"faces": {
				"north": {"uv": [6.75, 1.75, 6.5, 2], "texture": "#1_1"},
				"east": {"uv": [7.75, 1.5, 6.5, 1.75], "rotation": 180, "texture": "#1_1"},
				"south": {"uv": [6.25, 1.75, 7.5, 1.5], "rotation": 90, "texture": "#1_1"},
				"west": {"uv": [7.75, 1.5, 6.5, 1.75], "rotation": 180, "texture": "#1_1"},
				"up": {"uv": [6.5, 1.75, 7.75, 1.5], "rotation": 90, "texture": "#1_1"},
				"down": {"uv": [6.5, 1.75, 7.75, 1.5], "rotation": 90, "texture": "#1_1"}
			}
		},
		{
			"from": [8.25, 8.5, -8.5],
			"to": [10.75, 9, -8],
			"rotation": {"angle": 0, "axis": "z", "origin": [10.25, 8.75, -7.75]},
			"faces": {
				"north": {"uv": [7.5, 1.5, 6.25, 1.75], "texture": "#1_1"},
				"east": {"uv": [7.5, 1.5, 6.25, 1.75], "rotation": 180, "texture": "#1_1"},
				"south": {"uv": [7.5, 1.5, 6.25, 1.75], "rotation": 180, "texture": "#1_1"},
				"west": {"uv": [7.5, 1.5, 6.25, 1.75], "rotation": 180, "texture": "#1_1"},
				"up": {"uv": [7.5, 1.5, 6.25, 1.75], "rotation": 180, "texture": "#1_1"},
				"down": {"uv": [7.5, 1.5, 6.25, 1.75], "rotation": 180, "texture": "#1_1"}
			}
		},
		{
			"from": [6.5, 8, 1.073],
			"to": [9.5, 12, 10.073],
			"rotation": {"angle": 0, "axis": "y", "origin": [8, 10, 1.573]},
			"faces": {
				"north": {"uv": [0, 0, 3, 4], "rotation": 180, "texture": "#missing"},
				"east": {"uv": [0.5, 0.5, 4.5, 9.5], "rotation": 270, "texture": "#1_0"},
				"south": {"uv": [12.5, 11.5, 15.5, 15.5], "texture": "#1_0"},
				"west": {"uv": [0.5, 0.5, 4.5, 9.5], "rotation": 90, "texture": "#1_0"},
				"up": {"uv": [4.5, 0.5, 7.5, 9.5], "rotation": 180, "texture": "#1_0"},
				"down": {"uv": [4.5, 0.5, 7.5, 9.5], "texture": "#1_0"}
			}
		},
		{
			"from": [6.5, 8, 0.073],
			"to": [9.5, 12, 1.073],
			"rotation": {"angle": 0, "axis": "y", "origin": [8, 10, 1.573]},
			"faces": {
				"north": {"uv": [0, 0, 3, 4], "rotation": 180, "texture": "#missing"},
				"east": {"uv": [0.5, 4, 4.5, 5], "rotation": 270, "texture": "#1_0"},
				"south": {"uv": [12.5, 11.5, 15.5, 15.5], "texture": "#1_0"},
				"west": {"uv": [9, 0.5, 13, 1.5], "rotation": 270, "texture": "#1_0"},
				"up": {"uv": [4.5, 4, 7.5, 5], "rotation": 180, "texture": "#1_0"},
				"down": {"uv": [4.5, 7, 7.5, 8], "rotation": 180, "texture": "#1_0"}
			}
		},
		{
			"from": [6.5, 8, -2.927],
			"to": [9.5, 12, 0.073],
			"rotation": {"angle": 0, "axis": "y", "origin": [8, 10, 1.573]},
			"faces": {
				"north": {"uv": [8.499, 7.5, 12.499, 10.5], "rotation": 270, "texture": "#1_0"},
				"east": {"uv": [8.499, 4, 12.499, 6.998], "rotation": 270, "texture": "#1_0"},
				"south": {"uv": [0, 0, 3, 4], "texture": "#missing"},
				"west": {"uv": [8.5, 0.5, 12.5, 3.5], "rotation": 90, "texture": "#1_0"},
				"up": {"uv": [12.5, 0.5, 15.5, 3.5], "rotation": 180, "texture": "#1_0"},
				"down": {"uv": [12.5, 4, 15.5, 7], "rotation": 180, "texture": "#1_0"}
			}
		}
	],
	"display": {
		"thirdperson_righthand": {
			"rotation": [59, 0, 0],
			"translation": [-0.5, -3.25, 8.15]
		},
		"thirdperson_lefthand": {
			"rotation": [67.5, 0, 0],
			"translation": [-0.5, -2.75, 8.2]
		},
		"firstperson_righthand": {
			"rotation": [4, 3, -11],
			"translation": [-4, -1.25, 6]
		},
		"firstperson_lefthand": {
			"rotation": [4, 3, -11],
			"translation": [-4, -1.25, 6]
		},
		"ground": {
			"scale": [0, 0, 0]
		},
		"gui": {
			"scale": [0, 0, 0]
		}
	},
	"groups": [
		{
			"name": "gun",
			"origin": [0, 0, 0],
			"color": 0,
			"children": [0, 1, 2, 3, 4, 5, 6, 7, 8, 9, 10, 11, 12, 13, 14, 15, 16]
		},
		{
			"name": "group",
			"origin": [8, 8, 8],
			"color": 0,
			"children": [17, 18, 19]
		}
	]
}