{
	"parent": "item/generated",
	"textures": {
		"layer0": "item/wooden_pickaxe"
	},
	
	"overrides": [
		{"predicate": {"custom_model_data":1}, "model": "item/wooden_pickaxe1"},
		{"predicate": {"custom_model_data":2}, "model": "item/wooden_pickaxe2"},
                     	{"predicate": {"custom_model_data":3}, "model": "item/wooden_pickaxe3"},
                     	{"predicate": {"custom_model_data":4}, "model": "item/wooden_pickaxe4"},
                     	{"predicate": {"custom_model_data":5}, "model": "item/wooden_pickaxe5"},
                     	{"predicate": {"custom_model_data":6}, "model": "item/wooden_pickaxe6"},
                     	{"predicate": {"custom_model_data":7}, "model": "item/wooden_pickaxe7"},
                     	{"predicate": {"custom_model_data":8}, "model": "item/wooden_pickaxe8"},
                     	{"predicate": {"custom_model_data":9}, "model": "item/wooden_pickaxe9"},
                     	{"predicate": {"custom_model_data":10}, "model": "item/wooden_pickaxe10"},
                     	{"predicate": {"custom_model_data":11}, "model": "item/wooden_pickaxe11"},
                     	{"predicate": {"custom_model_data":12}, "model": "item/wooden_pickaxe12"},
                     	{"predicate": {"custom_model_data":13}, "model": "item/wooden_pickaxe13"},
                     	{"predicate": {"custom_model_data":14}, "model": "item/wooden_pickaxe14"},
                     	{"predicate": {"custom_model_data":15}, "model": "item/wooden_pickaxe15"}

                               ]
}