{
	"credit": "Made with Blockbench",
	"texture_size": [32, 32],
	"textures": {
		"1": "items/weapon12",
		"1_0": "items/character"
	},
	"elements": [
		{
			"from": [6, 7.5, -5],
			"to": [10, 12.5, 0],
			"rotation": {"angle": 0, "axis": "y", "origin": [6, 5.5, 0]},
			"faces": {
				"north": {"uv": [9.5, 0.25, 11.5, 2.75], "rotation": 180, "texture": "#1"},
				"east": {"uv": [1, 0.25, 3.5, 2.75], "texture": "#1"},
				"south": {"uv": [7, 0.25, 9, 2.75], "texture": "#1"},
				"west": {"uv": [1, 0.25, 3.5, 2.75], "rotation": 180, "texture": "#1"},
				"up": {"uv": [4, 0.25, 6.5, 2.25], "rotation": 270, "texture": "#1"},
				"down": {"uv": [4, 0.25, 6.5, 2.25], "rotation": 90, "texture": "#1"}
			}
		},
		{
			"from": [7.25, 9.5, -8],
			"to": [8.75, 11, -6.5],
			"rotation": {"angle": 45, "axis": "x", "origin": [8, 10, -7.5]},
			"faces": {
				"north": {"uv": [1, 3.25, 0.25, 4], "texture": "#1"},
				"east": {"uv": [1, 3.25, 0.25, 4], "texture": "#1"},
				"south": {"uv": [1, 3.25, 0.25, 4], "texture": "#1"},
				"west": {"uv": [1, 3.25, 0.25, 4], "texture": "#1"},
				"up": {"uv": [1, 3.25, 0.25, 4], "texture": "#1"},
				"down": {"uv": [1, 3.25, 0.25, 4], "texture": "#1"}
			}
		},
		{
			"from": [5.9, 8.1, -14],
			"to": [9.9, 12.1, -9],
			"rotation": {"angle": -45, "axis": "z", "origin": [8, 10, -11.5]},
			"faces": {
				"north": {"uv": [1.5, 3.25, 3.5, 5.25], "rotation": 180, "texture": "#1"},
				"east": {"uv": [12, 0.25, 14.5, 2.25], "texture": "#1"},
				"south": {"uv": [1.5, 3.25, 3.5, 5.25], "rotation": 180, "texture": "#1"},
				"west": {"uv": [12, 0.25, 14.5, 2.25], "rotation": 180, "texture": "#1"},
				"up": {"uv": [12, 0.25, 14.5, 2.25], "rotation": 270, "texture": "#1"},
				"down": {"uv": [12, 0.25, 14.5, 2.25], "rotation": 90, "texture": "#1"}
			}
		},
		{
			"from": [7, 3.90144, -8.31484],
			"to": [9, 5.90144, -2.31484],
			"rotation": {"angle": -45, "axis": "x", "origin": [8, 5.46883, -6.85107]},
			"faces": {
				"north": {"uv": [11, 2.75, 13, 0.25], "rotation": 180, "texture": "#missing"},
				"east": {"uv": [4, 3.25, 7, 4.25], "rotation": 180, "texture": "#1"},
				"south": {"uv": [6, 2.75, 8, 0.25], "texture": "#missing"},
				"west": {"uv": [4, 3.25, 7, 4.25], "texture": "#1"},
				"up": {"uv": [4, 3.25, 7, 4.25], "rotation": 270, "texture": "#1"},
				"down": {"uv": [4, 3.25, 7, 4.25], "rotation": 90, "texture": "#1"}
			}
		},
		{
			"from": [6.5, 2.80761, -10.5],
			"to": [9.5, 5.80761, -5.5],
			"rotation": {"angle": -45, "axis": "z", "origin": [8, 4.30761, -9]},
			"faces": {
				"north": {"uv": [10.5, 3.25, 9, 4.75], "texture": "#1"},
				"east": {"uv": [14.5, 2.75, 12, 4.25], "rotation": 180, "texture": "#1"},
				"south": {"uv": [10.5, 5.25, 9, 6.75], "texture": "#1"},
				"west": {"uv": [14.5, 2.75, 12, 4.25], "texture": "#1"},
				"up": {"uv": [14.5, 2.75, 12, 4.25], "rotation": 90, "texture": "#1"},
				"down": {"uv": [14.5, 2.75, 12, 4.25], "rotation": 270, "texture": "#1"}
			}
		},
		{
			"from": [5.21887, 5.18059, -2.35107],
			"to": [6.71887, 9.18059, -0.35107],
			"rotation": {"angle": -45, "axis": "z", "origin": [5.96887, 7.68059, -1.35107]},
			"faces": {
				"north": {"uv": [4.25, 4.75, 6.25, 5.5], "rotation": 270, "texture": "#1"},
				"east": {"uv": [4, 3.25, 6, 4.25], "rotation": 90, "texture": "#1"},
				"south": {"uv": [4, 4.75, 6, 5.5], "rotation": 270, "texture": "#1"},
				"west": {"uv": [4, 3.25, 6, 4.25], "rotation": 90, "texture": "#1"},
				"up": {"uv": [4, 3.25, 4.75, 4.25], "texture": "#1"},
				"down": {"uv": [7.25, 4.75, 8.25, 5.5], "rotation": 90, "texture": "#1"}
			}
		},
		{
			"from": [9.28113, 5.18059, -2.35107],
			"to": [10.78113, 9.18059, -0.35107],
			"rotation": {"angle": 45, "axis": "z", "origin": [10.03113, 7.68059, -1.35107]},
			"faces": {
				"north": {"uv": [4.25, 5.5, 6.25, 4.75], "rotation": 270, "texture": "#1"},
				"east": {"uv": [4, 4.25, 6, 3.25], "rotation": 90, "texture": "#1"},
				"south": {"uv": [4, 5.5, 6, 4.75], "rotation": 270, "texture": "#1"},
				"west": {"uv": [4, 4.25, 6, 3.25], "rotation": 90, "texture": "#1"},
				"up": {"uv": [4.75, 3.25, 4, 4.25], "texture": "#1"},
				"down": {"uv": [7.25, 5.5, 8.25, 4.75], "rotation": 90, "texture": "#1"}
			}
		},
		{
			"from": [10.40694, 9.12238, -9.22705],
			"to": [12.40694, 11.12238, -1.22705],
			"rotation": {"angle": -22.5, "axis": "y", "origin": [10.37762, 10.12238, -7.95462]},
			"faces": {
				"north": {"uv": [7.5, 3.25, 8.5, 4.25], "texture": "#1"},
				"east": {"uv": [4, 3.25, 7, 4.25], "texture": "#1"},
				"south": {"uv": [8.5, 3.25, 7.5, 4.25], "texture": "#1"},
				"west": {"uv": [4, 3.25, 7, 4.25], "rotation": 180, "texture": "#1"},
				"up": {"uv": [4, 3.25, 7, 4.25], "rotation": 90, "texture": "#1"},
				"down": {"uv": [4, 3.25, 7, 4.25], "rotation": 270, "texture": "#1"}
			}
		},
		{
			"from": [10.82978, 9.37238, -10.56671],
			"to": [12.32978, 10.87238, -6.56671],
			"rotation": {"angle": 45, "axis": "y", "origin": [10.37762, 10.12238, -7.95462]},
			"faces": {
				"north": {"uv": [11, 2.75, 13, 0.25], "rotation": 270, "texture": "#missing"},
				"east": {"uv": [6, 4.75, 4, 5.5], "texture": "#1"},
				"south": {"uv": [6, 2.75, 8, 0.25], "rotation": 270, "texture": "#missing"},
				"west": {"uv": [6, 4.75, 4, 5.5], "rotation": 180, "texture": "#1"},
				"up": {"uv": [6, 4.75, 4, 5.5], "rotation": 90, "texture": "#1"},
				"down": {"uv": [6, 4.75, 4, 5.5], "rotation": 270, "texture": "#1"}
			}
		},
		{
			"from": [3.59306, 9.12238, -9.22705],
			"to": [5.59306, 11.12238, -1.22705],
			"rotation": {"angle": 22.5, "axis": "y", "origin": [5.62238, 10.12238, -7.95462]},
			"faces": {
				"north": {"uv": [8.5, 3.25, 7.5, 4.25], "texture": "#1"},
				"east": {"uv": [7, 3.25, 4, 4.25], "rotation": 180, "texture": "#1"},
				"south": {"uv": [8.5, 3.25, 7.5, 4.25], "texture": "#1"},
				"west": {"uv": [7, 3.25, 4, 4.25], "texture": "#1"},
				"up": {"uv": [4, 4.25, 7, 3.25], "rotation": 90, "texture": "#1"},
				"down": {"uv": [4, 4.25, 7, 3.25], "rotation": 270, "texture": "#1"}
			}
		},
		{
			"from": [4.54185, 8.87238, -5.65547],
			"to": [7.04185, 11.37238, -5.15547],
			"rotation": {"angle": 22.5, "axis": "y", "origin": [6.04185, 10.37238, -4.90547]},
			"faces": {
				"north": {"uv": [12.25, 5, 11, 6.25], "rotation": 180, "texture": "#1"},
				"east": {"uv": [12.25, 5, 12, 6.25], "rotation": 180, "texture": "#1"},
				"south": {"uv": [12.25, 5, 11, 6.25], "rotation": 180, "texture": "#1"},
				"west": {"uv": [12.25, 5, 12, 6.25], "rotation": 180, "texture": "#1"},
				"up": {"uv": [12.25, 5, 12, 6.25], "rotation": 90, "texture": "#1"},
				"down": {"uv": [12.25, 5, 12, 6.25], "rotation": 90, "texture": "#1"}
			}
		},
		{
			"from": [6.75, 10.87238, -8.65547],
			"to": [9.25, 13.37238, -8.15547],
			"rotation": {"angle": 22.5, "axis": "x", "origin": [8.25, 10.37238, -4.90547]},
			"faces": {
				"north": {"uv": [12.25, 5, 11, 6.25], "rotation": 180, "texture": "#1"},
				"east": {"uv": [12.25, 5, 12, 6.25], "rotation": 180, "texture": "#1"},
				"south": {"uv": [12.25, 5, 11, 6.25], "rotation": 180, "texture": "#1"},
				"west": {"uv": [12.25, 5, 12, 6.25], "rotation": 180, "texture": "#1"},
				"up": {"uv": [12.25, 5, 12, 6.25], "rotation": 90, "texture": "#1"},
				"down": {"uv": [12.25, 5, 12, 6.25], "rotation": 90, "texture": "#1"}
			}
		},
		{
			"from": [8.95815, 8.87238, -5.65547],
			"to": [11.45815, 11.37238, -5.15547],
			"rotation": {"angle": -22.5, "axis": "y", "origin": [9.95815, 10.37238, -4.90547]},
			"faces": {
				"north": {"uv": [11, 5, 12.25, 6.25], "rotation": 180, "texture": "#1"},
				"east": {"uv": [12, 5, 12.25, 6.25], "rotation": 180, "texture": "#1"},
				"south": {"uv": [11, 5, 12.25, 6.25], "rotation": 180, "texture": "#1"},
				"west": {"uv": [12, 5, 12.25, 6.25], "rotation": 180, "texture": "#1"},
				"up": {"uv": [12.25, 6.25, 12, 5], "rotation": 90, "texture": "#1"},
				"down": {"uv": [12.25, 6.25, 12, 5], "rotation": 90, "texture": "#1"}
			}
		},
		{
			"from": [3.67022, 9.37238, -10.56671],
			"to": [5.17022, 10.87238, -6.56671],
			"rotation": {"angle": -45, "axis": "y", "origin": [5.62238, 10.12238, -7.95462]},
			"faces": {
				"north": {"uv": [11, 0.25, 13, 2.75], "rotation": 270, "texture": "#missing"},
				"east": {"uv": [4, 4.75, 6, 5.5], "rotation": 180, "texture": "#1"},
				"south": {"uv": [6, 0.25, 8, 2.75], "rotation": 270, "texture": "#missing"},
				"west": {"uv": [4, 4.75, 6, 5.5], "texture": "#1"},
				"up": {"uv": [6, 5.5, 4, 4.75], "rotation": 90, "texture": "#1"},
				"down": {"uv": [6, 5.5, 4, 4.75], "rotation": 270, "texture": "#1"}
			}
		},
		{
			"from": [7.25, 12.82978, -10.56671],
			"to": [8.75, 14.32978, -6.56671],
			"rotation": {"angle": -45, "axis": "x", "origin": [8, 12.37762, -7.95462]},
			"faces": {
				"north": {"uv": [11, 0.25, 13, 2.75], "rotation": 180, "texture": "#missing"},
				"east": {"uv": [6, 5.5, 4, 4.75], "rotation": 180, "texture": "#1"},
				"south": {"uv": [6, 0.25, 8, 2.75], "texture": "#missing"},
				"west": {"uv": [6, 5.5, 4, 4.75], "texture": "#1"},
				"up": {"uv": [4, 4.75, 6, 5.5], "rotation": 90, "texture": "#1"},
				"down": {"uv": [4, 4.75, 6, 5.5], "rotation": 270, "texture": "#1"}
			}
		},
		{
			"from": [7, 12.40694, -9.22705],
			"to": [9, 14.40694, -3.22705],
			"rotation": {"angle": 22.5, "axis": "x", "origin": [8, 12.37762, -7.95462]},
			"faces": {
				"north": {"uv": [8.5, 3.25, 7.5, 4.25], "rotation": 270, "texture": "#1"},
				"east": {"uv": [4, 4.25, 7, 3.25], "rotation": 180, "texture": "#1"},
				"south": {"uv": [6, 0.25, 8, 2.75], "texture": "#missing"},
				"west": {"uv": [4, 4.25, 7, 3.25], "texture": "#1"},
				"up": {"uv": [7, 3.25, 4, 4.25], "rotation": 90, "texture": "#1"},
				"down": {"uv": [7, 3.25, 4, 4.25], "rotation": 270, "texture": "#1"}
			}
		},
		{
			"from": [6, 7.5, 0.5],
			"to": [10, 12.5, 1.5],
			"rotation": {"angle": 0, "axis": "y", "origin": [6, 5.5, 0]},
			"faces": {
				"north": {"uv": [7, 0.25, 9, 2.75], "texture": "#1"},
				"east": {"uv": [7, 0.25, 7.25, 2.75], "texture": "#1"},
				"south": {"uv": [7, 0.25, 9, 2.75], "texture": "#1"},
				"west": {"uv": [7, 0.25, 7.25, 2.75], "texture": "#1"},
				"up": {"uv": [7, 0.25, 9, 0.5], "texture": "#1"},
				"down": {"uv": [7, 0.25, 9, 0.5], "texture": "#1"}
			}
		},
		{
			"from": [6.25, 7.75, 0],
			"to": [9.75, 12.25, 0.5],
			"rotation": {"angle": 0, "axis": "y", "origin": [6, 5.5, 0]},
			"faces": {
				"north": {"uv": [0.25, 0.25, 0.5, 2.5], "texture": "#1"},
				"east": {"uv": [0.25, 0.25, 0.5, 2.5], "texture": "#1"},
				"south": {"uv": [0.25, 0.25, 0.5, 2.5], "texture": "#1"},
				"west": {"uv": [0.25, 0.25, 0.5, 2.5], "texture": "#1"},
				"up": {"uv": [0.25, 0.5, 0.5, 2.25], "rotation": 90, "texture": "#1"},
				"down": {"uv": [0.25, 0.5, 0.5, 2.25], "rotation": 90, "texture": "#1"}
			}
		},
		{
			"from": [6.5, 8, 1.073],
			"to": [9.5, 12, 10.073],
			"rotation": {"angle": 0, "axis": "y", "origin": [8, 10, 1.573]},
			"faces": {
				"north": {"uv": [0, 0, 3, 4], "rotation": 180, "texture": "#missing"},
				"east": {"uv": [0.5, 0.5, 4.5, 9.5], "rotation": 270, "texture": "#1_0"},
				"south": {"uv": [12.5, 11.5, 15.5, 15.5], "texture": "#1_0"},
				"west": {"uv": [0.5, 0.5, 4.5, 9.5], "rotation": 90, "texture": "#1_0"},
				"up": {"uv": [4.5, 0.5, 7.5, 9.5], "rotation": 180, "texture": "#1_0"},
				"down": {"uv": [4.5, 0.5, 7.5, 9.5], "texture": "#1_0"}
			}
		},
		{
			"from": [6.5, 8, 0.073],
			"to": [9.5, 12, 1.073],
			"rotation": {"angle": 0, "axis": "y", "origin": [8, 10, 1.573]},
			"faces": {
				"north": {"uv": [0, 0, 3, 4], "rotation": 180, "texture": "#missing"},
				"east": {"uv": [0.5, 4, 4.5, 5], "rotation": 270, "texture": "#1_0"},
				"south": {"uv": [12.5, 11.5, 15.5, 15.5], "texture": "#1_0"},
				"west": {"uv": [9, 0.5, 13, 1.5], "rotation": 270, "texture": "#1_0"},
				"up": {"uv": [4.5, 4, 7.5, 5], "rotation": 180, "texture": "#1_0"},
				"down": {"uv": [4.5, 7, 7.5, 8], "rotation": 180, "texture": "#1_0"}
			}
		},
		{
			"from": [6.5, 8, -2.927],
			"to": [9.5, 12, 0.073],
			"rotation": {"angle": 0, "axis": "y", "origin": [8, 10, 1.573]},
			"faces": {
				"north": {"uv": [8.499, 7.5, 12.499, 10.5], "rotation": 270, "texture": "#1_0"},
				"east": {"uv": [8.499, 4, 12.499, 6.998], "rotation": 270, "texture": "#1_0"},
				"south": {"uv": [0, 0, 3, 4], "texture": "#missing"},
				"west": {"uv": [8.5, 0.5, 12.5, 3.5], "rotation": 90, "texture": "#1_0"},
				"up": {"uv": [12.5, 0.5, 15.5, 3.5], "rotation": 180, "texture": "#1_0"},
				"down": {"uv": [12.5, 4, 15.5, 7], "rotation": 180, "texture": "#1_0"}
			}
		}
	],
	"display": {
		"thirdperson_righthand": {
			"rotation": [59, 0, 0],
			"translation": [-0.5, -3.25, 8.15]
		},
		"thirdperson_lefthand": {
			"rotation": [67.5, 0, 0],
			"translation": [-0.5, -2.75, 8.2]
		},
		"firstperson_righthand": {
			"rotation": [4, 3, -11],
			"translation": [-4, -1.25, 6]
		},
		"firstperson_lefthand": {
			"rotation": [4, 3, -11],
			"translation": [-4, -1.25, 6]
		},
		"ground": {
			"scale": [0, 0, 0]
		},
		"gui": {
			"scale": [0, 0, 0]
		}
	},
	"groups": [
		{
			"name": "gun",
			"origin": [0, 0, 0],
			"color": 0,
			"children": [0, 1, 2, 3, 4, 5, 6, 7, 8, 9, 10, 11, 12, 13, 14, 15, 16, 17]
		},
		{
			"name": "group",
			"origin": [8, 8, 8],
			"color": 0,
			"children": [18, 19, 20]
		}
	]
}