{
	"credit": "Made with Blockbench",
	"texture_size": [32, 32],
	"textures": {
		"1": "items/weapon3",
		"1_0": "items/character"
	},
	"elements": [
		{
			"from": [6, 7.5, -6],
			"to": [10, 12.5, 0],
			"rotation": {"angle": 0, "axis": "y", "origin": [6, 5.5, 0]},
			"faces": {
				"north": {"uv": [3.75, 0.25, 6.25, 2.25], "rotation": 90, "texture": "#1"},
				"east": {"uv": [0.25, 0.25, 3.25, 2.75], "texture": "#1"},
				"south": {"uv": [3.75, 0.25, 6.25, 2.25], "rotation": 90, "texture": "#1"},
				"west": {"uv": [0.25, 0.25, 3.25, 2.75], "texture": "#1"},
				"up": {"uv": [3.75, 0.25, 6.75, 2.25], "rotation": 90, "texture": "#1"},
				"down": {"uv": [3.75, 0.25, 6.75, 2.25], "rotation": 90, "texture": "#1"}
			}
		},
		{
			"from": [7, 9.5, -16],
			"to": [9, 12, -6],
			"rotation": {"angle": 0, "axis": "y", "origin": [6, 5.5, 0]},
			"faces": {
				"north": {"uv": [13.5, 0.25, 14.5, 1.5], "texture": "#1"},
				"east": {"uv": [8, 0.25, 13, 1.5], "texture": "#1"},
				"south": {"uv": [3.25, 0.25, 5.25, 2.75], "texture": "#missing"},
				"west": {"uv": [8, 0.25, 13, 1.5], "texture": "#1"},
				"up": {"uv": [8, 1.5, 13, 2.5], "rotation": 90, "texture": "#1"},
				"down": {"uv": [8, 1.5, 13, 2.5], "rotation": 90, "texture": "#1"}
			}
		},
		{
			"from": [6.75, 12.5, -6.5],
			"to": [9.25, 15, -0.5],
			"rotation": {"angle": -45, "axis": "z", "origin": [8, 13.75, -4]},
			"faces": {
				"north": {"uv": [11, 3.25, 12.25, 4.5], "texture": "#1"},
				"east": {"uv": [8, 3.25, 11, 4.5], "texture": "#1"},
				"south": {"uv": [11, 3.25, 12.25, 4.5], "texture": "#1"},
				"west": {"uv": [8, 3.25, 11, 4.5], "texture": "#1"},
				"up": {"uv": [8, 3.25, 11, 4.5], "rotation": 90, "texture": "#1"},
				"down": {"uv": [8, 3.25, 11, 4.5], "rotation": 90, "texture": "#1"}
			}
		},
		{
			"from": [6.75, 12.5, -5.5],
			"to": [9.25, 13.5, -1.5],
			"rotation": {"angle": 0, "axis": "z", "origin": [8, 13.75, -3.5]},
			"faces": {
				"north": {"uv": [8.75, 3.75, 10, 4.25], "rotation": 180, "texture": "#1"},
				"east": {"uv": [8.5, 3.75, 10.5, 4.25], "rotation": 180, "texture": "#1"},
				"south": {"uv": [8.75, 3.75, 10, 4.25], "rotation": 180, "texture": "#1"},
				"west": {"uv": [8.5, 3.75, 10.5, 4.25], "rotation": 180, "texture": "#1"},
				"up": {"uv": [8.5, 3.5, 10.5, 4.5], "rotation": 90, "texture": "#1"},
				"down": {"uv": [8, 3.25, 11, 4.5], "rotation": 90, "texture": "#1"}
			}
		},
		{
			"from": [7.5, 7, -9],
			"to": [8.5, 9.5, -4.5],
			"rotation": {"angle": 0, "axis": "y", "origin": [6, 5.5, 0]},
			"faces": {
				"north": {"uv": [3.25, 0.25, 5.25, 2.75], "texture": "#missing"},
				"east": {"uv": [0.25, 6, 2.5, 7.25], "texture": "#1"},
				"south": {"uv": [3.25, 0.25, 5.25, 2.75], "texture": "#missing"},
				"west": {"uv": [0.25, 6, 2.5, 7.25], "texture": "#1"},
				"up": {"uv": [3.25, 0.25, 5.25, 2.75], "texture": "#missing"},
				"down": {"uv": [0.25, 6.75, 2.5, 7.25], "rotation": 270, "texture": "#1"}
			}
		},
		{
			"from": [5.25, 6.5, -11],
			"to": [9.25, 10.5, -9],
			"rotation": {"angle": -45, "axis": "z", "origin": [8, 7.75, -10.5]},
			"faces": {
				"north": {"uv": [5.5, 3.25, 7.5, 5.25], "texture": "#1"},
				"east": {"uv": [3, 3.25, 4, 5.25], "texture": "#1"},
				"south": {"uv": [5.5, 3.25, 7.5, 5.25], "texture": "#1"},
				"west": {"uv": [3, 3.25, 4, 5.25], "texture": "#1"},
				"up": {"uv": [3, 3.25, 4, 5.25], "rotation": 90, "texture": "#1"},
				"down": {"uv": [3, 3.25, 4, 5.25], "rotation": 90, "texture": "#1"}
			}
		},
		{
			"from": [5.65, 5.6, -4.5],
			"to": [10.15, 10.1, -0.5],
			"rotation": {"angle": -45, "axis": "z", "origin": [8, 7.75, -10.5]},
			"faces": {
				"north": {"uv": [0.25, 3.25, 2.5, 5.5], "rotation": 90, "texture": "#1"},
				"east": {"uv": [3, 3.25, 5, 5.5], "texture": "#1"},
				"south": {"uv": [0.25, 3.25, 2.5, 5.5], "rotation": 90, "texture": "#1"},
				"west": {"uv": [3, 3.25, 5, 5.5], "texture": "#1"},
				"up": {"uv": [3, 3.25, 5, 5.5], "rotation": 90, "texture": "#1"},
				"down": {"uv": [3, 3.25, 5, 5.5], "rotation": 90, "texture": "#1"}
			}
		},
		{
			"from": [7.5, 8, -15],
			"to": [8.5, 9.5, -11],
			"rotation": {"angle": 0, "axis": "y", "origin": [6, 5.5, 0]},
			"faces": {
				"north": {"uv": [8.5, 1.5, 8.55, 1.55], "texture": "#1"},
				"east": {"uv": [0.5, 6.25, 2.5, 7], "texture": "#1"},
				"south": {"uv": [3.25, 0.25, 5.25, 2.75], "texture": "#missing"},
				"west": {"uv": [0.25, 6.25, 2.25, 7], "texture": "#1"},
				"up": {"uv": [3.25, 0.25, 5.25, 2.75], "texture": "#missing"},
				"down": {"uv": [0.25, 6.75, 2.25, 7.25], "rotation": 270, "texture": "#1"}
			}
		},
		{
			"from": [7.5, 12, -16],
			"to": [8.5, 13.5, -12],
			"rotation": {"angle": 0, "axis": "y", "origin": [6, 5.5, 0]},
			"faces": {
				"north": {"uv": [0.5, 6.25, 0.75, 7], "texture": "#1"},
				"east": {"uv": [0.25, 6.25, 2.25, 7], "texture": "#1"},
				"south": {"uv": [0.75, 6.25, 1, 7], "texture": "#1"},
				"west": {"uv": [0.25, 6.25, 2.25, 7], "texture": "#1"},
				"up": {"uv": [0.25, 6.25, 2.25, 6.5], "rotation": 270, "texture": "#1"},
				"down": {"uv": [3.25, 0.25, 5.25, 2.75], "texture": "#missing"}
			}
		},
		{
			"from": [6, 7.5, 0.5],
			"to": [10, 12.5, 1],
			"rotation": {"angle": 0, "axis": "y", "origin": [6, 5.5, 0]},
			"faces": {
				"north": {"uv": [3.75, 0.25, 6.75, 2.25], "rotation": 90, "texture": "#1"},
				"east": {"uv": [3, 0.25, 3.25, 2.75], "texture": "#1"},
				"south": {"uv": [3.75, 0.25, 6.25, 2.25], "rotation": 90, "texture": "#1"},
				"west": {"uv": [3, 0.25, 3.25, 2.75], "texture": "#1"},
				"up": {"uv": [3.75, 0.25, 4, 2.25], "rotation": 90, "texture": "#1"},
				"down": {"uv": [3.75, 0.25, 4, 2.25], "rotation": 90, "texture": "#1"}
			}
		},
		{
			"from": [6.25, 7.75, 0],
			"to": [9.75, 12.25, 0.5],
			"rotation": {"angle": 0, "axis": "y", "origin": [6, 5.5, 0]},
			"faces": {
				"north": {"uv": [0, 0.25, 2, 2.75], "texture": "#missing"},
				"east": {"uv": [7.25, 0.25, 7.5, 2.5], "texture": "#1"},
				"south": {"uv": [2, 0.25, 4, 2.75], "texture": "#missing"},
				"west": {"uv": [7.25, 0.25, 7.5, 2.5], "texture": "#1"},
				"up": {"uv": [7.25, 0.5, 7.5, 2.25], "rotation": 90, "texture": "#1"},
				"down": {"uv": [7.25, 0.5, 7.5, 2.25], "rotation": 90, "texture": "#1"}
			}
		},
		{
			"from": [6.5, 8, 1.073],
			"to": [9.5, 12, 10.073],
			"rotation": {"angle": 0, "axis": "y", "origin": [8, 10, 1.573]},
			"faces": {
				"north": {"uv": [0, 0, 3, 4], "rotation": 180, "texture": "#missing"},
				"east": {"uv": [0.5, 0.5, 4.5, 9.5], "rotation": 270, "texture": "#1_0"},
				"south": {"uv": [12.5, 11.5, 15.5, 15.5], "texture": "#1_0"},
				"west": {"uv": [0.5, 0.5, 4.5, 9.5], "rotation": 90, "texture": "#1_0"},
				"up": {"uv": [4.5, 0.5, 7.5, 9.5], "rotation": 180, "texture": "#1_0"},
				"down": {"uv": [4.5, 0.5, 7.5, 9.5], "texture": "#1_0"}
			}
		},
		{
			"from": [6.5, 8, 0.073],
			"to": [9.5, 12, 1.073],
			"rotation": {"angle": 0, "axis": "y", "origin": [8, 10, 1.573]},
			"faces": {
				"north": {"uv": [0, 0, 3, 4], "rotation": 180, "texture": "#missing"},
				"east": {"uv": [0.5, 4, 4.5, 5], "rotation": 270, "texture": "#1_0"},
				"south": {"uv": [12.5, 11.5, 15.5, 15.5], "texture": "#1_0"},
				"west": {"uv": [9, 0.5, 13, 1.5], "rotation": 270, "texture": "#1_0"},
				"up": {"uv": [4.5, 4, 7.5, 5], "rotation": 180, "texture": "#1_0"},
				"down": {"uv": [4.5, 7, 7.5, 8], "rotation": 180, "texture": "#1_0"}
			}
		},
		{
			"from": [6.5, 8, -2.927],
			"to": [9.5, 12, 0.073],
			"rotation": {"angle": 0, "axis": "y", "origin": [8, 10, 1.573]},
			"faces": {
				"north": {"uv": [8.499, 7.5, 12.499, 10.5], "rotation": 270, "texture": "#1_0"},
				"east": {"uv": [8.499, 4, 12.499, 6.998], "rotation": 270, "texture": "#1_0"},
				"south": {"uv": [0, 0, 3, 4], "texture": "#missing"},
				"west": {"uv": [8.5, 0.5, 12.5, 3.5], "rotation": 90, "texture": "#1_0"},
				"up": {"uv": [12.5, 0.5, 15.5, 3.5], "rotation": 180, "texture": "#1_0"},
				"down": {"uv": [12.5, 4, 15.5, 7], "rotation": 180, "texture": "#1_0"}
			}
		}
	],
	"display": {
		"thirdperson_righthand": {
			"rotation": [59, 0, 0],
			"translation": [-0.5, -3.25, 8.15]
		},
		"thirdperson_lefthand": {
			"rotation": [67.5, 0, 0],
			"translation": [-0.5, -2.75, 8.2]
		},
		"firstperson_righthand": {
			"rotation": [4, 3, -11],
			"translation": [-4, -1.25, 6]
		},
		"firstperson_lefthand": {
			"rotation": [4, 3, -11],
			"translation": [-4, -1.25, 6]
		},
		"ground": {
			"scale": [0, 0, 0]
		},
		"gui": {
			"scale": [0, 0, 0]
		}
	},
	"groups": [
		{
			"name": "gun",
			"origin": [0, 0, 0],
			"color": 0,
			"children": [0, 1, 2, 3, 4, 5, 6, 7, 8, 9, 10]
		},
		{
			"name": "group",
			"origin": [8, 8, 8],
			"color": 0,
			"children": [11, 12, 13]
		}
	]
}