{
	"credit": "Made with Blockbench",
	"textures": {
		"0": "items/glove",
		"particle": "items/character",
		"1_0": "items/character"
	},
	"elements": [
		{
			"from": [-5, 9, 6],
			"to": [4, 12, 10],
			"rotation": {"angle": 0, "axis": "z", "origin": [-4.75037, 10.96401, 8]},
			"faces": {
				"north": {"uv": [7.5, 0.5, 4.5, 9.5], "rotation": 270, "texture": "#1_0"},
				"east": {"uv": [15.5, 11.5, 12.5, 15.5], "rotation": 90, "texture": "#1_0"},
				"south": {"uv": [7.5, 0.5, 4.5, 9.5], "rotation": 90, "texture": "#1_0"},
				"west": {"uv": [3, 0, 0, 4], "rotation": 90, "texture": "#missing"},
				"up": {"uv": [4.5, 0.5, 0.5, 9.5], "rotation": 90, "texture": "#1_0"},
				"down": {"uv": [4.5, 0.5, 0.5, 9.5], "rotation": 90, "texture": "#1_0"}
			}
		},
		{
			"from": [-9, 9, 6],
			"to": [-6, 12, 10],
			"rotation": {"angle": 0, "axis": "z", "origin": [-4.75037, 10.96401, 8]},
			"faces": {
				"north": {"uv": [15.5, 0.5, 12.5, 3.5], "rotation": 270, "texture": "#0"},
				"east": {"uv": [3, 0, 0, 4], "rotation": 90, "texture": "#missing"},
				"south": {"uv": [15.5, 4, 12.5, 7], "rotation": 270, "texture": "#0"},
				"west": {"uv": [8.499, 10.5, 12.499, 7.5], "rotation": 180, "texture": "#0"},
				"up": {"uv": [12.499, 4, 8.499, 6.998], "rotation": 90, "texture": "#0"},
				"down": {"uv": [12.5, 0.5, 8.5, 3.5], "rotation": 90, "texture": "#0"}
			}
		},
		{
			"from": [-6, 8.75, 5.75],
			"to": [-5, 12.25, 10.25],
			"rotation": {"angle": 0, "axis": "z", "origin": [-4.75037, 10.96401, 8]},
			"faces": {
				"north": {"uv": [5, 10.5, 0.5, 11.5], "rotation": 270, "texture": "#0"},
				"east": {"uv": [5, 10.5, 0.5, 11.5], "rotation": 90, "texture": "#0"},
				"south": {"uv": [5, 10.5, 0.5, 11.5], "rotation": 90, "texture": "#0"},
				"west": {"uv": [5, 10.5, 0.5, 11.5], "rotation": 90, "texture": "#0"},
				"up": {"uv": [5, 10.5, 0.5, 11.5], "rotation": 90, "texture": "#0"},
				"down": {"uv": [5, 10.5, 0.5, 11.5], "rotation": 90, "texture": "#0"}
			}
		},
		{
			"from": [-4, 8.75, 5.75],
			"to": [-3, 12.25, 10.25],
			"rotation": {"angle": 0, "axis": "z", "origin": [-4.75037, 10.96401, 8]},
			"faces": {
				"north": {"uv": [5, 10.5, 0.5, 11.5], "rotation": 270, "texture": "#0"},
				"east": {"uv": [5, 10.5, 0.5, 11.5], "rotation": 90, "texture": "#0"},
				"south": {"uv": [5, 10.5, 0.5, 11.5], "rotation": 90, "texture": "#0"},
				"west": {"uv": [5, 10.5, 0.5, 11.5], "rotation": 90, "texture": "#0"},
				"up": {"uv": [5, 10.5, 0.5, 11.5], "rotation": 90, "texture": "#0"},
				"down": {"uv": [5, 10.5, 0.5, 11.5], "rotation": 90, "texture": "#0"}
			}
		},
		{
			"from": [-6.5, 12, 6.75],
			"to": [-2.5, 13.5, 9.25],
			"rotation": {"angle": 0, "axis": "z", "origin": [-4.75037, 10.96401, 8]},
			"faces": {
				"north": {"uv": [2, 0.5, 0.5, 4.5], "rotation": 270, "texture": "#0"},
				"east": {"uv": [4, 2, 6.5, 0.5], "rotation": 180, "texture": "#0"},
				"south": {"uv": [3, 0.5, 1.5, 4.5], "rotation": 90, "texture": "#0"},
				"west": {"uv": [4, 2, 6.5, 0.5], "rotation": 180, "texture": "#0"},
				"up": {"uv": [3, 0.5, 0.5, 4.5], "rotation": 90, "texture": "#0"},
				"down": {"uv": [5, 10.5, 0.5, 11.5], "rotation": 90, "texture": "#0"}
			}
		},
		{
			"from": [-7.50224, 10.53407, 7.5],
			"to": [-6.50224, 11.53407, 8.5],
			"rotation": {"angle": 0, "axis": "z", "origin": [-4.75037, 10.96401, 8]},
			"faces": {
				"north": {"uv": [2.5, 5.5, 0.5, 7.5], "rotation": 270, "texture": "#0"},
				"east": {"uv": [2.5, 5.5, 0.5, 7.5], "rotation": 90, "texture": "#0"},
				"south": {"uv": [2.5, 5.5, 0.5, 7.5], "rotation": 90, "texture": "#0"},
				"west": {"uv": [2.5, 5.5, 0.5, 7.5], "rotation": 90, "texture": "#0"},
				"up": {"uv": [2.5, 5.5, 0.5, 7.5], "rotation": 90, "texture": "#0"},
				"down": {"uv": [2.5, 5.5, 0.5, 7.5], "rotation": 90, "texture": "#0"}
			}
		},
		{
			"from": [12, 9, 6],
			"to": [21, 12, 10],
			"rotation": {"angle": 0, "axis": "z", "origin": [20.5, 10.5, 8]},
			"faces": {
				"north": {"uv": [7.5, 9.5, 4.5, 0.5], "rotation": 270, "texture": "#1_0"},
				"east": {"uv": [3, 4, 0, 0], "rotation": 90, "texture": "#missing"},
				"south": {"uv": [7.5, 9.5, 4.5, 0.5], "rotation": 90, "texture": "#1_0"},
				"west": {"uv": [15.5, 15.5, 12.5, 11.5], "rotation": 90, "texture": "#1_0"},
				"up": {"uv": [4.5, 9.5, 0.5, 0.5], "rotation": 90, "texture": "#1_0"},
				"down": {"uv": [4.5, 9.5, 0.5, 0.5], "rotation": 90, "texture": "#1_0"}
			}
		},
		{
			"from": [21, 9, 6],
			"to": [22, 12, 10],
			"rotation": {"angle": 0, "axis": "z", "origin": [20.5, 10.5, 8]},
			"faces": {
				"north": {"uv": [7.5, 5, 4.5, 4], "rotation": 270, "texture": "#1_0"},
				"east": {"uv": [3, 4, 0, 0], "rotation": 90, "texture": "#missing"},
				"south": {"uv": [7.5, 8, 4.5, 7], "rotation": 270, "texture": "#1_0"},
				"west": {"uv": [15.5, 15.5, 12.5, 11.5], "rotation": 90, "texture": "#1_0"},
				"up": {"uv": [4.5, 5, 0.5, 4], "rotation": 90, "texture": "#1_0"},
				"down": {"uv": [13, 1.5, 9, 0.5], "rotation": 270, "texture": "#1_0"}
			}
		},
		{
			"from": [22, 9, 6],
			"to": [25, 12, 10],
			"rotation": {"angle": 0, "axis": "z", "origin": [20.5, 10.5, 8]},
			"faces": {
				"north": {"uv": [15.5, 3.5, 12.5, 0.5], "rotation": 270, "texture": "#1_0"},
				"east": {"uv": [12.499, 10.5, 8.499, 7.5], "rotation": 180, "texture": "#1_0"},
				"south": {"uv": [15.5, 7, 12.5, 4], "rotation": 270, "texture": "#1_0"},
				"west": {"uv": [3, 4, 0, 0], "rotation": 90, "texture": "#missing"},
				"up": {"uv": [12.499, 6.998, 8.499, 4], "rotation": 90, "texture": "#1_0"},
				"down": {"uv": [12.5, 3.5, 8.5, 0.5], "rotation": 90, "texture": "#1_0"}
			}
		}
	],
	"display": {
		"thirdperson_righthand": {
			"rotation": [67.5, 0, 0],
			"translation": [-6, -2.75, 8.1893]
		},
		"thirdperson_lefthand": {
			"rotation": [67.5, 180, 0],
			"translation": [-0.5, -2.75, 8.2],
			"scale": [0, 0, 0]
		},
		"firstperson_righthand": {
			"rotation": [137, 18, -11],
			"translation": [0, -10, 1.25]
		},
		"firstperson_lefthand": {
			"rotation": [137, 18, -11],
			"translation": [0, -0.25, 1.25],
			"scale": [0, 0, 0]
		},
		"ground": {
			"scale": [0, 0, 0]
		},
		"gui": {
			"scale": [0, 0, 0]
		}
	},
	"groups": [
		{
			"name": "carrot_on_a_stick2",
			"origin": [8, 8, 8],
			"color": 0,
			"children": [0, 1, 2, 3, 4, 5]
		},
		{
			"name": "wooden_pickaxe4",
			"origin": [8, 8, 8],
			"color": 0,
			"children": []
		},
		{
			"name": "wooden_pickaxe5",
			"origin": [8, 8, 8],
			"color": 0,
			"children": [
				{
					"name": "group",
					"origin": [14.5, 8, 14],
					"color": 0,
					"children": [6, 7, 8]
				}
			]
		}
	]
}