{
	"credit": "Made with Blockbench",
	"texture_size": [32, 32],
	"textures": {
		"1": "items/weapon9",
		"1_0": "items/character"
	},
	"elements": [
		{
			"from": [6, 7.5, -3],
			"to": [10, 12.5, 0],
			"rotation": {"angle": 0, "axis": "y", "origin": [6, 5.5, 0]},
			"faces": {
				"north": {"uv": [5, 0.5, 6.5, 2.5], "rotation": 270, "texture": "#1"},
				"east": {"uv": [0.25, 0.25, 1.75, 2.75], "texture": "#1"},
				"south": {"uv": [5, 0.5, 6.5, 2.5], "rotation": 270, "texture": "#1"},
				"west": {"uv": [0.25, 0.25, 1.75, 2.75], "rotation": 180, "texture": "#1"},
				"up": {"uv": [3, 0.5, 4.5, 2.5], "rotation": 270, "texture": "#1"},
				"down": {"uv": [3, 0.5, 4.5, 2.5], "rotation": 90, "texture": "#1"}
			}
		},
		{
			"from": [5.5, 7, -5],
			"to": [10.5, 13, -3],
			"rotation": {"angle": 0, "axis": "y", "origin": [6, 5.5, 1]},
			"faces": {
				"north": {"uv": [10, 0.25, 12.5, 3.25], "texture": "#1"},
				"east": {"uv": [12.75, 0.25, 13.75, 3.25], "texture": "#1"},
				"south": {"uv": [10, 0.25, 12.5, 3.25], "texture": "#1"},
				"west": {"uv": [12.75, 0.25, 13.75, 3.25], "texture": "#1"},
				"up": {"uv": [14, 0.25, 15, 2.75], "rotation": 90, "texture": "#1"},
				"down": {"uv": [14, 0.25, 15, 2.75], "rotation": 90, "texture": "#1"}
			}
		},
		{
			"from": [5.5, 7, -8],
			"to": [10.5, 13, -6],
			"rotation": {"angle": 0, "axis": "y", "origin": [6, 5.5, 1]},
			"faces": {
				"north": {"uv": [10, 0.25, 12.5, 3.25], "texture": "#1"},
				"east": {"uv": [12.75, 0.25, 13.75, 3.25], "texture": "#1"},
				"south": {"uv": [10, 0.25, 12.5, 3.25], "texture": "#1"},
				"west": {"uv": [12.75, 0.25, 13.75, 3.25], "texture": "#1"},
				"up": {"uv": [14, 0.25, 15, 2.75], "rotation": 90, "texture": "#1"},
				"down": {"uv": [14, 0.25, 15, 2.75], "rotation": 90, "texture": "#1"}
			}
		},
		{
			"from": [5.5, 7.5, -15],
			"to": [10.5, 12.5, -13],
			"rotation": {"angle": 0, "axis": "y", "origin": [6, 5, 1]},
			"faces": {
				"north": {"uv": [13, 3.75, 15.5, 6.25], "texture": "#1"},
				"east": {"uv": [12.75, 0.25, 13.75, 3.25], "texture": "#1"},
				"south": {"uv": [10, 0.25, 12.5, 3.25], "texture": "#1"},
				"west": {"uv": [14, 0.25, 15, 2.75], "texture": "#1"},
				"up": {"uv": [14, 0.25, 15, 2.75], "rotation": 90, "texture": "#1"},
				"down": {"uv": [14, 0.25, 15, 2.75], "rotation": 90, "texture": "#1"}
			}
		},
		{
			"from": [6, 7.5, -6],
			"to": [10, 12.5, -5],
			"rotation": {"angle": 0, "axis": "y", "origin": [6, 5.5, 1]},
			"faces": {
				"north": {"uv": [0.25, 6, 2.25, 8.5], "texture": "#1"},
				"east": {"uv": [1.25, 0.25, 1.75, 2.75], "texture": "#1"},
				"south": {"uv": [7.25, 0.25, 9.75, 2.25], "rotation": 90, "texture": "#missing"},
				"west": {"uv": [1.25, 0.25, 1.75, 2.75], "rotation": 180, "texture": "#1"},
				"up": {"uv": [3.75, 0.5, 4.25, 2.5], "rotation": 270, "texture": "#1"},
				"down": {"uv": [3.75, 0.5, 4.25, 2.5], "rotation": 270, "texture": "#1"}
			}
		},
		{
			"from": [10.75, 4.25, -5.5],
			"to": [15.25, 8.75, -0.5],
			"rotation": {"angle": 45, "axis": "z", "origin": [8, 6.25, -6.5]},
			"faces": {
				"north": {"uv": [0.25, 5.5, 2.5, 3.25], "rotation": 90, "texture": "#1"},
				"east": {"uv": [5.25, 3.25, 2.75, 5.5], "rotation": 180, "texture": "#1"},
				"south": {"uv": [2.5, 3.25, 0.25, 5.5], "rotation": 180, "texture": "#1"},
				"west": {"uv": [8.25, 3.25, 5.75, 5.5], "texture": "#1"},
				"up": {"uv": [5.75, 5.5, 8.25, 3.25], "rotation": 90, "texture": "#1"},
				"down": {"uv": [2.75, 5.5, 5.25, 3.25], "rotation": 270, "texture": "#1"}
			}
		},
		{
			"from": [11.29182, 9.90425, -10.5],
			"to": [11.79182, 10.40425, -5.5],
			"rotation": {"angle": -22.5, "axis": "z", "origin": [10.91682, 10.40425, -9.125]},
			"faces": {
				"north": {"uv": [6.25, 6, 6.5, 5.75], "rotation": 180, "texture": "#1"},
				"east": {"uv": [6.25, 6, 6.5, 8.5], "rotation": 270, "texture": "#1"},
				"south": {"uv": [2.5, 3.25, 0.25, 5.5], "rotation": 90, "texture": "#1"},
				"west": {"uv": [6.25, 6, 6.5, 8.5], "rotation": 90, "texture": "#1"},
				"up": {"uv": [6.25, 6, 6.5, 8.5], "rotation": 180, "texture": "#1"},
				"down": {"uv": [6.25, 6, 6.5, 8.5], "texture": "#1"}
			}
		},
		{
			"from": [8.79182, 9.90425, -10.5],
			"to": [11.79182, 10.40425, -10],
			"rotation": {"angle": -22.5, "axis": "z", "origin": [10.91682, 10.40425, -9.125]},
			"faces": {
				"north": {"uv": [6.25, 6, 6.5, 7.5], "rotation": 90, "texture": "#1"},
				"east": {"uv": [6.25, 6, 6.5, 5.75], "rotation": 180, "texture": "#1"},
				"south": {"uv": [6.25, 6, 6.5, 7.5], "rotation": 270, "texture": "#1"},
				"west": {"uv": [2.5, 3.25, 0.25, 5.5], "rotation": 90, "texture": "#1"},
				"up": {"uv": [6.25, 6, 6.5, 7.5], "rotation": 270, "texture": "#1"},
				"down": {"uv": [6.25, 6, 6.5, 7.5], "rotation": 270, "texture": "#1"}
			}
		},
		{
			"from": [4.30386, 9.42328, -5.5],
			"to": [7.30386, 9.92328, -5],
			"rotation": {"angle": 45, "axis": "z", "origin": [5.17886, 10.17328, -9.125]},
			"faces": {
				"north": {"uv": [6.25, 7.5, 6.5, 6], "rotation": 90, "texture": "#1"},
				"east": {"uv": [2.5, 5.5, 0.25, 3.25], "rotation": 90, "texture": "#1"},
				"south": {"uv": [6.25, 7.5, 6.5, 6], "rotation": 270, "texture": "#1"},
				"west": {"uv": [6.5, 6, 6.25, 5.75], "rotation": 180, "texture": "#1"},
				"up": {"uv": [6.25, 7.5, 6.5, 6], "rotation": 270, "texture": "#1"},
				"down": {"uv": [6.25, 7.5, 6.5, 6], "rotation": 270, "texture": "#1"}
			}
		},
		{
			"from": [4.30386, 9.42328, -10.5],
			"to": [7.30386, 9.92328, -10],
			"rotation": {"angle": 45, "axis": "z", "origin": [5.17886, 10.17328, -9.125]},
			"faces": {
				"north": {"uv": [6.25, 7.5, 6.5, 6], "rotation": 90, "texture": "#1"},
				"east": {"uv": [2.5, 5.5, 0.25, 3.25], "rotation": 90, "texture": "#1"},
				"south": {"uv": [6.25, 7.5, 6.5, 6], "rotation": 270, "texture": "#1"},
				"west": {"uv": [6.5, 6, 6.25, 5.75], "rotation": 180, "texture": "#1"},
				"up": {"uv": [6.25, 7.5, 6.5, 6], "rotation": 270, "texture": "#1"},
				"down": {"uv": [6.25, 7.5, 6.5, 6], "rotation": 270, "texture": "#1"}
			}
		},
		{
			"from": [4.30386, 9.42328, -10.5],
			"to": [4.80386, 9.92328, -5.5],
			"rotation": {"angle": 45, "axis": "z", "origin": [5.17886, 10.17328, -9.125]},
			"faces": {
				"north": {"uv": [6.5, 6, 6.25, 5.75], "rotation": 180, "texture": "#1"},
				"east": {"uv": [6.25, 8.5, 6.5, 6], "rotation": 90, "texture": "#1"},
				"south": {"uv": [2.5, 5.5, 0.25, 3.25], "rotation": 90, "texture": "#1"},
				"west": {"uv": [6.25, 8.5, 6.5, 6], "rotation": 270, "texture": "#1"},
				"up": {"uv": [6.5, 6, 6.25, 8.5], "rotation": 180, "texture": "#1"},
				"down": {"uv": [6.5, 6, 6.25, 8.5], "texture": "#1"}
			}
		},
		{
			"from": [6, 7.5, 0.5],
			"to": [10, 12.5, 1.5],
			"rotation": {"angle": 0, "axis": "y", "origin": [6, 5.5, 0]},
			"faces": {
				"north": {"uv": [5, 0.5, 6.5, 2.5], "rotation": 270, "texture": "#1"},
				"east": {"uv": [2.5, 0.25, 3, 2.75], "texture": "#1"},
				"south": {"uv": [5, 0.5, 6.5, 2.5], "rotation": 270, "texture": "#1"},
				"west": {"uv": [2.5, 0.25, 3, 2.75], "texture": "#1"},
				"up": {"uv": [6.75, 0.5, 7.25, 2.5], "rotation": 90, "texture": "#1"},
				"down": {"uv": [6.75, 0.5, 7.25, 2.5], "rotation": 90, "texture": "#1"}
			}
		},
		{
			"from": [6.25, 7.75, 0],
			"to": [9.75, 12.25, 0.5],
			"rotation": {"angle": 0, "axis": "y", "origin": [6, 5.5, 0]},
			"faces": {
				"north": {"uv": [5.75, 0.25, 6, 2.5], "texture": "#missing"},
				"east": {"uv": [9, 3.25, 9.25, 5.5], "texture": "#1"},
				"south": {"uv": [2, 0.25, 4, 2.75], "texture": "#missing"},
				"west": {"uv": [9, 3.25, 9.25, 5.5], "texture": "#1"},
				"up": {"uv": [9, 3.5, 9.25, 5.25], "rotation": 90, "texture": "#1"},
				"down": {"uv": [9, 3.5, 9.25, 5.25], "rotation": 90, "texture": "#1"}
			}
		},
		{
			"from": [7.5, 8.75, -13],
			"to": [9.5, 10.75, -8],
			"rotation": {"angle": 45, "axis": "z", "origin": [8, 9, -10.5]},
			"faces": {
				"north": {"uv": [0.25, 6, 2.75, 7], "texture": "#1"},
				"east": {"uv": [0.25, 6, 2.75, 7], "texture": "#1"},
				"south": {"uv": [0.25, 6, 2.75, 7], "texture": "#1"},
				"west": {"uv": [0.25, 6, 2.75, 7], "texture": "#1"},
				"up": {"uv": [0.25, 6, 2.75, 7], "rotation": 90, "texture": "#1"},
				"down": {"uv": [0.25, 6, 2.75, 7], "rotation": 90, "texture": "#1"}
			}
		},
		{
			"from": [6, 10.5, -13],
			"to": [7.5, 12, -8],
			"rotation": {"angle": -22.5, "axis": "z", "origin": [7, 11, -10.5]},
			"faces": {
				"north": {"uv": [3.25, 6, 5.75, 6.75], "texture": "#1"},
				"east": {"uv": [3.25, 6, 5.75, 6.75], "rotation": 180, "texture": "#1"},
				"south": {"uv": [3.25, 6, 5.75, 6.75], "texture": "#1"},
				"west": {"uv": [3.25, 6, 5.75, 6.75], "texture": "#1"},
				"up": {"uv": [3.25, 6, 5.75, 6.75], "rotation": 270, "texture": "#1"},
				"down": {"uv": [3.25, 6, 5.75, 6.75], "rotation": 90, "texture": "#1"}
			}
		},
		{
			"from": [8.5, 10.5, -13],
			"to": [10, 12, -8],
			"rotation": {"angle": 22.5, "axis": "z", "origin": [9, 11, -10.5]},
			"faces": {
				"north": {"uv": [5.75, 6, 3.25, 6.75], "texture": "#1"},
				"east": {"uv": [5.75, 6, 3.25, 6.75], "texture": "#1"},
				"south": {"uv": [5.75, 6, 3.25, 6.75], "texture": "#1"},
				"west": {"uv": [5.75, 6, 3.25, 6.75], "rotation": 180, "texture": "#1"},
				"up": {"uv": [3.25, 6.75, 5.75, 6], "rotation": 270, "texture": "#1"},
				"down": {"uv": [3.25, 6.75, 5.75, 6], "rotation": 90, "texture": "#1"}
			}
		},
		{
			"from": [8.3853, 7.87664, -13],
			"to": [9.8853, 9.37664, -8],
			"rotation": {"angle": -22.5, "axis": "z", "origin": [9.1353, 8.62664, -10.5]},
			"faces": {
				"north": {"uv": [5.75, 6, 3.25, 6.75], "texture": "#1"},
				"east": {"uv": [5.75, 6, 3.25, 6.75], "texture": "#1"},
				"south": {"uv": [5.75, 6, 3.25, 6.75], "texture": "#1"},
				"west": {"uv": [5.75, 6, 3.25, 6.75], "rotation": 180, "texture": "#1"},
				"up": {"uv": [3.25, 6.75, 5.75, 6], "rotation": 270, "texture": "#1"},
				"down": {"uv": [3.25, 6.75, 5.75, 6], "rotation": 90, "texture": "#1"}
			}
		},
		{
			"from": [6.1147, 7.87664, -13],
			"to": [7.6147, 9.37664, -8],
			"rotation": {"angle": 22.5, "axis": "z", "origin": [6.8647, 8.62664, -10.5]},
			"faces": {
				"north": {"uv": [3.25, 6, 5.75, 6.75], "texture": "#1"},
				"east": {"uv": [3.25, 6, 5.75, 6.75], "rotation": 180, "texture": "#1"},
				"south": {"uv": [3.25, 6, 5.75, 6.75], "texture": "#1"},
				"west": {"uv": [3.25, 6, 5.75, 6.75], "texture": "#1"},
				"up": {"uv": [3.25, 6, 5.75, 6.75], "rotation": 270, "texture": "#1"},
				"down": {"uv": [3.25, 6, 5.75, 6.75], "rotation": 90, "texture": "#1"}
			}
		},
		{
			"from": [6.5, 8, 1.073],
			"to": [9.5, 12, 10.073],
			"rotation": {"angle": 0, "axis": "y", "origin": [8, 10, 1.573]},
			"faces": {
				"north": {"uv": [0, 0, 3, 4], "rotation": 180, "texture": "#missing"},
				"east": {"uv": [0.5, 0.5, 4.5, 9.5], "rotation": 270, "texture": "#1_0"},
				"south": {"uv": [12.5, 11.5, 15.5, 15.5], "texture": "#1_0"},
				"west": {"uv": [0.5, 0.5, 4.5, 9.5], "rotation": 90, "texture": "#1_0"},
				"up": {"uv": [4.5, 0.5, 7.5, 9.5], "rotation": 180, "texture": "#1_0"},
				"down": {"uv": [4.5, 0.5, 7.5, 9.5], "texture": "#1_0"}
			}
		},
		{
			"from": [6.5, 8, 0.073],
			"to": [9.5, 12, 1.073],
			"rotation": {"angle": 0, "axis": "y", "origin": [8, 10, 1.573]},
			"faces": {
				"north": {"uv": [0, 0, 3, 4], "rotation": 180, "texture": "#missing"},
				"east": {"uv": [0.5, 4, 4.5, 5], "rotation": 270, "texture": "#1_0"},
				"south": {"uv": [12.5, 11.5, 15.5, 15.5], "texture": "#1_0"},
				"west": {"uv": [9, 0.5, 13, 1.5], "rotation": 270, "texture": "#1_0"},
				"up": {"uv": [4.5, 4, 7.5, 5], "rotation": 180, "texture": "#1_0"},
				"down": {"uv": [4.5, 7, 7.5, 8], "rotation": 180, "texture": "#1_0"}
			}
		},
		{
			"from": [6.5, 8, -2.927],
			"to": [9.5, 12, 0.073],
			"rotation": {"angle": 0, "axis": "y", "origin": [8, 10, 1.573]},
			"faces": {
				"north": {"uv": [8.499, 7.5, 12.499, 10.5], "rotation": 270, "texture": "#1_0"},
				"east": {"uv": [8.499, 4, 12.499, 6.998], "rotation": 270, "texture": "#1_0"},
				"south": {"uv": [0, 0, 3, 4], "texture": "#missing"},
				"west": {"uv": [8.5, 0.5, 12.5, 3.5], "rotation": 90, "texture": "#1_0"},
				"up": {"uv": [12.5, 0.5, 15.5, 3.5], "rotation": 180, "texture": "#1_0"},
				"down": {"uv": [12.5, 4, 15.5, 7], "rotation": 180, "texture": "#1_0"}
			}
		}
	],
	"display": {
		"thirdperson_righthand": {
			"rotation": [59, 0, 0],
			"translation": [-0.5, -3.25, 8.15]
		},
		"thirdperson_lefthand": {
			"rotation": [67.5, 0, 0],
			"translation": [-0.5, -2.75, 8.2]
		},
		"firstperson_righthand": {
			"rotation": [4, 3, -11],
			"translation": [-4, -1.25, 6]
		},
		"firstperson_lefthand": {
			"rotation": [4, 3, -11],
			"translation": [-4, -1.25, 6]
		},
		"ground": {
			"scale": [0, 0, 0]
		},
		"gui": {
			"scale": [0, 0, 0]
		}
	},
	"groups": [
		{
			"name": "gun",
			"origin": [0, 0, 0],
			"color": 0,
			"children": [0, 1, 2, 3, 4, 5, 6, 7, 8, 9, 10, 11, 12, 13, 14, 15, 16, 17]
		},
		{
			"name": "group",
			"origin": [8, 8, 8],
			"color": 0,
			"children": [18, 19, 20]
		}
	]
}