{
	"credit": "Made with Blockbench",
	"texture_size": [32, 32],
	"textures": {
		"1": "items/weapon10-2",
		"1_0": "items/character"
	},
	"elements": [
		{
			"from": [6, 7.5, -5],
			"to": [10, 12.5, 0],
			"rotation": {"angle": 0, "axis": "y", "origin": [6, 5.5, 0]},
			"faces": {
				"north": {"uv": [4, 2.75, 6.5, 4.75], "rotation": 270, "texture": "#1"},
				"east": {"uv": [1, 3, 3.5, 5.5], "texture": "#1"},
				"south": {"uv": [4, 0.25, 6.5, 2.25], "rotation": 90, "texture": "#1"},
				"west": {"uv": [1, 0.25, 3.5, 2.75], "rotation": 180, "texture": "#1"},
				"up": {"uv": [4, 0.25, 6.5, 2.25], "rotation": 270, "texture": "#1"},
				"down": {"uv": [4, 0.25, 6.5, 2.25], "rotation": 90, "texture": "#1"}
			}
		},
		{
			"from": [5.03033, 5.2981, -3],
			"to": [6.53033, 9.2981, -1],
			"rotation": {"angle": -45, "axis": "z", "origin": [5.78033, 7.2981, -2]},
			"faces": {
				"north": {"uv": [11.5, 1.75, 12.25, 3.75], "texture": "#1"},
				"east": {"uv": [10, 1.75, 11, 3.75], "texture": "#1"},
				"south": {"uv": [11.5, 1.75, 12.25, 3.75], "texture": "#1"},
				"west": {"uv": [10, 1.75, 11, 3.75], "texture": "#1"},
				"up": {"uv": [12.75, 1.75, 13.75, 2.5], "rotation": 90, "texture": "#1"},
				"down": {"uv": [12.75, 1.75, 13.75, 2.5], "rotation": 90, "texture": "#1"}
			}
		},
		{
			"from": [9.46967, 5.2981, -3],
			"to": [10.96967, 9.2981, -1],
			"rotation": {"angle": 45, "axis": "z", "origin": [10.21967, 7.2981, -2]},
			"faces": {
				"north": {"uv": [12.25, 1.75, 11.5, 3.75], "texture": "#1"},
				"east": {"uv": [11, 1.75, 10, 3.75], "texture": "#1"},
				"south": {"uv": [12.25, 1.75, 11.5, 3.75], "texture": "#1"},
				"west": {"uv": [11, 1.75, 10, 3.75], "texture": "#1"},
				"up": {"uv": [12.75, 2.5, 13.75, 1.75], "rotation": 90, "texture": "#1"},
				"down": {"uv": [12.75, 2.5, 13.75, 1.75], "rotation": 90, "texture": "#1"}
			}
		},
		{
			"from": [6.5, 9.5, -8],
			"to": [9.5, 12.5, -5],
			"rotation": {"angle": 0, "axis": "y", "origin": [4, 5.5, 0]},
			"faces": {
				"north": {"uv": [2, 4, 2.25, 5.5], "rotation": 180, "texture": "#1"},
				"east": {"uv": [2, 4, 3.5, 5.5], "rotation": 180, "texture": "#1"},
				"south": {"uv": [5, 0.5, 6.5, 2.5], "rotation": 270, "texture": "#missing"},
				"west": {"uv": [2, 0.25, 3.5, 1.75], "texture": "#1"},
				"up": {"uv": [1, 6, 2.5, 7.5], "rotation": 90, "texture": "#1"},
				"down": {"uv": [3, 0.5, 4.5, 2.5], "rotation": 90, "texture": "#missing"}
			}
		},
		{
			"from": [7.25, 10.75, -13],
			"to": [8.75, 12.25, -8],
			"rotation": {"angle": 0, "axis": "y", "origin": [4, 5.5, 0]},
			"faces": {
				"north": {"uv": [14.25, 1.5, 15, 2.25], "rotation": 270, "texture": "#1"},
				"east": {"uv": [12.5, 0.25, 15, 1], "rotation": 180, "texture": "#1"},
				"south": {"uv": [5, 0.5, 6.5, 2.5], "rotation": 270, "texture": "#missing"},
				"west": {"uv": [12.5, 0.25, 15, 1], "texture": "#1"},
				"up": {"uv": [12.5, 0.25, 15, 1], "rotation": 90, "texture": "#1"},
				"down": {"uv": [12.5, 0.25, 15, 1], "rotation": 270, "texture": "#1"}
			}
		},
		{
			"from": [5.25038, 10.5, -8.00092],
			"to": [7.25038, 12.5, -8.00092],
			"rotation": {"angle": -22.5, "axis": "y", "origin": [7.25038, 11.75, -8.00092]},
			"faces": {
				"north": {"uv": [14.25, 3.75, 15.25, 2.75], "rotation": 180, "texture": "#1"},
				"south": {"uv": [14.25, 3.75, 15.25, 2.75], "texture": "#1"}
			}
		},
		{
			"from": [8.74962, 10.5, -8.00092],
			"to": [10.74962, 12.5, -8.00092],
			"rotation": {"angle": 22.5, "axis": "y", "origin": [8.74962, 11.75, -8.00092]},
			"faces": {
				"north": {"uv": [15.25, 3.75, 14.25, 2.75], "rotation": 180, "texture": "#1"},
				"south": {"uv": [15.25, 3.75, 14.25, 2.75], "texture": "#1"}
			}
		},
		{
			"from": [7.75, 11.25, -15],
			"to": [8.25, 11.75, -13],
			"rotation": {"angle": 0, "axis": "y", "origin": [4, 5.5, 0]},
			"faces": {
				"north": {"uv": [13.5, 3, 13.75, 3.25], "rotation": 180, "texture": "#1"},
				"east": {"uv": [12.75, 3, 13.75, 3.25], "texture": "#1"},
				"south": {"uv": [5, 0.5, 6.5, 2.5], "rotation": 270, "texture": "#missing"},
				"west": {"uv": [12.75, 3, 13.75, 3.25], "rotation": 180, "texture": "#1"},
				"up": {"uv": [12.75, 3, 13.75, 3.25], "rotation": 270, "texture": "#1"},
				"down": {"uv": [12.75, 3, 13.75, 3.25], "rotation": 90, "texture": "#1"}
			}
		},
		{
			"from": [7.25, 7, -10.25],
			"to": [8.75, 8.5, -5.25],
			"rotation": {"angle": 0, "axis": "y", "origin": [4, 1.75, 2.75]},
			"faces": {
				"north": {"uv": [14.25, 1.5, 15, 2.25], "rotation": 270, "texture": "#1"},
				"east": {"uv": [12.75, 4.25, 15.25, 5], "rotation": 180, "texture": "#1"},
				"south": {"uv": [14.75, 0.5, 14.8, 0.55], "rotation": 270, "texture": "#1"},
				"west": {"uv": [12.75, 4.25, 15.25, 5], "texture": "#1"},
				"up": {"uv": [12.75, 4.25, 15.25, 5], "rotation": 90, "texture": "#1"},
				"down": {"uv": [12.75, 4.25, 15.25, 5], "rotation": 270, "texture": "#1"}
			}
		},
		{
			"from": [5.25038, 6.75, -5.25092],
			"to": [7.25038, 8.75, -5.25092],
			"rotation": {"angle": -22.5, "axis": "y", "origin": [7.25038, 8, -5.25092]},
			"faces": {
				"north": {"uv": [14.25, 3.75, 15.25, 2.75], "rotation": 180, "texture": "#1"},
				"south": {"uv": [14.25, 3.75, 15.25, 2.75], "texture": "#1"}
			}
		},
		{
			"from": [8.74962, 6.75, -5.25092],
			"to": [10.74962, 8.75, -5.25092],
			"rotation": {"angle": 22.5, "axis": "y", "origin": [8.74962, 8, -5.25092]},
			"faces": {
				"north": {"uv": [15.25, 3.75, 14.25, 2.75], "rotation": 180, "texture": "#1"},
				"south": {"uv": [15.25, 3.75, 14.25, 2.75], "texture": "#1"}
			}
		},
		{
			"from": [7.75, 7.5, -12.25],
			"to": [8.25, 8, -10.25],
			"rotation": {"angle": 0, "axis": "y", "origin": [4, 1.75, 2.75]},
			"faces": {
				"north": {"uv": [13.5, 3, 13.75, 3.25], "rotation": 180, "texture": "#1"},
				"east": {"uv": [12.75, 3, 13.75, 3.25], "texture": "#1"},
				"south": {"uv": [5, 0.5, 6.5, 2.5], "rotation": 270, "texture": "#missing"},
				"west": {"uv": [12.75, 3, 13.75, 3.25], "rotation": 180, "texture": "#1"},
				"up": {"uv": [12.75, 3, 13.75, 3.25], "rotation": 270, "texture": "#1"},
				"down": {"uv": [12.75, 3, 13.75, 3.25], "rotation": 90, "texture": "#1"}
			}
		},
		{
			"from": [5.75, 8.5, -10],
			"to": [10.25, 10.5, -5],
			"rotation": {"angle": 0, "axis": "y", "origin": [4, 5.5, 0]},
			"faces": {
				"north": {"uv": [9.75, 0.25, 12, 1.25], "texture": "#1"},
				"east": {"uv": [7, 0.25, 9.5, 1.25], "texture": "#1"},
				"south": {"uv": [7, 0.25, 9.5, 1.25], "texture": "#1"},
				"west": {"uv": [7, 0.25, 9.5, 1.25], "texture": "#1"},
				"up": {"uv": [7, 2, 9.5, 4.25], "rotation": 270, "texture": "#1"},
				"down": {"uv": [8, 1.5, 8.05, 1.55], "texture": "#1"}
			}
		},
		{
			"from": [7, 12.25, -6],
			"to": [9, 13.75, -1],
			"rotation": {"angle": 0, "axis": "y", "origin": [4, 5.5, 0]},
			"faces": {
				"north": {"uv": [8.5, 5, 9.5, 5.75], "texture": "#1"},
				"east": {"uv": [7, 0.5, 9.5, 1.25], "texture": "#1"},
				"south": {"uv": [8.5, 5, 9.5, 5.75], "texture": "#1"},
				"west": {"uv": [7, 0.5, 9.5, 1.25], "texture": "#1"},
				"up": {"uv": [7, 4.75, 8, 7.25], "texture": "#1"},
				"down": {"uv": [3, 0.5, 4.5, 2.5], "rotation": 90, "texture": "#missing"}
			}
		},
		{
			"from": [7, 13.75, -5.5],
			"to": [9, 15.75, -5.5],
			"rotation": {"angle": 0, "axis": "y", "origin": [4, 5.5, 0]},
			"faces": {
				"north": {"uv": [8.5, 6.25, 9.5, 7.25], "texture": "#1"},
				"east": {"uv": [0.25, 0.25, 1.75, 2.75], "texture": "#missing"},
				"south": {"uv": [8.5, 6.25, 9.5, 7.25], "texture": "#1"},
				"west": {"uv": [0.25, 0.25, 1.75, 2.75], "rotation": 180, "texture": "#missing"},
				"up": {"uv": [3, 0.5, 4.5, 2.5], "rotation": 270, "texture": "#missing"},
				"down": {"uv": [3, 0.5, 4.5, 2.5], "rotation": 90, "texture": "#missing"}
			}
		},
		{
			"from": [6, 7.5, 0.5],
			"to": [10, 12.5, 1.5],
			"rotation": {"angle": 0, "axis": "y", "origin": [6, 5.5, 0]},
			"faces": {
				"north": {"uv": [4.05, 0.3, 4.1, 0.35], "rotation": 90, "texture": "#1"},
				"east": {"uv": [1, 0.25, 1.5, 2.75], "rotation": 180, "texture": "#1"},
				"south": {"uv": [4, 5.25, 6.5, 7.25], "rotation": 90, "texture": "#1"},
				"west": {"uv": [1, 0.25, 1.5, 2.75], "texture": "#1"},
				"up": {"uv": [4, 0.25, 4.5, 2.25], "rotation": 90, "texture": "#1"},
				"down": {"uv": [4, 0.25, 4.5, 2.25], "rotation": 270, "texture": "#1"}
			}
		},
		{
			"from": [6.25, 7.75, 0],
			"to": [9.75, 12.25, 0.5],
			"rotation": {"angle": 0, "axis": "y", "origin": [6, 5.5, 0]},
			"faces": {
				"north": {"uv": [0.25, 0.25, 0.5, 2.5], "texture": "#1"},
				"east": {"uv": [0.25, 0.25, 0.5, 2.5], "texture": "#1"},
				"south": {"uv": [0.25, 0.25, 0.5, 2.5], "texture": "#1"},
				"west": {"uv": [0.25, 0.25, 0.5, 2.5], "texture": "#1"},
				"up": {"uv": [0.25, 0.5, 0.5, 2.25], "rotation": 90, "texture": "#1"},
				"down": {"uv": [0.25, 0.5, 0.5, 2.25], "rotation": 90, "texture": "#1"}
			}
		},
		{
			"from": [6.5, 8, 1.073],
			"to": [9.5, 12, 10.073],
			"rotation": {"angle": 0, "axis": "y", "origin": [8, 10, 1.573]},
			"faces": {
				"north": {"uv": [0, 0, 3, 4], "rotation": 180, "texture": "#missing"},
				"east": {"uv": [0.5, 0.5, 4.5, 9.5], "rotation": 270, "texture": "#1_0"},
				"south": {"uv": [12.5, 11.5, 15.5, 15.5], "texture": "#1_0"},
				"west": {"uv": [0.5, 0.5, 4.5, 9.5], "rotation": 90, "texture": "#1_0"},
				"up": {"uv": [4.5, 0.5, 7.5, 9.5], "rotation": 180, "texture": "#1_0"},
				"down": {"uv": [4.5, 0.5, 7.5, 9.5], "texture": "#1_0"}
			}
		},
		{
			"from": [6.5, 8, 0.073],
			"to": [9.5, 12, 1.073],
			"rotation": {"angle": 0, "axis": "y", "origin": [8, 10, 1.573]},
			"faces": {
				"north": {"uv": [0, 0, 3, 4], "rotation": 180, "texture": "#missing"},
				"east": {"uv": [0.5, 4, 4.5, 5], "rotation": 270, "texture": "#1_0"},
				"south": {"uv": [12.5, 11.5, 15.5, 15.5], "texture": "#1_0"},
				"west": {"uv": [9, 0.5, 13, 1.5], "rotation": 270, "texture": "#1_0"},
				"up": {"uv": [4.5, 4, 7.5, 5], "rotation": 180, "texture": "#1_0"},
				"down": {"uv": [4.5, 7, 7.5, 8], "rotation": 180, "texture": "#1_0"}
			}
		},
		{
			"from": [6.5, 8, -2.927],
			"to": [9.5, 12, 0.073],
			"rotation": {"angle": 0, "axis": "y", "origin": [8, 10, 1.573]},
			"faces": {
				"north": {"uv": [8.499, 7.5, 12.499, 10.5], "rotation": 270, "texture": "#1_0"},
				"east": {"uv": [8.499, 4, 12.499, 6.998], "rotation": 270, "texture": "#1_0"},
				"south": {"uv": [0, 0, 3, 4], "texture": "#missing"},
				"west": {"uv": [8.5, 0.5, 12.5, 3.5], "rotation": 90, "texture": "#1_0"},
				"up": {"uv": [12.5, 0.5, 15.5, 3.5], "rotation": 180, "texture": "#1_0"},
				"down": {"uv": [12.5, 4, 15.5, 7], "rotation": 180, "texture": "#1_0"}
			}
		}
	],
	"display": {
		"thirdperson_righthand": {
			"rotation": [59, 0, 0],
			"translation": [-0.5, -3.25, 8.15]
		},
		"thirdperson_lefthand": {
			"rotation": [67.5, 0, 0],
			"translation": [-0.5, -2.75, 8.2]
		},
		"firstperson_righthand": {
			"rotation": [4, 3, -11],
			"translation": [-4, -1.25, 6]
		},
		"firstperson_lefthand": {
			"rotation": [4, 3, -11],
			"translation": [-4, -1.25, 6]
		},
		"ground": {
			"scale": [0, 0, 0]
		},
		"gui": {
			"scale": [0, 0, 0]
		}
	},
	"groups": [
		{
			"name": "gun",
			"origin": [0, 0, 0],
			"color": 0,
			"children": [
				0,
				1,
				2,
				3,
				{
					"name": "group",
					"origin": [4, 5.5, 0],
					"color": 0,
					"children": [4, 5, 6, 7]
				},
				{
					"name": "group",
					"origin": [4, 5.5, 0],
					"color": 0,
					"children": [8, 9, 10, 11]
				},
				12,
				13,
				14,
				15,
				16
			]
		},
		{
			"name": "group",
			"origin": [8, 8, 8],
			"color": 0,
			"children": [17, 18, 19]
		}
	]
}