{
	"credit": "Made with Blockbench",
	"textures": {
		"0": "items/glove",
		"1_0": "items/character",
		"particle": "items/character",
		"2_0": "items/character"
	},
	"elements": [
		{
			"from": [-1.02538, 14.84764, 6],
			"to": [7.97462, 17.84764, 10],
			"rotation": {"angle": -45, "axis": "z", "origin": [-0.77576, 16.81166, 8]},
			"faces": {
				"north": {"uv": [7.5, 0.5, 4.5, 9.5], "rotation": 270, "texture": "#1_0"},
				"east": {"uv": [15.5, 11.5, 12.5, 15.5], "rotation": 90, "texture": "#1_0"},
				"south": {"uv": [7.5, 0.5, 4.5, 9.5], "rotation": 90, "texture": "#1_0"},
				"west": {"uv": [3, 0, 0, 4], "rotation": 90, "texture": "#missing"},
				"up": {"uv": [4.5, 0.5, 0.5, 9.5], "rotation": 90, "texture": "#1_0"},
				"down": {"uv": [4.5, 0.5, 0.5, 9.5], "rotation": 90, "texture": "#1_0"}
			}
		},
		{
			"from": [-5.02538, 14.84764, 6],
			"to": [-2.02538, 17.84764, 10],
			"rotation": {"angle": -45, "axis": "z", "origin": [-0.77576, 16.81166, 8]},
			"faces": {
				"north": {"uv": [15.5, 0.5, 12.5, 3.5], "rotation": 270, "texture": "#0"},
				"east": {"uv": [3, 0, 0, 4], "rotation": 90, "texture": "#missing"},
				"south": {"uv": [15.5, 4, 12.5, 7], "rotation": 270, "texture": "#0"},
				"west": {"uv": [8.499, 10.5, 12.499, 7.5], "rotation": 180, "texture": "#0"},
				"up": {"uv": [12.499, 4, 8.499, 6.998], "rotation": 90, "texture": "#0"},
				"down": {"uv": [12.5, 0.5, 8.5, 3.5], "rotation": 90, "texture": "#0"}
			}
		},
		{
			"from": [-2.02538, 14.59764, 5.75],
			"to": [-1.02538, 18.09764, 10.25],
			"rotation": {"angle": -45, "axis": "z", "origin": [-0.77576, 16.81166, 8]},
			"faces": {
				"north": {"uv": [5, 10.5, 0.5, 11.5], "rotation": 270, "texture": "#0"},
				"east": {"uv": [5, 10.5, 0.5, 11.5], "rotation": 90, "texture": "#0"},
				"south": {"uv": [5, 10.5, 0.5, 11.5], "rotation": 90, "texture": "#0"},
				"west": {"uv": [5, 10.5, 0.5, 11.5], "rotation": 90, "texture": "#0"},
				"up": {"uv": [5, 10.5, 0.5, 11.5], "rotation": 90, "texture": "#0"},
				"down": {"uv": [5, 10.5, 0.5, 11.5], "rotation": 90, "texture": "#0"}
			}
		},
		{
			"from": [-0.02538, 14.59764, 5.75],
			"to": [0.97462, 18.09764, 10.25],
			"rotation": {"angle": -45, "axis": "z", "origin": [-0.77576, 16.81166, 8]},
			"faces": {
				"north": {"uv": [5, 10.5, 0.5, 11.5], "rotation": 270, "texture": "#0"},
				"east": {"uv": [5, 10.5, 0.5, 11.5], "rotation": 90, "texture": "#0"},
				"south": {"uv": [5, 10.5, 0.5, 11.5], "rotation": 90, "texture": "#0"},
				"west": {"uv": [5, 10.5, 0.5, 11.5], "rotation": 90, "texture": "#0"},
				"up": {"uv": [5, 10.5, 0.5, 11.5], "rotation": 90, "texture": "#0"},
				"down": {"uv": [5, 10.5, 0.5, 11.5], "rotation": 90, "texture": "#0"}
			}
		},
		{
			"from": [-2.52538, 17.84764, 6.75],
			"to": [1.47462, 19.34764, 9.25],
			"rotation": {"angle": -45, "axis": "z", "origin": [-0.77576, 16.81166, 8]},
			"faces": {
				"north": {"uv": [2, 0.5, 0.5, 4.5], "rotation": 270, "texture": "#0"},
				"east": {"uv": [4, 2, 6.5, 0.5], "rotation": 180, "texture": "#0"},
				"south": {"uv": [3, 0.5, 1.5, 4.5], "rotation": 90, "texture": "#0"},
				"west": {"uv": [4, 2, 6.5, 0.5], "rotation": 180, "texture": "#0"},
				"up": {"uv": [3, 0.5, 0.5, 4.5], "rotation": 90, "texture": "#0"},
				"down": {"uv": [5, 10.5, 0.5, 11.5], "rotation": 90, "texture": "#0"}
			}
		},
		{
			"from": [-3.52763, 16.38171, 7.5],
			"to": [-2.52763, 17.38171, 8.5],
			"rotation": {"angle": -45, "axis": "z", "origin": [-0.77576, 16.81166, 8]},
			"faces": {
				"north": {"uv": [2.5, 5.5, 0.5, 7.5], "rotation": 270, "texture": "#0"},
				"east": {"uv": [2.5, 5.5, 0.5, 7.5], "rotation": 90, "texture": "#0"},
				"south": {"uv": [2.5, 5.5, 0.5, 7.5], "rotation": 90, "texture": "#0"},
				"west": {"uv": [2.5, 5.5, 0.5, 7.5], "rotation": 90, "texture": "#0"},
				"up": {"uv": [2.5, 5.5, 0.5, 7.5], "rotation": 90, "texture": "#0"},
				"down": {"uv": [2.5, 5.5, 0.5, 7.5], "rotation": 90, "texture": "#0"}
			}
		},
		{
			"from": [11.177, 16.56699, 6],
			"to": [20.177, 19.56699, 10],
			"rotation": {"angle": 45, "axis": "z", "origin": [20.427, 13.86699, 8]},
			"faces": {
				"north": {"uv": [7.5, 9.5, 4.5, 0.5], "rotation": 270, "texture": "#2_0"},
				"east": {"uv": [3, 4, 0, 0], "rotation": 90, "texture": "#missing"},
				"south": {"uv": [7.5, 9.5, 4.5, 0.5], "rotation": 90, "texture": "#2_0"},
				"west": {"uv": [15.5, 15.5, 12.5, 11.5], "rotation": 90, "texture": "#2_0"},
				"up": {"uv": [4.5, 9.5, 0.5, 0.5], "rotation": 90, "texture": "#2_0"},
				"down": {"uv": [4.5, 9.5, 0.5, 0.5], "rotation": 90, "texture": "#2_0"}
			}
		},
		{
			"from": [20.177, 16.56699, 6],
			"to": [21.177, 19.56699, 10],
			"rotation": {"angle": 45, "axis": "z", "origin": [20.427, 13.86699, 8]},
			"faces": {
				"north": {"uv": [7.5, 5, 4.5, 4], "rotation": 270, "texture": "#2_0"},
				"east": {"uv": [3, 4, 0, 0], "rotation": 90, "texture": "#missing"},
				"south": {"uv": [7.5, 8, 4.5, 7], "rotation": 270, "texture": "#2_0"},
				"west": {"uv": [15.5, 15.5, 12.5, 11.5], "rotation": 90, "texture": "#2_0"},
				"up": {"uv": [4.5, 5, 0.5, 4], "rotation": 90, "texture": "#2_0"},
				"down": {"uv": [13, 1.5, 9, 0.5], "rotation": 270, "texture": "#2_0"}
			}
		},
		{
			"from": [21.177, 16.56699, 6],
			"to": [24.177, 19.56699, 10],
			"rotation": {"angle": 45, "axis": "z", "origin": [20.427, 13.86699, 8]},
			"faces": {
				"north": {"uv": [15.5, 3.5, 12.5, 0.5], "rotation": 270, "texture": "#2_0"},
				"east": {"uv": [12.499, 10.5, 8.499, 7.5], "rotation": 180, "texture": "#2_0"},
				"south": {"uv": [15.5, 7, 12.5, 4], "rotation": 270, "texture": "#2_0"},
				"west": {"uv": [3, 4, 0, 0], "rotation": 90, "texture": "#missing"},
				"up": {"uv": [12.499, 6.998, 8.499, 4], "rotation": 90, "texture": "#2_0"},
				"down": {"uv": [12.5, 3.5, 8.5, 0.5], "rotation": 90, "texture": "#2_0"}
			}
		}
	],
	"display": {
		"thirdperson_righthand": {
			"rotation": [67.5, 0, 0],
			"translation": [-6, -2.75, 8.1893]
		},
		"thirdperson_lefthand": {
			"rotation": [67.5, 180, 0],
			"translation": [-0.5, -2.75, 8.2],
			"scale": [0, 0, 0]
		},
		"firstperson_righthand": {
			"rotation": [137, 18, -11],
			"translation": [0, -10, 1.25]
		},
		"firstperson_lefthand": {
			"rotation": [137, 18, -11],
			"translation": [0, -0.25, 1.25],
			"scale": [0, 0, 0]
		},
		"ground": {
			"scale": [0, 0, 0]
		},
		"gui": {
			"scale": [0, 0, 0]
		}
	},
	"groups": [
		{
			"name": "carrot_on_a_stick2",
			"origin": [8, 8, 8],
			"color": 0,
			"children": [0, 1, 2, 3, 4, 5]
		},
		{
			"name": "wooden_pickaxe7",
			"origin": [8, 8, 8],
			"color": 0,
			"children": [
				{
					"name": "group",
					"origin": [14.5, 8, 14],
					"color": 0,
					"children": [6, 7, 8]
				}
			]
		}
	]
}