{
	"credit": "Made with Blockbench",
	"textures": {
		"0": "items/glove",
		"1_0": "items/character",
		"particle": "items/character",
		"2_0": "items/character"
	},
	"elements": [
		{
			"from": [-3.93746, 5.73024, 6],
			"to": [5.06254, 8.73024, 10],
			"rotation": {"angle": 22.5, "axis": "z", "origin": [-3.68783, 7.69425, 8]},
			"faces": {
				"north": {"uv": [7.5, 0.5, 4.5, 9.5], "rotation": 270, "texture": "#1_0"},
				"east": {"uv": [15.5, 11.5, 12.5, 15.5], "rotation": 90, "texture": "#1_0"},
				"south": {"uv": [7.5, 0.5, 4.5, 9.5], "rotation": 90, "texture": "#1_0"},
				"west": {"uv": [3, 0, 0, 4], "rotation": 90, "texture": "#missing"},
				"up": {"uv": [4.5, 0.5, 0.5, 9.5], "rotation": 90, "texture": "#1_0"},
				"down": {"uv": [4.5, 0.5, 0.5, 9.5], "rotation": 90, "texture": "#1_0"}
			}
		},
		{
			"from": [-7.93746, 5.73024, 6],
			"to": [-4.93746, 8.73024, 10],
			"rotation": {"angle": 22.5, "axis": "z", "origin": [-3.68783, 7.69425, 8]},
			"faces": {
				"north": {"uv": [15.5, 0.5, 12.5, 3.5], "rotation": 270, "texture": "#0"},
				"east": {"uv": [3, 0, 0, 4], "rotation": 90, "texture": "#missing"},
				"south": {"uv": [15.5, 4, 12.5, 7], "rotation": 270, "texture": "#0"},
				"west": {"uv": [8.499, 10.5, 12.499, 7.5], "rotation": 180, "texture": "#0"},
				"up": {"uv": [12.499, 4, 8.499, 6.998], "rotation": 90, "texture": "#0"},
				"down": {"uv": [12.5, 0.5, 8.5, 3.5], "rotation": 90, "texture": "#0"}
			}
		},
		{
			"from": [-4.93746, 5.48024, 5.75],
			"to": [-3.93746, 8.98024, 10.25],
			"rotation": {"angle": 22.5, "axis": "z", "origin": [-3.68783, 7.69425, 8]},
			"faces": {
				"north": {"uv": [5, 10.5, 0.5, 11.5], "rotation": 270, "texture": "#0"},
				"east": {"uv": [5, 10.5, 0.5, 11.5], "rotation": 90, "texture": "#0"},
				"south": {"uv": [5, 10.5, 0.5, 11.5], "rotation": 90, "texture": "#0"},
				"west": {"uv": [5, 10.5, 0.5, 11.5], "rotation": 90, "texture": "#0"},
				"up": {"uv": [5, 10.5, 0.5, 11.5], "rotation": 90, "texture": "#0"},
				"down": {"uv": [5, 10.5, 0.5, 11.5], "rotation": 90, "texture": "#0"}
			}
		},
		{
			"from": [-2.93746, 5.48024, 5.75],
			"to": [-1.93746, 8.98024, 10.25],
			"rotation": {"angle": 22.5, "axis": "z", "origin": [-3.68783, 7.69425, 8]},
			"faces": {
				"north": {"uv": [5, 10.5, 0.5, 11.5], "rotation": 270, "texture": "#0"},
				"east": {"uv": [5, 10.5, 0.5, 11.5], "rotation": 90, "texture": "#0"},
				"south": {"uv": [5, 10.5, 0.5, 11.5], "rotation": 90, "texture": "#0"},
				"west": {"uv": [5, 10.5, 0.5, 11.5], "rotation": 90, "texture": "#0"},
				"up": {"uv": [5, 10.5, 0.5, 11.5], "rotation": 90, "texture": "#0"},
				"down": {"uv": [5, 10.5, 0.5, 11.5], "rotation": 90, "texture": "#0"}
			}
		},
		{
			"from": [-5.43746, 8.73024, 6.75],
			"to": [-1.43746, 10.23024, 9.25],
			"rotation": {"angle": 22.5, "axis": "z", "origin": [-3.68783, 7.69425, 8]},
			"faces": {
				"north": {"uv": [2, 0.5, 0.5, 4.5], "rotation": 270, "texture": "#0"},
				"east": {"uv": [4, 2, 6.5, 0.5], "rotation": 180, "texture": "#0"},
				"south": {"uv": [3, 0.5, 1.5, 4.5], "rotation": 90, "texture": "#0"},
				"west": {"uv": [4, 2, 6.5, 0.5], "rotation": 180, "texture": "#0"},
				"up": {"uv": [3, 0.5, 0.5, 4.5], "rotation": 90, "texture": "#0"},
				"down": {"uv": [5, 10.5, 0.5, 11.5], "rotation": 90, "texture": "#0"}
			}
		},
		{
			"from": [-6.4397, 7.2643, 7.5],
			"to": [-5.4397, 8.2643, 8.5],
			"rotation": {"angle": 22.5, "axis": "z", "origin": [-3.68783, 7.69425, 8]},
			"faces": {
				"north": {"uv": [2.5, 5.5, 0.5, 7.5], "rotation": 270, "texture": "#0"},
				"east": {"uv": [2.5, 5.5, 0.5, 7.5], "rotation": 90, "texture": "#0"},
				"south": {"uv": [2.5, 5.5, 0.5, 7.5], "rotation": 90, "texture": "#0"},
				"west": {"uv": [2.5, 5.5, 0.5, 7.5], "rotation": 90, "texture": "#0"},
				"up": {"uv": [2.5, 5.5, 0.5, 7.5], "rotation": 90, "texture": "#0"},
				"down": {"uv": [2.5, 5.5, 0.5, 7.5], "rotation": 90, "texture": "#0"}
			}
		},
		{
			"from": [10.77895, 5.86137, 6],
			"to": [19.77895, 8.86137, 10],
			"rotation": {"angle": -22.5, "axis": "z", "origin": [19.27895, 7.36137, 8]},
			"faces": {
				"north": {"uv": [7.5, 9.5, 4.5, 0.5], "rotation": 270, "texture": "#2_0"},
				"east": {"uv": [3, 4, 0, 0], "rotation": 90, "texture": "#missing"},
				"south": {"uv": [7.5, 9.5, 4.5, 0.5], "rotation": 90, "texture": "#2_0"},
				"west": {"uv": [15.5, 15.5, 12.5, 11.5], "rotation": 90, "texture": "#2_0"},
				"up": {"uv": [4.5, 9.5, 0.5, 0.5], "rotation": 90, "texture": "#2_0"},
				"down": {"uv": [4.5, 9.5, 0.5, 0.5], "rotation": 90, "texture": "#2_0"}
			}
		},
		{
			"from": [19.77895, 5.86137, 6],
			"to": [20.77895, 8.86137, 10],
			"rotation": {"angle": -22.5, "axis": "z", "origin": [19.27895, 7.36137, 8]},
			"faces": {
				"north": {"uv": [7.5, 5, 4.5, 4], "rotation": 270, "texture": "#2_0"},
				"east": {"uv": [3, 4, 0, 0], "rotation": 90, "texture": "#missing"},
				"south": {"uv": [7.5, 8, 4.5, 7], "rotation": 270, "texture": "#2_0"},
				"west": {"uv": [15.5, 15.5, 12.5, 11.5], "rotation": 90, "texture": "#2_0"},
				"up": {"uv": [4.5, 5, 0.5, 4], "rotation": 90, "texture": "#2_0"},
				"down": {"uv": [13, 1.5, 9, 0.5], "rotation": 270, "texture": "#2_0"}
			}
		},
		{
			"from": [20.77895, 5.86137, 6],
			"to": [23.77895, 8.86137, 10],
			"rotation": {"angle": -22.5, "axis": "z", "origin": [19.27895, 7.36137, 8]},
			"faces": {
				"north": {"uv": [15.5, 3.5, 12.5, 0.5], "rotation": 270, "texture": "#2_0"},
				"east": {"uv": [12.499, 10.5, 8.499, 7.5], "rotation": 180, "texture": "#2_0"},
				"south": {"uv": [15.5, 7, 12.5, 4], "rotation": 270, "texture": "#2_0"},
				"west": {"uv": [3, 4, 0, 0], "rotation": 90, "texture": "#missing"},
				"up": {"uv": [12.499, 6.998, 8.499, 4], "rotation": 90, "texture": "#2_0"},
				"down": {"uv": [12.5, 3.5, 8.5, 0.5], "rotation": 90, "texture": "#2_0"}
			}
		}
	],
	"display": {
		"thirdperson_righthand": {
			"rotation": [67.5, 0, 0],
			"translation": [-6, -2.75, 8.1893]
		},
		"thirdperson_lefthand": {
			"rotation": [67.5, 180, 0],
			"translation": [-0.5, -2.75, 8.2],
			"scale": [0, 0, 0]
		},
		"firstperson_righthand": {
			"rotation": [137, 18, -11],
			"translation": [0, -10, 1.25]
		},
		"firstperson_lefthand": {
			"rotation": [137, 18, -11],
			"translation": [0, -0.25, 1.25],
			"scale": [0, 0, 0]
		},
		"ground": {
			"scale": [0, 0, 0]
		},
		"gui": {
			"scale": [0, 0, 0]
		}
	},
	"groups": [
		{
			"name": "carrot_on_a_stick2",
			"origin": [8, 8, 8],
			"color": 0,
			"children": [0, 1, 2, 3, 4, 5]
		},
		{
			"name": "wooden_pickaxe4",
			"origin": [8, 8, 8],
			"color": 0,
			"children": [
				{
					"name": "group",
					"origin": [14.5, 8, 14],
					"color": 0,
					"children": [6, 7, 8]
				}
			]
		}
	]
}