{
	"credit": "Made with Blockbench",
	"texture_size": [32, 32],
	"textures": {
		"1": "items/weapon5",
		"1_0": "items/character"
	},
	"elements": [
		{
			"from": [6, 7.5, -4],
			"to": [10, 12.5, 0],
			"rotation": {"angle": 0, "axis": "y", "origin": [6, 5.5, 0]},
			"faces": {
				"north": {"uv": [8.75, 0.25, 10.75, 2.75], "texture": "#1"},
				"east": {"uv": [0.25, 0.25, 2.25, 2.75], "texture": "#1"},
				"south": {"uv": [0.25, 0.25, 2.25, 2.75], "texture": "#1"},
				"west": {"uv": [0.25, 0.25, 2.25, 2.75], "texture": "#1"},
				"up": {"uv": [2.75, 0.25, 4.75, 2.25], "rotation": 90, "texture": "#1"},
				"down": {"uv": [2.75, 0.25, 4.75, 2.25], "rotation": 90, "texture": "#1"}
			}
		},
		{
			"from": [6.0005, 12, -4.5],
			"to": [9.9995, 15, -3],
			"rotation": {"angle": -22.5, "axis": "x", "origin": [8.0015, 13.75, -3.25]},
			"faces": {
				"north": {"uv": [4.5, 3.25, 6.4995, 4.75], "texture": "#1"},
				"east": {"uv": [0.25, 4.25, 0.5, 4.5], "texture": "#1"},
				"south": {"uv": [2, 3.25, 3.9995, 4.75], "texture": "#1"},
				"west": {"uv": [6.5, 3.25, 7.25, 4.75], "texture": "#1"},
				"up": {"uv": [2, 3.25, 3.9995, 4], "texture": "#1"},
				"down": {"uv": [3.75, 0.25, 6.75, 2.25], "rotation": 90, "texture": "#missing"}
			}
		},
		{
			"from": [4.23202, 9, -4.15276],
			"to": [6.73202, 11.5, -2.65276],
			"rotation": {"angle": -22.5, "axis": "y", "origin": [5.48202, 10.25, -3.40276]},
			"faces": {
				"north": {"uv": [0.25, 3.25, 0.5, 4.5], "texture": "#1"},
				"east": {"uv": [0.25, 0.25, 3.25, 2.75], "texture": "#missing"},
				"south": {"uv": [0.25, 3.25, 1.5, 4.5], "texture": "#1"},
				"west": {"uv": [0.25, 3.25, 0.5, 4.5], "texture": "#1"},
				"up": {"uv": [0.25, 3.375, 1.5, 3.375], "texture": "#1"},
				"down": {"uv": [0.25, 4.25, 0.5, 4.5], "texture": "#1"}
			}
		},
		{
			"from": [6, 7.5, 1],
			"to": [10, 12.5, 2],
			"rotation": {"angle": 0, "axis": "y", "origin": [6, 5.5, 0]},
			"faces": {
				"north": {"uv": [6.25, 0.25, 8.25, 2.75], "texture": "#1"},
				"east": {"uv": [2, 0.25, 2.5, 2.75], "rotation": 180, "texture": "#1"},
				"south": {"uv": [11.25, 0.25, 13.25, 2.75], "texture": "#1"},
				"west": {"uv": [2, 0.25, 2.5, 2.75], "texture": "#1"},
				"up": {"uv": [2, 0.5, 2.5, 2.5], "rotation": 90, "texture": "#1"},
				"down": {"uv": [2, 0.5, 2.5, 2.5], "rotation": 270, "texture": "#1"}
			}
		},
		{
			"from": [6.25, 7.75, 0],
			"to": [9.75, 12.25, 1],
			"rotation": {"angle": 0, "axis": "y", "origin": [6, 5.5, 0]},
			"faces": {
				"north": {"uv": [0, 0.25, 2, 2.75], "texture": "#missing"},
				"east": {"uv": [5.25, 0.25, 5.75, 2.5], "texture": "#1"},
				"south": {"uv": [2, 0.25, 4, 2.75], "texture": "#missing"},
				"west": {"uv": [5.25, 0.25, 5.75, 2.5], "texture": "#1"},
				"up": {"uv": [5.25, 0.5, 5.75, 2.25], "rotation": 90, "texture": "#1"},
				"down": {"uv": [5.25, 0.5, 5.75, 2.25], "rotation": 90, "texture": "#1"}
			}
		},
		{
			"from": [5.25, 8.5, -2.5],
			"to": [7.25, 10.5, 1.5],
			"rotation": {"angle": 0, "axis": "y", "origin": [16, 0, 0]},
			"faces": {
				"north": {"uv": [11.25, 3.25, 10.25, 4.25], "texture": "#1"},
				"east": {"uv": [2, 0, 0, 1], "texture": "#missing"},
				"south": {"uv": [11.25, 3.25, 10.25, 4.25], "texture": "#1"},
				"west": {"uv": [9.75, 3.25, 7.75, 4.25], "texture": "#1"},
				"up": {"uv": [7.75, 5.5, 9.75, 4.5], "rotation": 90, "texture": "#1"},
				"down": {"uv": [7.75, 5.5, 9.75, 4.5], "rotation": 90, "texture": "#1"}
			}
		},
		{
			"from": [5.5, 10.5, 0.25],
			"to": [6, 11.5, 0.75],
			"rotation": {"angle": 0, "axis": "y", "origin": [16, 0, 0]},
			"faces": {
				"north": {"uv": [5.75, 1.75, 5.5, 2.25], "rotation": 180, "texture": "#1"},
				"east": {"uv": [5.75, 1.75, 5.5, 2.25], "rotation": 180, "texture": "#1"},
				"south": {"uv": [5.75, 1.75, 5.5, 2.25], "rotation": 180, "texture": "#1"},
				"west": {"uv": [5.75, 1.75, 5.5, 2.25], "rotation": 180, "texture": "#1"},
				"up": {"uv": [5.75, 1.75, 5.5, 2.25], "rotation": 180, "texture": "#1"},
				"down": {"uv": [5.75, 1.75, 5.5, 2.25], "rotation": 180, "texture": "#1"}
			}
		},
		{
			"from": [5.5, 11.5, 0.25],
			"to": [6.5, 12, 0.75],
			"rotation": {"angle": 0, "axis": "y", "origin": [16, 0, 0]},
			"faces": {
				"north": {"uv": [5.75, 1.75, 5.5, 2.25], "rotation": 90, "texture": "#1"},
				"east": {"uv": [5.75, 1.75, 5.5, 2.25], "rotation": 90, "texture": "#1"},
				"south": {"uv": [5.75, 1.75, 5.5, 2.25], "rotation": 270, "texture": "#1"},
				"west": {"uv": [5.75, 1.75, 5.5, 2], "rotation": 90, "texture": "#1"},
				"up": {"uv": [5.75, 1.75, 5.5, 2.25], "rotation": 270, "texture": "#1"},
				"down": {"uv": [5.75, 1.75, 5.5, 2.25], "rotation": 90, "texture": "#1"}
			}
		},
		{
			"from": [6.5, 8, 1.073],
			"to": [9.5, 12, 10.073],
			"rotation": {"angle": 0, "axis": "y", "origin": [8, 10, 1.573]},
			"faces": {
				"north": {"uv": [0, 0, 3, 4], "rotation": 180, "texture": "#missing"},
				"east": {"uv": [0.5, 0.5, 4.5, 9.5], "rotation": 270, "texture": "#1_0"},
				"south": {"uv": [12.5, 11.5, 15.5, 15.5], "texture": "#1_0"},
				"west": {"uv": [0.5, 0.5, 4.5, 9.5], "rotation": 90, "texture": "#1_0"},
				"up": {"uv": [4.5, 0.5, 7.5, 9.5], "rotation": 180, "texture": "#1_0"},
				"down": {"uv": [4.5, 0.5, 7.5, 9.5], "texture": "#1_0"}
			}
		},
		{
			"from": [6.5, 8, 0.073],
			"to": [9.5, 12, 1.073],
			"rotation": {"angle": 0, "axis": "y", "origin": [8, 10, 1.573]},
			"faces": {
				"north": {"uv": [0, 0, 3, 4], "rotation": 180, "texture": "#missing"},
				"east": {"uv": [0.5, 4, 4.5, 5], "rotation": 270, "texture": "#1_0"},
				"south": {"uv": [12.5, 11.5, 15.5, 15.5], "texture": "#1_0"},
				"west": {"uv": [9, 0.5, 13, 1.5], "rotation": 270, "texture": "#1_0"},
				"up": {"uv": [4.5, 4, 7.5, 5], "rotation": 180, "texture": "#1_0"},
				"down": {"uv": [4.5, 7, 7.5, 8], "rotation": 180, "texture": "#1_0"}
			}
		},
		{
			"from": [6.5, 8, -2.927],
			"to": [9.5, 12, 0.073],
			"rotation": {"angle": 0, "axis": "y", "origin": [8, 10, 1.573]},
			"faces": {
				"north": {"uv": [8.499, 7.5, 12.499, 10.5], "rotation": 270, "texture": "#1_0"},
				"east": {"uv": [8.499, 4, 12.499, 6.998], "rotation": 270, "texture": "#1_0"},
				"south": {"uv": [0, 0, 3, 4], "texture": "#missing"},
				"west": {"uv": [8.5, 0.5, 12.5, 3.5], "rotation": 90, "texture": "#1_0"},
				"up": {"uv": [12.5, 0.5, 15.5, 3.5], "rotation": 180, "texture": "#1_0"},
				"down": {"uv": [12.5, 4, 15.5, 7], "rotation": 180, "texture": "#1_0"}
			}
		}
	],
	"display": {
		"thirdperson_righthand": {
			"rotation": [59, 0, 0],
			"translation": [-0.5, -3.25, 8.15]
		},
		"thirdperson_lefthand": {
			"rotation": [67.5, 0, 0],
			"translation": [-0.5, -2.75, 8.2]
		},
		"firstperson_righthand": {
			"rotation": [4, 3, -11],
			"translation": [-4, -1.25, 6]
		},
		"firstperson_lefthand": {
			"rotation": [4, 3, -11],
			"translation": [-4, -1.25, 6]
		},
		"ground": {
			"scale": [0, 0, 0]
		},
		"gui": {
			"scale": [0, 0, 0]
		}
	},
	"groups": [
		{
			"name": "gun",
			"origin": [0, 0, 0],
			"color": 0,
			"children": [0, 1, 2, 3, 4, 5, 6, 7]
		},
		{
			"name": "group",
			"origin": [8, 8, 8],
			"color": 0,
			"children": [8, 9, 10]
		}
	]
}