{
	"parent": "item/generated",
	"textures": {
		"layer0": "item/wooden_hoe"
	},
	
	"overrides": [
		{"predicate": {"custom_model_data":1}, "model": "item/wooden_hoe1"},
		{"predicate": {"custom_model_data":2}, "model": "item/wooden_hoe2"},
                     	{"predicate": {"custom_model_data":3}, "model": "item/wooden_hoe3"},
                     	{"predicate": {"custom_model_data":4}, "model": "item/wooden_hoe4"},
                     	{"predicate": {"custom_model_data":5}, "model": "item/wooden_hoe5"},
                     	{"predicate": {"custom_model_data":6}, "model": "item/wooden_hoe6"},
                     	{"predicate": {"custom_model_data":7}, "model": "item/wooden_hoe7"},
                     	{"predicate": {"custom_model_data":8}, "model": "item/wooden_hoe8"},
                     	{"predicate": {"custom_model_data":9}, "model": "item/wooden_hoe9"},
                     	{"predicate": {"custom_model_data":10}, "model": "item/wooden_hoe10"},
                     	{"predicate": {"custom_model_data":11}, "model": "item/wooden_hoe11"},
                     	{"predicate": {"custom_model_data":12}, "model": "item/wooden_hoe12"},
                     	{"predicate": {"custom_model_data":13}, "model": "item/wooden_hoe13"},
                     	{"predicate": {"custom_model_data":14}, "model": "item/wooden_hoe14"},
                     	{"predicate": {"custom_model_data":15}, "model": "item/wooden_hoe15"},
                     	{"predicate": {"custom_model_data":16}, "model": "item/wooden_hoe16"},
                     	{"predicate": {"custom_model_data":17}, "model": "item/wooden_hoe17"},
                     	{"predicate": {"custom_model_data":18}, "model": "item/wooden_hoe18"},
                     	{"predicate": {"custom_model_data":19}, "model": "item/wooden_hoe19"},
                     	{"predicate": {"custom_model_data":20}, "model": "item/wooden_hoe20"},
                     	{"predicate": {"custom_model_data":21}, "model": "item/wooden_hoe21"},
                     	{"predicate": {"custom_model_data":22}, "model": "item/wooden_hoe22"},
                     	{"predicate": {"custom_model_data":23}, "model": "item/wooden_hoe23"},
                     	{"predicate": {"custom_model_data":24}, "model": "item/wooden_hoe24"},
                     	{"predicate": {"custom_model_data":25}, "model": "item/wooden_hoe25"},
                     	{"predicate": {"custom_model_data":26}, "model": "item/wooden_hoe26"},
                     	{"predicate": {"custom_model_data":27}, "model": "item/wooden_hoe27"},
                     	{"predicate": {"custom_model_data":28}, "model": "item/wooden_hoe28"},
                     	{"predicate": {"custom_model_data":29}, "model": "item/wooden_hoe29"},
                     	{"predicate": {"custom_model_data":30}, "model": "item/wooden_hoe30"}

                               ]
}