{
	"credit": "Made with Blockbench",
	"textures": {
		"0": "items/glove",
		"1_0": "items/character",
		"particle": "items/character",
		"2_0": "items/character"
	},
	"elements": [
		{
			"from": [-2.49088, 4.83038, 6],
			"to": [0.50912, 13.83038, 10],
			"rotation": {"angle": -45, "axis": "z", "origin": [-1.45489, 5.08, 8]},
			"faces": {
				"north": {"uv": [7.5, 0.5, 4.5, 9.5], "texture": "#1_0"},
				"east": {"uv": [4.5, 0.5, 0.5, 9.5], "texture": "#1_0"},
				"south": {"uv": [7.5, 0.5, 4.5, 9.5], "texture": "#1_0"},
				"west": {"uv": [4.5, 0.5, 0.5, 9.5], "texture": "#1_0"},
				"up": {"uv": [15.5, 11.5, 12.5, 15.5], "texture": "#1_0"},
				"down": {"uv": [3, 0, 0, 4], "texture": "#missing"}
			}
		},
		{
			"from": [-2.49088, 0.83038, 6],
			"to": [0.50912, 3.83038, 10],
			"rotation": {"angle": -45, "axis": "z", "origin": [-1.45489, 5.08, 8]},
			"faces": {
				"north": {"uv": [15.5, 0.5, 12.5, 3.5], "texture": "#0"},
				"east": {"uv": [12.5, 0.5, 8.5, 3.5], "texture": "#0"},
				"south": {"uv": [15.5, 4, 12.5, 7], "rotation": 180, "texture": "#0"},
				"west": {"uv": [12.499, 4, 8.499, 6.998], "texture": "#0"},
				"up": {"uv": [3, 0, 0, 4], "texture": "#missing"},
				"down": {"uv": [8.499, 10.5, 12.499, 7.5], "rotation": 90, "texture": "#0"}
			}
		},
		{
			"from": [-2.74088, 3.83038, 5.75],
			"to": [0.75912, 4.83038, 10.25],
			"rotation": {"angle": -45, "axis": "z", "origin": [-1.45489, 5.08, 8]},
			"faces": {
				"north": {"uv": [5, 10.5, 0.5, 11.5], "texture": "#0"},
				"east": {"uv": [5, 10.5, 0.5, 11.5], "texture": "#0"},
				"south": {"uv": [5, 10.5, 0.5, 11.5], "texture": "#0"},
				"west": {"uv": [5, 10.5, 0.5, 11.5], "texture": "#0"},
				"up": {"uv": [5, 10.5, 0.5, 11.5], "texture": "#0"},
				"down": {"uv": [5, 10.5, 0.5, 11.5], "texture": "#0"}
			}
		},
		{
			"from": [-2.74088, 5.83038, 5.75],
			"to": [0.75912, 6.83038, 10.25],
			"rotation": {"angle": -45, "axis": "z", "origin": [-1.45489, 5.08, 8]},
			"faces": {
				"north": {"uv": [5, 10.5, 0.5, 11.5], "texture": "#0"},
				"east": {"uv": [5, 10.5, 0.5, 11.5], "texture": "#0"},
				"south": {"uv": [5, 10.5, 0.5, 11.5], "texture": "#0"},
				"west": {"uv": [5, 10.5, 0.5, 11.5], "texture": "#0"},
				"up": {"uv": [5, 10.5, 0.5, 11.5], "texture": "#0"},
				"down": {"uv": [5, 10.5, 0.5, 11.5], "texture": "#0"}
			}
		},
		{
			"from": [-3.99088, 3.33038, 6.75],
			"to": [-2.49088, 7.33038, 9.25],
			"rotation": {"angle": -45, "axis": "z", "origin": [-1.45489, 5.08, 8]},
			"faces": {
				"north": {"uv": [2, 0.5, 0.5, 4.5], "texture": "#0"},
				"east": {"uv": [5, 10.5, 0.5, 11.5], "texture": "#0"},
				"south": {"uv": [3, 0.5, 1.5, 4.5], "texture": "#0"},
				"west": {"uv": [3, 0.5, 0.5, 4.5], "texture": "#0"},
				"up": {"uv": [4, 2, 6.5, 0.5], "rotation": 90, "texture": "#0"},
				"down": {"uv": [4, 2, 6.5, 0.5], "rotation": 90, "texture": "#0"}
			}
		},
		{
			"from": [-2.02495, 2.32813, 7.5],
			"to": [-1.02495, 3.32813, 8.5],
			"rotation": {"angle": -45, "axis": "z", "origin": [-1.45489, 5.08, 8]},
			"faces": {
				"north": {"uv": [2.5, 5.5, 0.5, 7.5], "texture": "#0"},
				"east": {"uv": [2.5, 5.5, 0.5, 7.5], "texture": "#0"},
				"south": {"uv": [2.5, 5.5, 0.5, 7.5], "texture": "#0"},
				"west": {"uv": [2.5, 5.5, 0.5, 7.5], "texture": "#0"},
				"up": {"uv": [2.5, 5.5, 0.5, 7.5], "texture": "#0"},
				"down": {"uv": [2.5, 5.5, 0.5, 7.5], "texture": "#0"}
			}
		},
		{
			"from": [17.3916, 2.54089, 6],
			"to": [20.3916, 11.54089, 10],
			"rotation": {"angle": 45, "axis": "z", "origin": [15.6416, 1.64089, 8]},
			"faces": {
				"north": {"uv": [4.5, 0.5, 7.5, 9.5], "texture": "#2_0"},
				"east": {"uv": [0.5, 0.5, 4.5, 9.5], "texture": "#2_0"},
				"south": {"uv": [4.5, 0.5, 7.5, 9.5], "texture": "#2_0"},
				"west": {"uv": [0.5, 0.5, 4.5, 9.5], "texture": "#2_0"},
				"up": {"uv": [12.5, 11.5, 15.5, 15.5], "texture": "#2_0"},
				"down": {"uv": [0, 0, 3, 4], "texture": "#missing"}
			}
		},
		{
			"from": [17.3916, 1.54089, 6],
			"to": [20.3916, 2.54089, 10],
			"rotation": {"angle": 45, "axis": "z", "origin": [15.6416, 1.64089, 8]},
			"faces": {
				"north": {"uv": [4.5, 4, 7.5, 5], "texture": "#2_0"},
				"east": {"uv": [0.5, 4, 4.5, 5], "texture": "#2_0"},
				"south": {"uv": [4.5, 7, 7.5, 8], "rotation": 180, "texture": "#2_0"},
				"west": {"uv": [9, 0.5, 13, 1.5], "rotation": 180, "texture": "#2_0"},
				"up": {"uv": [12.5, 11.5, 15.5, 15.5], "texture": "#2_0"},
				"down": {"uv": [0, 0, 3, 4], "texture": "#missing"}
			}
		},
		{
			"from": [17.3916, -1.45911, 6],
			"to": [20.3916, 1.54089, 10],
			"rotation": {"angle": 45, "axis": "z", "origin": [15.6416, 1.64089, 8]},
			"faces": {
				"north": {"uv": [12.5, 0.5, 15.5, 3.5], "texture": "#2_0"},
				"east": {"uv": [8.499, 4, 12.499, 6.998], "texture": "#2_0"},
				"south": {"uv": [12.5, 4, 15.5, 7], "rotation": 180, "texture": "#2_0"},
				"west": {"uv": [8.5, 0.5, 12.5, 3.5], "texture": "#2_0"},
				"up": {"uv": [0, 0, 3, 4], "texture": "#missing"},
				"down": {"uv": [8.499, 7.5, 12.499, 10.5], "rotation": 90, "texture": "#2_0"}
			}
		}
	],
	"display": {
		"thirdperson_righthand": {
			"rotation": [67.5, 0, 0],
			"translation": [-6, -2.75, 8.1893]
		},
		"thirdperson_lefthand": {
			"rotation": [67.5, 180, 0],
			"translation": [-0.5, -2.75, 8.2],
			"scale": [0, 0, 0]
		},
		"firstperson_righthand": {
			"rotation": [137, 18, -11],
			"translation": [0, -10, 1.25]
		},
		"firstperson_lefthand": {
			"rotation": [137, 18, -11],
			"translation": [0, -0.25, 1.25],
			"scale": [0, 0, 0]
		},
		"ground": {
			"scale": [0, 0, 0]
		},
		"gui": {
			"scale": [0, 0, 0]
		}
	},
	"groups": [
		{
			"name": "carrot_on_a_stick2",
			"origin": [8, 8, 8],
			"color": 0,
			"children": [0, 1, 2, 3, 4, 5]
		},
		{
			"name": "wooden_pickaxe3",
			"origin": [8, 8, 8],
			"color": 0,
			"children": [
				{
					"name": "group",
					"origin": [14.5, 8, 14],
					"color": 0,
					"children": [6, 7, 8]
				}
			]
		}
	]
}