{
	"credit": "Made with Blockbench",
	"texture_size": [32, 32],
	"textures": {
		"0": "items/pistol",
		"particle": "items/pistol",
		"1_0": "items/character"
	},
	"elements": [
		{
			"from": [6.5, 8, 9.073],
			"to": [9.5, 12, 18.073],
			"rotation": {"angle": 0, "axis": "y", "origin": [8, 10, 6.573]},
			"faces": {
				"north": {"uv": [0, 0, 3, 4], "rotation": 180, "texture": "#missing"},
				"east": {"uv": [0.5, 0.5, 4.5, 9.5], "rotation": 270, "texture": "#1_0"},
				"south": {"uv": [12.5, 11.5, 15.5, 15.5], "texture": "#1_0"},
				"west": {"uv": [0.5, 0.5, 4.5, 9.5], "rotation": 90, "texture": "#1_0"},
				"up": {"uv": [4.5, 0.5, 7.5, 9.5], "rotation": 180, "texture": "#1_0"},
				"down": {"uv": [4.5, 0.5, 7.5, 9.5], "texture": "#1_0"}
			}
		},
		{
			"from": [6.5, 8, 8.073],
			"to": [9.5, 12, 9.073],
			"rotation": {"angle": 0, "axis": "y", "origin": [8, 10, 6.573]},
			"faces": {
				"north": {"uv": [0, 0, 3, 4], "rotation": 180, "texture": "#missing"},
				"east": {"uv": [0.5, 4, 4.5, 5], "rotation": 270, "texture": "#1_0"},
				"south": {"uv": [12.5, 11.5, 15.5, 15.5], "texture": "#1_0"},
				"west": {"uv": [9, 0.5, 13, 1.5], "rotation": 270, "texture": "#1_0"},
				"up": {"uv": [4.5, 4, 7.5, 5], "rotation": 180, "texture": "#1_0"},
				"down": {"uv": [4.5, 7, 7.5, 8], "rotation": 180, "texture": "#1_0"}
			}
		},
		{
			"from": [6.5, 8, 5.073],
			"to": [9.5, 12, 8.073],
			"rotation": {"angle": 0, "axis": "y", "origin": [8, 10, 6.573]},
			"faces": {
				"north": {"uv": [8.499, 7.5, 12.499, 10.5], "rotation": 270, "texture": "#1_0"},
				"east": {"uv": [8.499, 4, 12.499, 6.998], "rotation": 270, "texture": "#1_0"},
				"south": {"uv": [0, 0, 3, 4], "texture": "#missing"},
				"west": {"uv": [8.5, 0.5, 12.5, 3.5], "rotation": 90, "texture": "#1_0"},
				"up": {"uv": [12.5, 0.5, 15.5, 3.5], "rotation": 180, "texture": "#1_0"},
				"down": {"uv": [12.5, 4, 15.5, 7], "rotation": 180, "texture": "#1_0"}
			}
		},
		{
			"from": [7.25, 8.45389, 7.67577],
			"to": [8.75, 12.57889, 9.55076],
			"rotation": {"angle": -45, "axis": "x", "origin": [8, 10.81639, 7.33827]},
			"faces": {
				"north": {"uv": [3.75, 0.25, 4.75, 3], "texture": "#0"},
				"east": {"uv": [2, 0.25, 3.25, 3], "texture": "#0"},
				"south": {"uv": [5.25, 0.25, 6.25, 3], "texture": "#0"},
				"west": {"uv": [0.25, 0.25, 1.5, 3], "texture": "#0"},
				"up": {"uv": [5, 3.5, 6.25, 4.5], "rotation": 90, "texture": "#0"},
				"down": {"uv": [5, 3.5, 6.25, 4.5], "rotation": 90, "texture": "#0"}
			}
		},
		{
			"from": [7.625, 12.78471, 7.3236],
			"to": [8.375, 13.90971, 8.4486],
			"rotation": {"angle": -45, "axis": "x", "origin": [7.625, 11.47221, 6.0111]},
			"faces": {
				"north": {"uv": [0, 0, 1, 1.5], "texture": "#missing"},
				"east": {"uv": [11.25, 0.25, 12, 1], "rotation": 270, "texture": "#0"},
				"south": {"uv": [11.775, 0.25, 12.025, 1], "texture": "#0"},
				"west": {"uv": [11.25, 0.25, 12, 1], "texture": "#0"},
				"up": {"uv": [11.775, 0.25, 12.025, 1], "texture": "#0"},
				"down": {"uv": [11.25, 0.25, 11.5, 1], "texture": "#0"}
			}
		},
		{
			"from": [6.6875, 12.10296, 3.66069],
			"to": [7.4375, 13.22796, 4.78569],
			"rotation": {"angle": 0, "axis": "x", "origin": [7.0625, 12.66546, 4.22319]},
			"faces": {
				"north": {"uv": [11.25, 0.25, 11.5, 1], "texture": "#0"},
				"east": {"uv": [11.25, 0.25, 12, 1], "rotation": 270, "texture": "#0"},
				"south": {"uv": [11.775, 0.25, 12.025, 1], "texture": "#0"},
				"west": {"uv": [11.25, 0.25, 12, 1], "texture": "#0"},
				"up": {"uv": [11.775, 0.25, 12.025, 1], "texture": "#0"},
				"down": {"uv": [11.25, 0.25, 11.5, 1], "texture": "#0"}
			}
		},
		{
			"from": [7.0625, 12.23115, 1.65803],
			"to": [8.9375, 13.73115, 7.65803],
			"rotation": {"angle": 0, "axis": "x", "origin": [7.8125, 13.38626, 5.40803]},
			"faces": {
				"north": {"uv": [9.25, 0.25, 10.5, 1.25], "texture": "#0"},
				"east": {"uv": [6.75, 0.25, 10.75, 1.25], "texture": "#0"},
				"south": {"uv": [6.75, 3.5, 7.75, 4.75], "rotation": 90, "texture": "#0"},
				"west": {"uv": [6.75, 5.25, 10.75, 6.25], "texture": "#0"},
				"up": {"uv": [6.75, 3.5, 10.75, 4.75], "rotation": 270, "texture": "#0"},
				"down": {"uv": [6.75, 1.75, 10.75, 3], "rotation": 90, "texture": "#0"}
			}
		},
		{
			"from": [7.4375, 13.35615, 0.90803],
			"to": [8.5625, 14.48115, 5.78303],
			"rotation": {"angle": 0, "axis": "x", "origin": [8.1875, 13.38626, 6.53303]},
			"faces": {
				"north": {"uv": [3.75, 3.5, 4.5, 4.25], "rotation": 180, "texture": "#0"},
				"east": {"uv": [0.25, 3.5, 3.5, 4.25], "rotation": 180, "texture": "#0"},
				"south": {"uv": [3.75, 3.5, 4.5, 4.25], "rotation": 180, "texture": "#0"},
				"west": {"uv": [0.25, 3.5, 3.5, 4.25], "texture": "#0"},
				"up": {"uv": [0.25, 3.5, 3.5, 4.25], "rotation": 90, "texture": "#0"},
				"down": {"uv": [0.25, 3.5, 3.5, 4.25], "rotation": 270, "texture": "#0"}
			}
		},
		{
			"from": [7.25, 13.16865, -0.96697],
			"to": [8.75, 14.66865, 0.90803],
			"rotation": {"angle": 0, "axis": "x", "origin": [8, 13.38626, 6.53303]},
			"faces": {
				"north": {"uv": [1.75, 4.75, 2.75, 5.75], "rotation": 90, "texture": "#0"},
				"east": {"uv": [0.5, 4.75, 1.5, 5.75], "rotation": 180, "texture": "#0"},
				"south": {"uv": [1.75, 4.75, 2.75, 5.75], "rotation": 90, "texture": "#0"},
				"west": {"uv": [0.5, 4.75, 1.5, 5.75], "texture": "#0"},
				"up": {"uv": [0.5, 4.75, 1.5, 5.75], "rotation": 90, "texture": "#0"},
				"down": {"uv": [0.5, 4.75, 1.5, 5.75], "rotation": 270, "texture": "#0"}
			}
		},
		{
			"from": [7.0625, 12.98115, -1.71697],
			"to": [8.9375, 14.85615, -0.96697],
			"rotation": {"angle": 0, "axis": "x", "origin": [8, 13.38626, 6.53303]},
			"faces": {
				"north": {"uv": [1.25, 6.25, 2.5, 7.5], "texture": "#0"},
				"east": {"uv": [0.25, 6.25, 0.75, 7.5], "texture": "#0"},
				"south": {"uv": [1.25, 6.25, 2.5, 7.5], "texture": "#0"},
				"west": {"uv": [0.25, 6.25, 0.75, 7.5], "texture": "#0"},
				"up": {"uv": [0.25, 6.25, 0.75, 7.5], "rotation": 90, "texture": "#0"},
				"down": {"uv": [0.25, 6.25, 0.75, 7.5], "rotation": 90, "texture": "#0"}
			}
		},
		{
			"from": [8, 13.88115, 5.97053],
			"to": [8, 15.38115, 7.47053],
			"rotation": {"angle": 0, "axis": "x", "origin": [8, 12.79365, 1.84553]},
			"faces": {
				"west": {"uv": [12.5, 0.25, 13.5, 1.25], "texture": "#0"}
			}
		},
		{
			"name": "cube inverted",
			"from": [8, 15.38115, 7.47053],
			"to": [8, 13.88115, 5.97053],
			"rotation": {"angle": 0, "axis": "x", "origin": [-4, 1.20635, -5.09553]},
			"faces": {
				"east": {"uv": [12.5, 1.25, 13.5, 0.25], "texture": "#0"}
			}
		},
		{
			"name": "cube inverted",
			"from": [8, 3.81073, 17.64771],
			"to": [8, 1.56073, 15.39771],
			"rotation": {"angle": -45, "axis": "x", "origin": [-4, -6.31068, 0.25854]},
			"faces": {
				"east": {"uv": [15.5, 0.25, 14, 1.75], "rotation": 90, "texture": "#0"}
			}
		},
		{
			"from": [8, 10.37321, 4.29458],
			"to": [8, 12.62321, 6.54458],
			"rotation": {"angle": -45, "axis": "x", "origin": [8, 11.49821, 5.34458]},
			"faces": {
				"west": {"uv": [14, 0.25, 15.5, 1.75], "rotation": 90, "texture": "#0"}
			}
		},
		{
			"from": [8, 11.35344, 0.16065],
			"to": [8, 13.22844, 2.03565],
			"rotation": {"angle": -22.5, "axis": "x", "origin": [8, 12.29094, 1.09815]},
			"faces": {
				"west": {"uv": [12.25, 1.75, 13.5, 3], "texture": "#0"}
			}
		},
		{
			"name": "cube inverted",
			"from": [7.99925, 11.08869, 6.671],
			"to": [7.99925, 9.21369, 4.796],
			"rotation": {"angle": -22.5, "axis": "x", "origin": [-4.00075, -0.43069, -1.96279]},
			"faces": {
				"east": {"uv": [12.25, 3, 13.5, 1.75], "texture": "#0"}
			}
		}
	],
	"display": {
		"thirdperson_righthand": {
			"rotation": [59, 0, 0],
			"translation": [-0.5, 3.75, 4.15]
		},
		"thirdperson_lefthand": {
			"rotation": [67.5, 0, 0],
			"translation": [-0.5, -2.75, 8.2]
		},
		"firstperson_righthand": {
			"rotation": [4, 3, -11],
			"translation": [-4, -1.25, -1.5]
		},
		"firstperson_lefthand": {
			"rotation": [4, 3, -11],
			"translation": [-4, -1.25, -1.5]
		},
		"ground": {
			"scale": [0, 0, 0]
		},
		"gui": {
			"scale": [0, 0, 0]
		},
		"head": {
			"rotation": [105, -180, -180],
			"translation": [-7.75, -24.75, -0.25]
		},
		"fixed": {
			"rotation": [0, -90, 0],
			"translation": [0, -1, -1.5],
			"scale": [0.75, 0.75, 0.75]
		}
	},
	"groups": [
		{
			"name": "group",
			"origin": [-8, -7.72487, -4.62737],
			"color": 0,
			"children": []
		},
		{
			"name": "group",
			"origin": [8, 5.99761, 10.79277],
			"color": 0,
			"children": []
		},
		{
			"name": "group",
			"origin": [8, 5.99761, 10.79277],
			"color": 0,
			"children": []
		},
		{
			"name": "wooden_hoe1",
			"origin": [8, 8, 8],
			"color": 0,
			"children": [
				{
					"name": "group",
					"origin": [8, 8, 8],
					"color": 0,
					"children": [0, 1, 2]
				}
			]
		},
		{
			"name": "crossbow_arrow1",
			"origin": [8, 8, 8],
			"color": 0,
			"children": [
				3,
				4,
				5,
				6,
				7,
				8,
				9,
				{
					"name": "group",
					"origin": [-8, -7.72487, -4.62737],
					"color": 0,
					"children": [10, 11]
				},
				{
					"name": "group",
					"origin": [8, 5.99761, 10.79277],
					"color": 0,
					"children": [12, 13]
				},
				{
					"name": "group",
					"origin": [-8.001, -9.90758, 1.04961],
					"color": 0,
					"children": [14, 15]
				}
			]
		}
	]
}