{
	"credit": "Made with Blockbench",
	"texture_size": [32, 32],
	"textures": {
		"0": "items/boxes",
		"particle": "items/boxes"
	},
	"elements": [
		{
			"from": [0, 0, 0],
			"to": [16, 4, 4],
			"faces": {
				"north": {"uv": [0.25, 0.25, 8.25, 2.25], "texture": "#0"},
				"east": {"uv": [6.25, 6.25, 8.25, 8.25], "texture": "#0"},
				"south": {"uv": [0.25, 0.25, 8.25, 2.25], "texture": "#0"},
				"west": {"uv": [0.25, 6.25, 2.25, 8.25], "texture": "#0"},
				"up": {"uv": [6.25, 2.25, 8.25, 6.25], "rotation": 90, "texture": "#0"},
				"down": {"uv": [0.25, 6.25, 8.25, 8.25], "texture": "#0"}
			}
		},
		{
			"from": [0, 12, 0],
			"to": [16, 16, 4],
			"faces": {
				"north": {"uv": [0.25, 0.25, 8.25, 2.25], "texture": "#0"},
				"east": {"uv": [6.25, 0.25, 8.25, 2.25], "texture": "#0"},
				"south": {"uv": [0.25, 0.25, 8.25, 2.25], "texture": "#0"},
				"west": {"uv": [0.25, 0.25, 2.25, 2.25], "texture": "#0"},
				"up": {"uv": [0.25, 0.25, 8.25, 2.25], "texture": "#0"},
				"down": {"uv": [6.25, 2.25, 8.25, 6.25], "rotation": 90, "texture": "#0"}
			}
		},
		{
			"from": [0, 0, 12],
			"to": [16, 4, 16],
			"faces": {
				"north": {"uv": [0.25, 0.25, 8.25, 2.25], "texture": "#0"},
				"east": {"uv": [0.25, 6.25, 2.25, 8.25], "texture": "#0"},
				"south": {"uv": [0.25, 6.25, 8.25, 8.25], "texture": "#0"},
				"west": {"uv": [6.25, 6.25, 8.25, 8.25], "texture": "#0"},
				"up": {"uv": [0.25, 0.25, 8.25, 2.25], "texture": "#0"},
				"down": {"uv": [0.25, 0.25, 8.25, 2.25], "texture": "#0"}
			}
		},
		{
			"from": [0, 12, 12],
			"to": [16, 16, 16],
			"faces": {
				"north": {"uv": [0.25, 0.25, 8.25, 2.25], "texture": "#0"},
				"east": {"uv": [0.25, 0.25, 2.25, 2.25], "texture": "#0"},
				"south": {"uv": [0.25, 0.25, 8.25, 2.25], "texture": "#0"},
				"west": {"uv": [6.25, 0.25, 8.25, 2.25], "texture": "#0"},
				"up": {"uv": [0.25, 6.25, 8.25, 8.25], "texture": "#0"},
				"down": {"uv": [0.25, 0.25, 8.25, 2.25], "texture": "#0"}
			}
		},
		{
			"from": [0, 0, 4],
			"to": [4, 4, 12],
			"faces": {
				"north": {"uv": [2.25, 0.25, 6.25, 2.25], "texture": "#0"},
				"east": {"uv": [2.25, 0.25, 6.25, 2.25], "texture": "#0"},
				"south": {"uv": [2.25, 0.25, 6.25, 2.25], "texture": "#0"},
				"west": {"uv": [2.25, 0.25, 6.25, 2.25], "texture": "#0"},
				"up": {"uv": [2.25, 0.25, 6.25, 2.25], "rotation": 90, "texture": "#0"},
				"down": {"uv": [6.25, 2.25, 8.25, 6.25], "texture": "#0"}
			}
		},
		{
			"from": [0, 12, 4],
			"to": [4, 16, 12],
			"faces": {
				"north": {"uv": [0, 0, 4, 4], "texture": "#missing"},
				"east": {"uv": [0.25, 2.25, 2.25, 6.25], "rotation": 90, "texture": "#0"},
				"south": {"uv": [0, 0, 4, 4], "texture": "#missing"},
				"west": {"uv": [2.25, 0.25, 6.25, 2.25], "texture": "#0"},
				"up": {"uv": [0.25, 2.25, 2.25, 6.25], "texture": "#0"},
				"down": {"uv": [6.25, 2.25, 8.25, 6.25], "texture": "#0"}
			}
		},
		{
			"from": [0, 4, 0],
			"to": [4, 12, 4],
			"rotation": {"angle": 0, "axis": "x", "origin": [8, 2, 8]},
			"faces": {
				"north": {"uv": [6.25, 2.25, 8.25, 6.25], "texture": "#0"},
				"east": {"uv": [6.25, 2.25, 8.25, 6.25], "texture": "#0"},
				"south": {"uv": [6.25, 2.25, 8.25, 6.25], "texture": "#0"},
				"west": {"uv": [0.25, 2.25, 2.25, 6.25], "texture": "#0"},
				"up": {"uv": [6.25, 2.25, 8.25, 6.25], "texture": "#0"},
				"down": {"uv": [6.25, 2.25, 8.25, 6.25], "texture": "#0"}
			}
		},
		{
			"from": [0, 4, 12],
			"to": [4, 12, 16],
			"rotation": {"angle": 0, "axis": "x", "origin": [8, 2, 8]},
			"faces": {
				"north": {"uv": [6.25, 2.25, 8.25, 6.25], "texture": "#0"},
				"east": {"uv": [6.25, 2.25, 8.25, 6.25], "texture": "#0"},
				"south": {"uv": [0.25, 2.25, 2.25, 6.25], "texture": "#0"},
				"west": {"uv": [6.25, 2.25, 8.25, 6.25], "texture": "#0"},
				"up": {"uv": [6.25, 2.25, 8.25, 6.25], "texture": "#0"},
				"down": {"uv": [6.25, 2.25, 8.25, 6.25], "texture": "#0"}
			}
		},
		{
			"from": [12, 0, 4],
			"to": [16, 4, 12],
			"faces": {
				"north": {"uv": [0, 0, 4, 4], "texture": "#missing"},
				"east": {"uv": [2.25, 0.25, 6.25, 2.25], "texture": "#0"},
				"south": {"uv": [0, 0, 4, 4], "texture": "#missing"},
				"west": {"uv": [0, 0, 8, 4], "texture": "#missing"},
				"up": {"uv": [2.25, 0.25, 6.25, 2.25], "rotation": 90, "texture": "#0"},
				"down": {"uv": [0.25, 2.25, 2.25, 6.25], "texture": "#0"}
			}
		},
		{
			"from": [12, 12, 4],
			"to": [16, 16, 12],
			"faces": {
				"north": {"uv": [0, 0, 4, 4], "texture": "#missing"},
				"east": {"uv": [2.25, 0.25, 6.25, 2.25], "texture": "#0"},
				"south": {"uv": [0, 0, 4, 4], "texture": "#missing"},
				"west": {"uv": [6.25, 2.25, 8.25, 6.25], "rotation": 90, "texture": "#0"},
				"up": {"uv": [6.25, 2.25, 8.25, 6.25], "texture": "#0"},
				"down": {"uv": [2.25, 0.25, 6.25, 2.25], "rotation": 90, "texture": "#0"}
			}
		},
		{
			"from": [12, 4, 0],
			"to": [16, 12, 4],
			"rotation": {"angle": 0, "axis": "x", "origin": [8, 2, 8]},
			"faces": {
				"north": {"uv": [0.25, 2.25, 2.25, 6.25], "texture": "#0"},
				"east": {"uv": [6.25, 2.25, 8.25, 6.25], "texture": "#0"},
				"south": {"uv": [6.25, 2.25, 8.25, 6.25], "texture": "#0"},
				"west": {"uv": [6.25, 2.25, 8.25, 6.25], "texture": "#0"},
				"up": {"uv": [6.25, 2.25, 8.25, 6.25], "texture": "#0"},
				"down": {"uv": [6.25, 2.25, 8.25, 6.25], "texture": "#0"}
			}
		},
		{
			"from": [12, 4, 12],
			"to": [16, 12, 16],
			"rotation": {"angle": 0, "axis": "x", "origin": [8, 2, 8]},
			"faces": {
				"north": {"uv": [6.25, 2.25, 8.25, 6.25], "texture": "#0"},
				"east": {"uv": [0.25, 2.25, 2.25, 6.25], "texture": "#0"},
				"south": {"uv": [6.25, 2.25, 8.25, 6.25], "texture": "#0"},
				"west": {"uv": [6.25, 2.25, 8.25, 6.25], "texture": "#0"},
				"up": {"uv": [6.25, 2.25, 8.25, 6.25], "texture": "#0"},
				"down": {"uv": [6.25, 2.25, 8.25, 6.25], "texture": "#0"}
			}
		},
		{
			"from": [1, 1, 1],
			"to": [15, 15, 15],
			"rotation": {"angle": 0, "axis": "x", "origin": [1, 1, 1]},
			"faces": {
				"north": {"uv": [0.25, 8.75, 7.25, 15.75], "texture": "#0"},
				"east": {"uv": [0.25, 8.75, 7.25, 15.75], "texture": "#0"},
				"south": {"uv": [0.25, 8.75, 7.25, 15.75], "texture": "#0"},
				"west": {"uv": [0.25, 8.75, 7.25, 15.75], "texture": "#0"},
				"up": {"uv": [0.25, 8.75, 7.25, 15.75], "texture": "#0"},
				"down": {"uv": [0.25, 8.75, 7.25, 15.75], "texture": "#0"}
			}
		}
	],
	"display": {
		"thirdperson_righthand": {
			"rotation": [75, 45, 0],
			"translation": [0, 2.5, 0],
			"scale": [0.375, 0.375, 0.375]
		},
		"head": {
			"translation": [0, -13.25, 0],
			"scale": [2.29, 2.29, 2.29]
		}
	}
}