{
	"credit": "Made with Blockbench",
	"texture_size": [32, 32],
	"textures": {
		"0": "items/table1",
		"particle": "items/table1"
	},
	"elements": [
		{
			"from": [0, 14, 0],
			"to": [16, 16, 16],
			"faces": {
				"north": {"uv": [8.75, 0.25, 9.75, 8.25], "rotation": 90, "texture": "#0"},
				"east": {"uv": [8.75, 0.25, 9.75, 8.25], "rotation": 90, "texture": "#0"},
				"south": {"uv": [8.75, 0.25, 9.75, 8.25], "rotation": 90, "texture": "#0"},
				"west": {"uv": [8.75, 0.25, 9.75, 8.25], "rotation": 90, "texture": "#0"},
				"up": {"uv": [0.25, 0.25, 8.25, 8.25], "texture": "#0"},
				"down": {"uv": [0.25, 0.25, 8.25, 8.25], "texture": "#0"}
			}
		},
		{
			"from": [4, 0, 4],
			"to": [12, 2, 12],
			"rotation": {"angle": 0, "axis": "y", "origin": [4, 0, 4]},
			"faces": {
				"north": {"uv": [4.75, 8.75, 8.75, 9.75], "rotation": 180, "texture": "#0"},
				"east": {"uv": [4.75, 8.75, 8.75, 9.75], "rotation": 180, "texture": "#0"},
				"south": {"uv": [4.75, 8.75, 8.75, 9.75], "rotation": 180, "texture": "#0"},
				"west": {"uv": [4.75, 8.75, 8.75, 9.75], "rotation": 180, "texture": "#0"},
				"up": {"uv": [0.25, 8.75, 4.25, 12.75], "texture": "#0"},
				"down": {"uv": [0.25, 8.75, 4.25, 12.75], "texture": "#0"}
			}
		},
		{
			"from": [6.5, 2, 6.5],
			"to": [9.5, 14, 9.5],
			"rotation": {"angle": 0, "axis": "y", "origin": [6.5, 0, 6.5]},
			"faces": {
				"north": {"uv": [10.25, 0.25, 11.75, 6.25], "texture": "#0"},
				"east": {"uv": [10.25, 0.25, 11.75, 6.25], "texture": "#0"},
				"south": {"uv": [10.25, 0.25, 11.75, 6.25], "texture": "#0"},
				"west": {"uv": [10.25, 0.25, 11.75, 6.25], "texture": "#0"},
				"up": {"uv": [0, 0, 3, 3], "texture": "#missing"},
				"down": {"uv": [0, 0, 3, 3], "texture": "#missing"}
			}
		}
	],
	"display": {
		"thirdperson_righthand": {
			"rotation": [75, 45, 0],
			"translation": [0, 2.5, 0],
			"scale": [0.375, 0.375, 0.375]
		},
		"thirdperson_lefthand": {
			"rotation": [75, 45, 0],
			"translation": [0, 2.5, 0],
			"scale": [0.375, 0.375, 0.375]
		},
		"firstperson_righthand": {
			"rotation": [0, 45, 0],
			"scale": [0.4, 0.4, 0.4]
		},
		"firstperson_lefthand": {
			"rotation": [0, 225, 0],
			"scale": [0.4, 0.4, 0.4]
		},
		"ground": {
			"translation": [0, 3, 0],
			"scale": [0.25, 0.25, 0.25]
		},
		"gui": {
			"rotation": [30, 225, 0],
			"scale": [0.625, 0.625, 0.625]
		},
		"fixed": {
			"scale": [0.5, 0.5, 0.5]
		}
	}
}