{
	"credit": "Made with Blockbench",
	"texture_size": [32, 32],
	"textures": {
		"0": "items/chair1",
		"particle": "items/chair1"
	},
	"elements": [
		{
			"from": [3, 7.5, 3],
			"to": [13, 9.5, 13],
			"rotation": {"angle": 0, "axis": "y", "origin": [11, 16.5, 11]},
			"faces": {
				"north": {"uv": [8.25, 2.75, 9.25, 7.75], "rotation": 90, "texture": "#0"},
				"east": {"uv": [8.25, 2.75, 9.25, 7.75], "rotation": 90, "texture": "#0"},
				"south": {"uv": [8.25, 2.75, 9.25, 7.75], "rotation": 90, "texture": "#0"},
				"west": {"uv": [8.25, 2.75, 9.25, 7.75], "rotation": 90, "texture": "#0"},
				"up": {"uv": [2.75, 2.75, 7.75, 7.75], "rotation": 180, "texture": "#0"},
				"down": {"uv": [2.75, 2.75, 7.75, 7.75], "rotation": 180, "texture": "#0"}
			}
		},
		{
			"from": [4, 0, 4],
			"to": [6, 8, 6],
			"rotation": {"angle": 0, "axis": "y", "origin": [5, 16.5, 11]},
			"faces": {
				"north": {"uv": [1.25, 0.25, 0.25, 4.25], "texture": "#0"},
				"east": {"uv": [1.25, 0.25, 0.25, 4.25], "texture": "#0"},
				"south": {"uv": [1.25, 0.25, 0.25, 4.25], "texture": "#0"},
				"west": {"uv": [1.25, 0.25, 0.25, 4.25], "texture": "#0"},
				"up": {"uv": [1.25, 0.25, 0.25, 4.25], "texture": "#0"},
				"down": {"uv": [1.25, 0.25, 0.25, 4.25], "texture": "#0"}
			}
		},
		{
			"from": [10, 0, 4],
			"to": [12, 8, 6],
			"rotation": {"angle": 0, "axis": "y", "origin": [11, 16.5, 11]},
			"faces": {
				"north": {"uv": [1.25, 0.25, 0.25, 4.25], "texture": "#0"},
				"east": {"uv": [1.25, 0.25, 0.25, 4.25], "texture": "#0"},
				"south": {"uv": [1.25, 0.25, 0.25, 4.25], "texture": "#0"},
				"west": {"uv": [1.25, 0.25, 0.25, 4.25], "texture": "#0"},
				"up": {"uv": [1.25, 0.25, 0.25, 4.25], "texture": "#0"},
				"down": {"uv": [1.25, 0.25, 0.25, 4.25], "texture": "#0"}
			}
		},
		{
			"from": [4, 0, 10],
			"to": [6, 8, 12],
			"rotation": {"angle": 0, "axis": "y", "origin": [5, 16.5, 5]},
			"faces": {
				"north": {"uv": [1.25, 0.25, 0.25, 4.25], "texture": "#0"},
				"east": {"uv": [1.25, 0.25, 0.25, 4.25], "texture": "#0"},
				"south": {"uv": [1.25, 0.25, 0.25, 4.25], "texture": "#0"},
				"west": {"uv": [1.25, 0.25, 0.25, 4.25], "texture": "#0"},
				"up": {"uv": [1.25, 0.25, 0.25, 4.25], "texture": "#0"},
				"down": {"uv": [1.25, 0.25, 0.25, 4.25], "texture": "#0"}
			}
		},
		{
			"from": [10, 0, 10],
			"to": [12, 8, 12],
			"rotation": {"angle": 0, "axis": "y", "origin": [11, 16.5, 5]},
			"faces": {
				"north": {"uv": [1.25, 0.25, 0.25, 4.25], "texture": "#0"},
				"east": {"uv": [1.25, 0.25, 0.25, 4.25], "texture": "#0"},
				"south": {"uv": [1.25, 0.25, 0.25, 4.25], "texture": "#0"},
				"west": {"uv": [1.25, 0.25, 0.25, 4.25], "texture": "#0"},
				"up": {"uv": [1.25, 0.25, 0.25, 4.25], "texture": "#0"},
				"down": {"uv": [1.25, 0.25, 0.25, 4.25], "texture": "#0"}
			}
		},
		{
			"from": [3, 15, 10.5],
			"to": [13, 21, 12.5],
			"rotation": {"angle": 0, "axis": "y", "origin": [11, 27.5, 5]},
			"faces": {
				"north": {"uv": [0.25, 8.25, 5.25, 11.25], "texture": "#0"},
				"east": {"uv": [5.75, 8.25, 6.75, 11.25], "texture": "#0"},
				"south": {"uv": [0.25, 8.25, 5.25, 11.25], "texture": "#0"},
				"west": {"uv": [5.75, 8.25, 6.75, 11.25], "texture": "#0"},
				"up": {"uv": [8.25, 3, 9.25, 7.5], "rotation": 90, "texture": "#0"},
				"down": {"uv": [8.25, 3, 9.25, 7.5], "rotation": 90, "texture": "#0"}
			}
		},
		{
			"from": [10.5, 3.5, 6],
			"to": [11.5, 5.5, 10],
			"rotation": {"angle": 0, "axis": "y", "origin": [10.5, 15.5, 15]},
			"faces": {
				"north": {"uv": [11, 1.5, 13, 2.5], "texture": "#missing"},
				"east": {"uv": [1.75, 0.25, 3.75, 1.25], "texture": "#0"},
				"south": {"uv": [11, 1.5, 13, 2.5], "texture": "#missing"},
				"west": {"uv": [1.75, 0.25, 3.75, 1.25], "texture": "#0"},
				"up": {"uv": [3.75, 0.25, 1.75, 0.3], "rotation": 90, "texture": "#0"},
				"down": {"uv": [3.75, 1.25, 1.75, 1.3], "rotation": 90, "texture": "#0"}
			}
		},
		{
			"from": [6, 3.5, 10.5],
			"to": [10, 5.5, 11.5],
			"rotation": {"angle": 0, "axis": "y", "origin": [1, 15.5, 10.5]},
			"faces": {
				"north": {"uv": [1.75, 0.25, 3.75, 1.25], "texture": "#0"},
				"east": {"uv": [11, 1.5, 13, 2.5], "texture": "#missing"},
				"south": {"uv": [1.75, 0.25, 3.75, 1.25], "texture": "#0"},
				"west": {"uv": [11, 1.5, 13, 2.5], "texture": "#missing"},
				"up": {"uv": [3.75, 0.25, 1.75, 0.3], "rotation": 180, "texture": "#0"},
				"down": {"uv": [3.75, 1.25, 1.75, 1.3], "texture": "#0"}
			}
		},
		{
			"from": [4.5, 3.5, 6],
			"to": [5.5, 5.5, 10],
			"rotation": {"angle": 0, "axis": "y", "origin": [5.5, 15.5, 15]},
			"faces": {
				"north": {"uv": [13, 1.5, 11, 2.5], "texture": "#missing"},
				"east": {"uv": [3.75, 0.25, 1.75, 1.25], "texture": "#0"},
				"south": {"uv": [13, 1.5, 11, 2.5], "texture": "#missing"},
				"west": {"uv": [3.75, 0.25, 1.75, 1.25], "texture": "#0"},
				"up": {"uv": [3.75, 0.3, 1.75, 0.25], "rotation": 90, "texture": "#0"},
				"down": {"uv": [3.75, 1.3, 1.75, 1.25], "rotation": 90, "texture": "#0"}
			}
		},
		{
			"from": [6, 3.5, 4.5],
			"to": [10, 5.5, 5.5],
			"rotation": {"angle": 0, "axis": "y", "origin": [1, 15.5, 5.5]},
			"faces": {
				"north": {"uv": [3.75, 0.25, 1.75, 1.25], "texture": "#0"},
				"east": {"uv": [13, 1.5, 11, 2.5], "texture": "#missing"},
				"south": {"uv": [3.75, 0.25, 1.75, 1.25], "texture": "#0"},
				"west": {"uv": [13, 1.5, 11, 2.5], "texture": "#missing"},
				"up": {"uv": [3.75, 0.3, 1.75, 0.25], "rotation": 180, "texture": "#0"},
				"down": {"uv": [3.75, 1.3, 1.75, 1.25], "texture": "#0"}
			}
		},
		{
			"from": [4, 9, 11],
			"to": [6, 15, 12],
			"rotation": {"angle": 0, "axis": "y", "origin": [5, 25.5, 5]},
			"faces": {
				"north": {"uv": [1.25, 0.25, 0.25, 3.25], "texture": "#0"},
				"east": {"uv": [0.25, 0.25, 0.3, 3.25], "texture": "#0"},
				"south": {"uv": [1.25, 0.25, 0.25, 3.25], "texture": "#0"},
				"west": {"uv": [0.25, 0.25, 0.3, 3.25], "texture": "#0"},
				"up": {"uv": [2, 2, 4, 3], "texture": "#missing"},
				"down": {"uv": [2, 2, 4, 3], "texture": "#missing"}
			}
		},
		{
			"from": [10, 9, 11],
			"to": [12, 15, 12],
			"rotation": {"angle": 0, "axis": "y", "origin": [11, 25.5, 5]},
			"faces": {
				"north": {"uv": [0.25, 0.25, 1.25, 3.25], "texture": "#0"},
				"east": {"uv": [0.3, 0.25, 0.25, 3.25], "texture": "#0"},
				"south": {"uv": [0.25, 0.25, 1.25, 3.25], "texture": "#0"},
				"west": {"uv": [0.3, 0.25, 0.25, 3.25], "texture": "#0"},
				"up": {"uv": [4, 2, 2, 3], "texture": "#missing"},
				"down": {"uv": [4, 2, 2, 3], "texture": "#missing"}
			}
		}
	],
	"display": {
		"thirdperson_righthand": {
			"rotation": [75, 45, 0],
			"translation": [0, 2.5, 0],
			"scale": [0.375, 0.375, 0.375]
		},
		"thirdperson_lefthand": {
			"rotation": [75, 45, 0],
			"translation": [0, 2.5, 0],
			"scale": [0.375, 0.375, 0.375]
		},
		"firstperson_righthand": {
			"rotation": [0, 45, 0],
			"scale": [0.4, 0.4, 0.4]
		},
		"firstperson_lefthand": {
			"rotation": [0, 225, 0],
			"scale": [0.4, 0.4, 0.4]
		},
		"ground": {
			"translation": [0, 3, 0],
			"scale": [0.25, 0.25, 0.25]
		},
		"gui": {
			"rotation": [30, 225, 0],
			"scale": [0.625, 0.625, 0.625]
		},
		"head": {
			"translation": [0, -29, 0],
			"scale": [1.6, 1.6, 1.6]
		},
		"fixed": {
			"scale": [0.5, 0.5, 0.5]
		}
	}
}