{
	"credit": "Made with Blockbench",
	"texture_size": [32, 32],
	"textures": {
		"0": "items/chair1",
		"particle": "items/chair1"
	},
	"elements": [
		{
			"from": [3, 7.5, 3],
			"to": [13, 9.5, 13],
			"rotation": {"angle": 0, "axis": "y", "origin": [11, 16.5, 11]},
			"faces": {
				"north": {"uv": [13, 8.5, 14, 13.5], "rotation": 90, "texture": "#0"},
				"east": {"uv": [13, 8.5, 14, 13.5], "rotation": 90, "texture": "#0"},
				"south": {"uv": [13, 8.5, 14, 13.5], "rotation": 90, "texture": "#0"},
				"west": {"uv": [13, 8.5, 14, 13.5], "rotation": 90, "texture": "#0"},
				"up": {"uv": [7.5, 8.5, 12.5, 13.5], "rotation": 180, "texture": "#0"},
				"down": {"uv": [7.5, 8.5, 12.5, 13.5], "rotation": 180, "texture": "#0"}
			}
		},
		{
			"from": [4, 0, 4],
			"to": [6, 8, 6],
			"rotation": {"angle": 0, "axis": "y", "origin": [5, 16.5, 11]},
			"faces": {
				"north": {"uv": [1.25, 0.25, 0.25, 4.25], "texture": "#0"},
				"east": {"uv": [1.25, 0.25, 0.25, 4.25], "texture": "#0"},
				"south": {"uv": [1.25, 0.25, 0.25, 4.25], "texture": "#0"},
				"west": {"uv": [1.25, 0.25, 0.25, 4.25], "texture": "#0"},
				"up": {"uv": [1.25, 0.25, 0.25, 4.25], "texture": "#0"},
				"down": {"uv": [1.25, 0.25, 0.25, 4.25], "texture": "#0"}
			}
		},
		{
			"from": [10, 0, 4],
			"to": [12, 8, 6],
			"rotation": {"angle": 0, "axis": "y", "origin": [11, 16.5, 11]},
			"faces": {
				"north": {"uv": [1.25, 0.25, 0.25, 4.25], "texture": "#0"},
				"east": {"uv": [1.25, 0.25, 0.25, 4.25], "texture": "#0"},
				"south": {"uv": [1.25, 0.25, 0.25, 4.25], "texture": "#0"},
				"west": {"uv": [1.25, 0.25, 0.25, 4.25], "texture": "#0"},
				"up": {"uv": [1.25, 0.25, 0.25, 4.25], "texture": "#0"},
				"down": {"uv": [1.25, 0.25, 0.25, 4.25], "texture": "#0"}
			}
		},
		{
			"from": [4, 0, 10],
			"to": [6, 8, 12],
			"rotation": {"angle": 0, "axis": "y", "origin": [5, 16.5, 5]},
			"faces": {
				"north": {"uv": [1.25, 0.25, 0.25, 4.25], "texture": "#0"},
				"east": {"uv": [1.25, 0.25, 0.25, 4.25], "texture": "#0"},
				"south": {"uv": [1.25, 0.25, 0.25, 4.25], "texture": "#0"},
				"west": {"uv": [1.25, 0.25, 0.25, 4.25], "texture": "#0"},
				"up": {"uv": [1.25, 0.25, 0.25, 4.25], "texture": "#0"},
				"down": {"uv": [1.25, 0.25, 0.25, 4.25], "texture": "#0"}
			}
		},
		{
			"from": [10, 0, 10],
			"to": [12, 8, 12],
			"rotation": {"angle": 0, "axis": "y", "origin": [11, 16.5, 5]},
			"faces": {
				"north": {"uv": [1.25, 0.25, 0.25, 4.25], "texture": "#0"},
				"east": {"uv": [1.25, 0.25, 0.25, 4.25], "texture": "#0"},
				"south": {"uv": [1.25, 0.25, 0.25, 4.25], "texture": "#0"},
				"west": {"uv": [1.25, 0.25, 0.25, 4.25], "texture": "#0"},
				"up": {"uv": [1.25, 0.25, 0.25, 4.25], "texture": "#0"},
				"down": {"uv": [1.25, 0.25, 0.25, 4.25], "texture": "#0"}
			}
		}
	],
	"display": {
		"thirdperson_righthand": {
			"rotation": [75, 45, 0],
			"translation": [0, 2.5, 0],
			"scale": [0.375, 0.375, 0.375]
		},
		"thirdperson_lefthand": {
			"rotation": [75, 45, 0],
			"translation": [0, 2.5, 0],
			"scale": [0.375, 0.375, 0.375]
		},
		"firstperson_righthand": {
			"rotation": [0, 45, 0],
			"scale": [0.4, 0.4, 0.4]
		},
		"firstperson_lefthand": {
			"rotation": [0, 225, 0],
			"scale": [0.4, 0.4, 0.4]
		},
		"ground": {
			"translation": [0, 3, 0],
			"scale": [0.25, 0.25, 0.25]
		},
		"gui": {
			"rotation": [30, 225, 0],
			"scale": [0.625, 0.625, 0.625]
		},
		"head": {
			"translation": [0, -29, 0],
			"scale": [1.6, 1.6, 1.6]
		},
		"fixed": {
			"scale": [0.5, 0.5, 0.5]
		}
	}
}