{
	"credit": "Made with Blockbench",
	"texture_size": [32, 32],
	"textures": {
		"0": "items/launchpad4",
		"particle": "items/launchpad4"
	},
	"elements": [
		{
			"from": [0, 0, 0],
			"to": [16, 2, 16],
			"faces": {
				"north": {"uv": [8.75, 0.25, 9.75, 8.25], "rotation": 90, "texture": "#0"},
				"east": {"uv": [8.75, 0.25, 9.75, 8.25], "rotation": 90, "texture": "#0"},
				"south": {"uv": [8.75, 0.25, 9.75, 8.25], "rotation": 90, "texture": "#0"},
				"west": {"uv": [8.75, 0.25, 9.75, 8.25], "rotation": 90, "texture": "#0"},
				"up": {"uv": [0.25, 0.25, 8.25, 8.25], "texture": "#0"},
				"down": {"uv": [0.25, 0.25, 8.25, 8.25], "texture": "#0"}
			}
		},
		{
			"from": [2.5, -0.5, 2.5],
			"to": [13.5, 2.5, 13.5],
			"faces": {
				"north": {"uv": [8.5, 8.75, 10, 14.25], "rotation": 270, "texture": "#0"},
				"east": {"uv": [10.5, 8.75, 12, 14.25], "rotation": 270, "texture": "#0"},
				"south": {"uv": [6.5, 8.75, 8, 14.25], "rotation": 270, "texture": "#0"},
				"west": {"uv": [12.5, 8.75, 14, 14.25], "rotation": 270, "texture": "#0"},
				"up": {"uv": [0.25, 8.75, 5.75, 14.25], "texture": "#0"},
				"down": {"uv": [0.25, 0.25, 8.25, 8.25], "texture": "#0"}
			}
		}
	],
	"display": {
		"head": {
			"translation": [0, -30.4, 0],
			"scale": [1.6, 1.6, 1.6]
		}
	}
}