{
	"credit": "Made with Blockbench",
	"textures": {
		"0": "block/spruce_log",
		"particle": "block/spruce_log"
	},
	"elements": [
		{
			"from": [5, 5, 0],
			"to": [11, 11, 16],
			"rotation": {"angle": 0, "axis": "y", "origin": [5, 5, 0]},
			"faces": {
				"north": {"uv": [4.5, 5, 10.5, 11], "texture": "#0"},
				"east": {"uv": [8.5, 0, 14.5, 16], "rotation": 90, "texture": "#0"},
				"south": {"uv": [5, 5, 11, 11], "texture": "#0"},
				"west": {"uv": [0.5, 0, 6.5, 16], "rotation": 90, "texture": "#0"},
				"up": {"uv": [5, 0, 11, 16], "texture": "#0"},
				"down": {"uv": [5, 0, 11, 16], "texture": "#0"}
			}
		}
	]
}