{
	"credit": "Made with Blockbench",
	"texture_size": [32, 32],
	"textures": {
		"0": "items/launchpad5",
		"1": "items/launchpad-effect2",
		"particle": "items/launchpad5"
	},
	"elements": [
		{
			"from": [0, 0, 0],
			"to": [16, 2, 16],
			"faces": {
				"north": {"uv": [8.75, 0.25, 9.75, 8.25], "rotation": 90, "texture": "#0"},
				"east": {"uv": [8.75, 0.25, 9.75, 8.25], "rotation": 90, "texture": "#0"},
				"south": {"uv": [8.75, 0.25, 9.75, 8.25], "rotation": 90, "texture": "#0"},
				"west": {"uv": [8.75, 0.25, 9.75, 8.25], "rotation": 90, "texture": "#0"},
				"up": {"uv": [0.25, 0.25, 8.25, 8.25], "texture": "#0"},
				"down": {"uv": [0.25, 0.25, 8.25, 8.25], "texture": "#0"}
			}
		},
		{
			"from": [2.5, -0.5, 2.5],
			"to": [13.5, 2.5, 13.5],
			"faces": {
				"north": {"uv": [8.5, 8.75, 10, 14.25], "rotation": 270, "texture": "#0"},
				"east": {"uv": [10.5, 8.75, 12, 14.25], "rotation": 270, "texture": "#0"},
				"south": {"uv": [6.5, 8.75, 8, 14.25], "rotation": 270, "texture": "#0"},
				"west": {"uv": [12.5, 8.75, 14, 14.25], "rotation": 270, "texture": "#0"},
				"up": {"uv": [0.25, 8.75, 5.75, 14.25], "texture": "#0"},
				"down": {"uv": [0.25, 0.25, 8.25, 8.25], "texture": "#0"}
			}
		},
		{
			"from": [2.5, 2.5, 2.5],
			"to": [13.5, 13.5, 2.5],
			"faces": {
				"north": {"uv": [0, 0, 5.5, 5.5], "texture": "#1"}
			}
		},
		{
			"name": "cube inverted",
			"from": [13.5, 13.5, 2.5],
			"to": [2.5, 2.5, 2.5],
			"faces": {
				"south": {"uv": [0, 5.5, 5.5, 0], "texture": "#1"}
			}
		},
		{
			"from": [13.5, 2.5, 2.5],
			"to": [13.5, 13.5, 13.5],
			"rotation": {"angle": 0, "axis": "y", "origin": [16, 0, 0]},
			"faces": {
				"east": {"uv": [0, 0, 5.5, 5.5], "texture": "#1"}
			}
		},
		{
			"name": "cube inverted",
			"from": [13.5, 13.5, 13.5],
			"to": [13.5, 2.5, 2.5],
			"rotation": {"angle": 0, "axis": "y", "origin": [16, 0, 0]},
			"faces": {
				"west": {"uv": [0, 5.5, 5.5, 0], "texture": "#1"}
			}
		},
		{
			"from": [2.5, 2.5, 13.5],
			"to": [13.5, 13.5, 13.5],
			"rotation": {"angle": 0, "axis": "y", "origin": [0, 0, 16]},
			"faces": {
				"south": {"uv": [5.5, 0, 0, 5.5], "texture": "#1"}
			}
		},
		{
			"name": "cube inverted",
			"from": [13.5, 13.5, 13.5],
			"to": [2.5, 2.5, 13.5],
			"rotation": {"angle": 0, "axis": "y", "origin": [0, 0, 16]},
			"faces": {
				"north": {"uv": [5.5, 5.5, 0, 0], "texture": "#1"}
			}
		},
		{
			"from": [2.5, 2.5, 2.5],
			"to": [2.5, 13.5, 13.5],
			"faces": {
				"west": {"uv": [5.5, 0, 0, 5.5], "texture": "#1"}
			}
		},
		{
			"name": "cube inverted",
			"from": [2.5, 13.5, 13.5],
			"to": [2.5, 2.5, 2.5],
			"faces": {
				"east": {"uv": [5.5, 5.5, 0, 0], "texture": "#1"}
			}
		}
	],
	"display": {
		"head": {
			"translation": [0, -30.4, 0],
			"scale": [1.6, 1.6, 1.6]
		}
	},
	"groups": [0, 1,
		{
			"name": "group",
			"origin": [0, 0, 0],
			"color": 0,
			"children": [2, 3, 4, 5]
		},
		{
			"name": "group",
			"origin": [0, 0, 0],
			"color": 0,
			"children": [6, 7, 8, 9]
		}
	]
}