{
	"credit": "Made with Blockbench",
	"textures": {
		"0": "block/diorite",
		"particle": "block/diorite"
	},
	"elements": [
		{
			"from": [4, 0.5, 15],
			"to": [9, 4, 16],
			"faces": {
				"north": {"uv": [7, 12, 12, 15.5], "texture": "#0"},
				"east": {"uv": [8, 12, 9, 15.5], "texture": "#0"},
				"south": {"uv": [7, 12, 12, 15.5], "texture": "#0"},
				"west": {"uv": [8, 12, 9, 15.5], "texture": "#0"},
				"up": {"uv": [7, 12.5, 12, 13.5], "rotation": 180, "texture": "#0"},
				"down": {"uv": [7, 12.5, 12, 13.5], "rotation": 180, "texture": "#0"}
			}
		},
		{
			"from": [2, 4.5, 14.5],
			"to": [11, 8, 16],
			"faces": {
				"north": {"uv": [5, 8, 14, 11.5], "texture": "#0"},
				"east": {"uv": [4.5, 8, 6, 11.5], "texture": "#0"},
				"south": {"uv": [5, 8, 14, 11.5], "texture": "#0"},
				"west": {"uv": [4.5, 8, 6, 11.5], "rotation": 180, "texture": "#0"},
				"up": {"uv": [5, 7.5, 14, 9], "rotation": 180, "texture": "#0"},
				"down": {"uv": [5, 10.5, 14, 12], "rotation": 180, "texture": "#0"}
			}
		},
		{
			"from": [9, 12.5, 14.5],
			"to": [17, 16, 16],
			"rotation": {"angle": 0, "axis": "y", "origin": [13.5, 14.25, 15.25]},
			"faces": {
				"north": {"uv": [2.5, 4, 10.5, 7.5], "texture": "#0"},
				"east": {"uv": [4.5, 8, 6, 11.5], "texture": "#0"},
				"south": {"uv": [2.5, 4, 10.5, 7.5], "texture": "#0"},
				"west": {"uv": [4.5, 8, 6, 11.5], "rotation": 180, "texture": "#0"},
				"up": {"uv": [5, 7.5, 13, 9], "rotation": 180, "texture": "#0"},
				"down": {"uv": [5, 10.5, 13, 12], "rotation": 180, "texture": "#0"}
			}
		}
	],
	"groups": [
		{
			"name": "group",
			"origin": [8, 8, 8],
			"color": 0,
			"children": [0, 1, 2]
		}
	]
}