{
	"credit": "Made with Blockbench",
	"parent": "minecraft:block/template_hanging_lantern",
	"textures": {
		"0": "block/lantern",
		"particle": "block/lantern"
	},
	"elements": [
		{
			"from": [4, 13, 4],
			"to": [12, 16, 12],
			"rotation": {"angle": 0, "axis": "y", "origin": [4, 0, 4]},
			"faces": {
				"north": {"uv": [9.5, 0.5, 12.5, 8.5], "rotation": 270, "texture": "#0"},
				"east": {"uv": [9.5, 0.5, 12.5, 8.5], "rotation": 270, "texture": "#0"},
				"south": {"uv": [9.5, 0.5, 12.5, 8.5], "rotation": 270, "texture": "#0"},
				"west": {"uv": [9.5, 0.5, 12.5, 8.5], "rotation": 270, "texture": "#0"},
				"up": {"uv": [0.5, 0.5, 8.5, 8.5], "texture": "#0"},
				"down": {"uv": [0.5, 0.5, 8.5, 8.5], "texture": "#0"}
			}
		}
	]
}