{
    "credit": "Made with Blockbench", 
    "parent": "block/block", 
    "ambientocclusion": false, 
    "textures": {
        "main": "block/lightning_rod"
    }, 
    "elements": [
        {
            "from": [ 5, 8, 5 ], 
            "to":   [ 11, 14, 11 ], 
            "rotation": { "angle": 45, "axis": "z", "origin": [8, 11, 8] }, 
            "faces": {
                "north": { "uv": [ 1.75, 0.25, 4.75, 3.25 ], "texture": "#main" }, 
                "east":  { "uv": [ 1.75, 0.25, 4.75, 3.25 ], "texture": "#main" }, 
                "south": { "uv": [ 1.75, 0.25, 4.75, 3.25 ], "texture": "#main" }, 
                "west":  { "uv": [ 1.75, 0.25, 4.75, 3.25 ], "texture": "#main" }, 
                "up":    { "uv": [ 1.75, 0.25, 4.75, 3.25 ], "texture": "#main" }, 
                "down":  { "uv": [ 1.75, 0.25, 4.75, 3.25 ], "texture": "#main" }
            }
        }, 
        {
            "from": [ 7, 0, 7 ], 
            "to":   [ 9, 8, 9 ], 
            "faces": {
                "north": { "uv": [ 0.25, 0.25, 1.25, 4.25 ], "texture": "#main" }, 
                "east":  { "uv": [ 0.25, 0.25, 1.25, 4.25 ], "texture": "#main" }, 
                "south": { "uv": [ 0.25, 0.25, 1.25, 4.25 ], "texture": "#main" }, 
                "west":  { "uv": [ 0.25, 0.25, 1.25, 4.25 ], "texture": "#main" }, 
                "up":    { "uv": [ 0.25, 0.25, 1.25, 4.25 ], "texture": "#main" }, 
                "down":  { "uv": [ 0.25, 0.25, 1.25, 4.25 ], "texture": "#main" }
            }
        }, 
        {
            "from": [ 5, 8, 5 ], 
            "to":   [ 11, 14, 11 ], 
            "rotation": { "angle": -22.5, "axis": "z", "origin": [8, 11, 8] }, 
            "faces": {
                "north": { "uv": [ 9.75, 0.25, 12.75, 3.25 ], "rotation":90, "texture": "#main" }, 
                "east":  { "uv": [ 9.75, 0.25, 12.75, 3.25 ], "rotation":270, "texture": "#main" }, 
                "south": { "uv": [ 9.75, 0.25, 12.75, 3.25 ], "rotation":270, "texture": "#main" }, 
                "west":  { "uv": [ 9.75, 0.25, 12.75, 3.25 ], "rotation":270, "texture": "#main" }, 
                "up":    { "uv": [ 9.75, 0.25, 12.75, 3.25 ], "rotation":270, "texture": "#main" }, 
                "down":  { "uv": [ 9.75, 0.25, 12.75, 3.25 ], "rotation":270, "texture": "#main" }
            }
        }, 
        {
            "from": [ 7, 0, 7 ], 
            "to":   [ 9, 8, 9 ], 
            "faces": {
                "north": { "uv": [ 8.25, 0.25, 9.25, 4.25 ], "texture": "#main" }, 
                "east":  { "uv": [ 8.25, 0.25, 9.25, 4.25 ], "texture": "#main" }, 
                "south": { "uv": [ 8.25, 0.25, 9.25, 4.25 ], "texture": "#main" }, 
                "west":  { "uv": [ 8.25, 0.25, 9.25, 4.25 ], "texture": "#main" }, 
                "up":    { "uv": [ 8.25, 0.25, 9.25, 4.25 ], "texture": "#main" }, 
                "down":  { "uv": [ 8.25, 0.25, 9.25, 4.25 ], "texture": "#main" }
            }
        }, 
        {
            "from": [ 5, 8, 5 ], 
            "to":   [ 11, 14, 11 ], 
            "rotation": { "angle": 0, "axis": "z", "origin": [8, 11, 8] }, 
            "faces": {
                "north": { "uv": [ 1.75, 8.25, 4.75, 11.25 ], "rotation":90, "texture": "#main" }, 
                "east":  { "uv": [ 1.75, 8.25, 4.75, 11.25 ], "rotation":270, "texture": "#main" }, 
                "south": { "uv": [ 1.75, 8.25, 4.75, 11.25 ], "rotation":270, "texture": "#main" }, 
                "west":  { "uv": [ 1.75, 8.25, 4.75, 11.25 ], "rotation":270, "texture": "#main" }, 
                "up":    { "uv": [ 1.75, 8.25, 4.75, 11.25 ], "rotation":270, "texture": "#main" }, 
                "down":  { "uv": [ 1.75, 8.25, 4.75, 11.25 ], "rotation":270, "texture": "#main" }
            }
        }, 
        {
            "from": [ 7, 0, 7 ], 
            "to":   [ 9, 8, 9 ], 
            "faces": {
                "north": { "uv": [ 0.25, 8.25, 1.25, 12.25 ], "texture": "#main" }, 
                "east":  { "uv": [ 0.25, 8.25, 1.25, 12.25 ], "texture": "#main" }, 
                "south": { "uv": [ 0.25, 8.25, 1.25, 12.25 ], "texture": "#main" }, 
                "west":  { "uv": [ 0.25, 8.25, 1.25, 12.25 ], "texture": "#main" }, 
                "up":    { "uv": [ 0.25, 8.25, 1.25, 12.25 ], "texture": "#main" }, 
                "down":  { "uv": [ 0.25, 8.25, 1.25, 12.25 ], "texture": "#main" }
            }
        }, 
        {
            "from": [ 5, 8, 5 ], 
            "to":   [ 11, 14, 11 ], 
            "rotation": { "angle": 22.5, "axis": "z", "origin": [8, 11, 8] }, 
            "faces": {
                "north": { "uv": [ 9.75, 8.25, 12.75, 11.25 ], "rotation":90, "texture": "#main" }, 
                "east":  { "uv": [ 9.75, 8.25, 12.75, 11.25 ], "rotation":270, "texture": "#main" }, 
                "south": { "uv": [ 9.75, 8.25, 12.75, 11.25 ], "rotation":270, "texture": "#main" }, 
                "west":  { "uv": [ 9.75, 8.25, 12.75, 11.25 ], "rotation":270, "texture": "#main" }, 
                "up":    { "uv": [ 9.75, 8.25, 12.75, 11.25 ], "rotation":270, "texture": "#main" }, 
                "down":  { "uv": [ 9.75, 8.25, 12.75, 11.25 ], "rotation":270, "texture": "#main" }
            }
        }, 
        {
            "from": [ 7, 0, 7 ], 
            "to":   [ 9, 8, 9 ], 
            "faces": {
                "north": { "uv": [ 8.25, 8.25, 9.25, 12.25 ], "texture": "#main" }, 
                "east":  { "uv": [ 8.25, 8.25, 9.25, 12.25 ], "texture": "#main" }, 
                "south": { "uv": [ 8.25, 8.25, 9.25, 12.25 ], "texture": "#main" }, 
                "west":  { "uv": [ 8.25, 8.25, 9.25, 12.25 ], "texture": "#main" }, 
                "up":    { "uv": [ 8.25, 8.25, 9.25, 12.25 ], "texture": "#main" }, 
                "down":  { "uv": [ 8.25, 8.25, 9.25, 12.25 ], "texture": "#main" }
            }
        }
    ], 
    "display": {
        "thirdperson_righthand": {
            "translation": [ 0, 2, 0.5 ], 
            "scale": [ 0.4, 0.4, 0.4 ]
        }, 
        "head": {
            "rotation": [ -180, 0, 0 ], 
            "translation": [ 8.5, 4, 0 ]
        }
    }, 
    "__comment": "Model animated using Fizzy's model animator - http://fizzy81.github.io/animated-models/"
}