{
	"credit": "Made with Blockbench",
        "ambientocclusion": false,
	"textures": {
		"0": "block/oak_leaves",
		"1": "block/oak_leaves2",
		"particle": "block/oak_leaves"
	},
	"elements": [
		{
			"from": [0, 0, 0],
			"to": [16, 16, 16],
			"faces": {
				"north": {"uv": [0, 0, 16, 16], "texture": "#0"},
				"east": {"uv": [0, 0, 16, 16], "texture": "#0"},
				"south": {"uv": [0, 0, 16, 16], "texture": "#0"},
				"west": {"uv": [0, 0, 16, 16], "texture": "#0"},
				"up": {"uv": [0, 0, 16, 16], "texture": "#0"},
				"down": {"uv": [0, 0, 16, 16], "texture": "#0"}
			}
		},
		{
			"from": [7.99985, -5, -5.00035],
			"to": [7.99985, 21, 20.99965],
			"rotation": {"angle": 22.5, "axis": "y", "origin": [8.00035, 8, 7.99965]},
			"faces": {
				"east": {"uv": [0, 0, 16, 16], "texture": "#1"}
			}
		},
		{
			"from": [-4.99965, -5, 7.99915],
			"to": [21.00035, 21, 7.99915],
			"rotation": {"angle": 22.5, "axis": "y", "origin": [8.00035, 8, 7.99965]},
			"faces": {
				"south": {"uv": [0, 0, 16, 16], "texture": "#1"}
			}
		},
		{
			"name": "cube inverted",
			"from": [8.00085, 21, 20.99965],
			"to": [8.00085, -5, -5.00035],
			"rotation": {"angle": 22.5, "axis": "y", "origin": [8.00035, 8, 7.99965]},
			"faces": {
				"west": {"uv": [0, 16, 16, 0], "texture": "#1"}
			}
		},
		{
			"name": "cube inverted",
			"from": [21.00035, 21, 8.00015],
			"to": [-4.99965, -5, 8.00015],
			"rotation": {"angle": 22.5, "axis": "y", "origin": [8.00035, 8, 7.99965]},
			"faces": {
				"north": {"uv": [0, 16, 16, 0], "texture": "#1"}
			}
		}
	],
	"display": {
		"thirdperson_righthand": {
			"rotation": [75, 45, 0],
			"translation": [0, 2.5, 0],
			"scale": [0.375, 0.375, 0.375]
		},
		"thirdperson_lefthand": {
			"rotation": [75, 45, 0],
			"translation": [0, 2.5, 0],
			"scale": [0.375, 0.375, 0.375]
		},
		"firstperson_righthand": {
			"rotation": [0, 45, 0],
			"scale": [0.4, 0.4, 0.4]
		},
		"firstperson_lefthand": {
			"rotation": [0, 225, 0],
			"scale": [0.4, 0.4, 0.4]
		},
		"ground": {
			"translation": [0, 3, 0],
			"scale": [0.25, 0.25, 0.25]
		},
		"gui": {
			"rotation": [30, 225, 0],
			"scale": [0.625, 0.625, 0.625]
		},
		"fixed": {
			"scale": [0.5, 0.5, 0.5]
		}
	}
}