{
	"credit": "Made with Blockbench",
	"textures": {
		"0": "block/polished_diorite",
		"particle": "block/polished_diorite"
	},
	"elements": [
		{
			"from": [0, 0, 2.5],
			"to": [4, 2, 5],
			"rotation": {"angle": 22.5, "axis": "y", "origin": [2, 1, 1.25]},
			"faces": {
				"north": {"uv": [6.5, 4.5, 10.5, 6.5], "texture": "#0"},
				"east": {"uv": [11.5, 11, 14, 13], "texture": "#0"},
				"south": {"uv": [11.5, 1.5, 15.5, 3.5], "rotation": 180, "texture": "#0"},
				"west": {"uv": [8, 4.5, 10.5, 6.5], "texture": "#0"},
				"up": {"uv": [0, 10.5, 4, 13], "texture": "#0"},
				"down": {"uv": [0, 13.5, 4, 16], "texture": "#0"}
			}
		},
		{
			"from": [6, 0, 6.5],
			"to": [7.5, 1.5, 8],
			"faces": {
				"north": {"uv": [11.5, 2, 13, 3.5], "texture": "#0"},
				"east": {"uv": [11.5, 2, 13, 3.5], "texture": "#0"},
				"south": {"uv": [11.5, 2, 13, 3.5], "texture": "#0"},
				"west": {"uv": [11.5, 2, 13, 3.5], "texture": "#0"},
				"up": {"uv": [11.5, 2, 13, 3.5], "texture": "#0"},
				"down": {"uv": [11.5, 2, 13, 3.5], "texture": "#0"}
			}
		},
		{
			"from": [2, 0, 11],
			"to": [4.5, 1.5, 13.5],
			"rotation": {"angle": -22.5, "axis": "y", "origin": [3.25, 0.75, 12.25]},
			"faces": {
				"north": {"uv": [2, 4, 4.5, 5.5], "texture": "#0"},
				"east": {"uv": [9, 12, 11.5, 13.5], "texture": "#0"},
				"south": {"uv": [5, 11, 7.5, 12.5], "texture": "#0"},
				"west": {"uv": [1, 1, 3.5, 2.5], "texture": "#0"},
				"up": {"uv": [2, 10.5, 4.5, 13], "texture": "#0"},
				"down": {"uv": [4, 10.5, 6.5, 13], "texture": "#0"}
			}
		},
		{
			"from": [11, 0, 2],
			"to": [14, 1, 5],
			"rotation": {"angle": -45, "axis": "y", "origin": [12.5, 0.5, 3.5]},
			"faces": {
				"north": {"uv": [2.5, 1, 5.5, 2], "texture": "#0"},
				"east": {"uv": [13, 15, 16, 16], "texture": "#0"},
				"south": {"uv": [5, 6, 8, 7], "texture": "#0"},
				"west": {"uv": [12.5, 7.5, 15.5, 8.5], "texture": "#0"},
				"up": {"uv": [7, 2, 10, 5], "texture": "#0"},
				"down": {"uv": [7, 13, 10, 16], "texture": "#0"}
			}
		},
		{
			"from": [11, 0, 11],
			"to": [13, 1, 13],
			"rotation": {"angle": -22.5, "axis": "y", "origin": [12, 0.5, 12]},
			"faces": {
				"north": {"uv": [2.5, 1, 4.5, 2], "texture": "#0"},
				"east": {"uv": [9, 2, 11, 3], "texture": "#0"},
				"south": {"uv": [8.5, 2, 10.5, 3], "texture": "#0"},
				"west": {"uv": [3, 9.5, 5, 10.5], "texture": "#0"},
				"up": {"uv": [2, 2, 4, 4], "texture": "#0"},
				"down": {"uv": [7, 9, 9, 11], "texture": "#0"}
			}
		}
	]
}