{ 


"custom.music1": { "sounds": [ "custom/music1" ] },
"custom.music2": { "sounds": [ "custom/music2" ] },
"custom.music3": { "sounds": [ "custom/music3" ] },
"custom.music4": { "sounds": [ "custom/music4" ] },
"custom.music5": { "sounds": [ "custom/music5" ] },
"custom.music6": { "sounds": [ "custom/music6" ] },
"custom.music7": { "sounds": [ "custom/music7" ] },
"custom.music8": { "sounds": [ "custom/music8" ] },
"custom.wind": { "sounds": [ "custom/wind" ] },
"custom.birds": { "sounds": [ "custom/birds" ] },
"custom.desert": { "sounds": [ "custom/desert" ] },
"custom.goose": { "sounds": [ "custom/goose" ] },
"custom.crickets": { "sounds": [ "custom/crickets" ] }


}