{
    "providers": [
	{
            "type": "bitmap",
            "file": "minecraft:items/rightmouse.png",
            "ascent": 8,
            "height": 8,
            "chars": ["\uE000"]
        },
{
            "type": "bitmap",
            "file": "minecraft:items/leftmouse.png",
            "ascent": 12,
            "height": 12,
            "chars": ["\uE001"]
        },
{
            "type": "bitmap",
            "file": "minecraft:items/dark.png",
            "ascent": 128,
            "height": 1024,
            "chars": ["\uE002"]
        },
{
            "type": "bitmap",
            "file": "minecraft:items/white.png",
            "ascent": 128,
            "height": 256,
            "chars": ["\uE003"]
        },
{
            "type": "bitmap",
            "file": "minecraft:items/weelmouse.png",
            "ascent": 12,
            "height": 12,
            "chars": ["\uE004"]
        },
{
            "type": "bitmap",
            "file": "minecraft:items/brickmasons.png",
            "ascent": 12,
            "height": 12,
            "chars": ["\uE005"]
        },
{
            "type": "bitmap",
            "file": "minecraft:items/screen_corners.png",
            "ascent": 42,
            "height": 90,
            "chars": ["\uE006"]
        },
{
            "type": "bitmap",
            "file": "minecraft:menus/title.png",
            "ascent": 256,
            "height": 256,
            "chars": ["\uE007"]
        },
{
            "type": "bitmap",
            "file": "minecraft:ui/normal.png",
            "ascent": 64,
            "height": 128,
            "chars": ["\uE008"]
        },
{
            "type": "bitmap",
            "file": "minecraft:ui/angry.png",
            "ascent": 64,
            "height": 128,
            "chars": ["\uE009"]
        },
        {
                    "type": "bitmap",
                    "file": "minecraft:ui/health-0.png",
                    "ascent": 64,
                    "height": 128,
                    "chars": ["\uE010"]
                },
{
            "type": "bitmap",
            "file": "minecraft:ui/health-1.png",
            "ascent": 64,
            "height": 128,
            "chars": ["\uE011"]
        },
{
            "type": "bitmap",
            "file": "minecraft:ui/health-2.png",
            "ascent": 64,
            "height": 128,
            "chars": ["\uE012"]
        },
{
            "type": "bitmap",
            "file": "minecraft:ui/health-3.png",
            "ascent": 64,
            "height": 128,
            "chars": ["\uE013"]
        },
{
            "type": "bitmap",
            "file": "minecraft:ui/health-4.png",
            "ascent": 64,
            "height": 128,
            "chars": ["\uE014"]
        },
{
            "type": "bitmap",
            "file": "minecraft:ui/health-5.png",
            "ascent": 64,
            "height": 128,
            "chars": ["\uE015"]
        },
{
            "type": "bitmap",
            "file": "minecraft:ui/health-6.png",
            "ascent": 64,
            "height": 128,
            "chars": ["\uE016"]
        },
{
            "type": "bitmap",
            "file": "minecraft:ui/health-7.png",
            "ascent": 64,
            "height": 128,
            "chars": ["\uE017"]
        },
{
            "type": "bitmap",
            "file": "minecraft:ui/health-8.png",
            "ascent": 64,
            "height": 128,
            "chars": ["\uE018"]
        },
{
            "type": "bitmap",
            "file": "minecraft:ui/health-9.png",
            "ascent": 64,
            "height": 128,
            "chars": ["\uE019"]
        },
{
            "type": "bitmap",
            "file": "minecraft:ui/health-10.png",
            "ascent": 64,
            "height": 128,
            "chars": ["\uE020"]
        },
        {
                    "type": "bitmap",
                    "file": "minecraft:ui/materials-0.png",
                    "ascent": 64,
                    "height": 128,
                    "chars": ["\uE021"]
                },
                {
                            "type": "bitmap",
                            "file": "minecraft:ui/materials-1.png",
                            "ascent": 64,
                            "height": 128,
                            "chars": ["\uE022"]
                        },
        {
                    "type": "bitmap",
                    "file": "minecraft:ui/materials-2.png",
                    "ascent": 64,
                    "height": 128,
                    "chars": ["\uE023"]
                },
        {
                    "type": "bitmap",
                    "file": "minecraft:ui/materials-3.png",
                    "ascent": 64,
                    "height": 128,
                    "chars": ["\uE024"]
                },
        {
                    "type": "bitmap",
                    "file": "minecraft:ui/materials-4.png",
                    "ascent": 64,
                    "height": 128,
                    "chars": ["\uE025"]
                },
        {
                    "type": "bitmap",
                    "file": "minecraft:ui/materials-5.png",
                    "ascent": 64,
                    "height": 128,
                    "chars": ["\uE026"]
                },
        {
                    "type": "bitmap",
                    "file": "minecraft:ui/materials-6.png",
                    "ascent": 64,
                    "height": 128,
                    "chars": ["\uE027"]
                },
        {
                    "type": "bitmap",
                    "file": "minecraft:ui/materials-7.png",
                    "ascent": 64,
                    "height": 128,
                    "chars": ["\uE028"]
                },
        {
                    "type": "bitmap",
                    "file": "minecraft:ui/materials-8.png",
                    "ascent": 64,
                    "height": 128,
                    "chars": ["\uE029"]
                },
        {
                    "type": "bitmap",
                    "file": "minecraft:ui/materials-9.png",
                    "ascent": 64,
                    "height": 128,
                    "chars": ["\uE030"]
                },
        {
                    "type": "bitmap",
                    "file": "minecraft:ui/materials-10.png",
                    "ascent": 64,
                    "height": 128,
                    "chars": ["\uE031"]
                },
                {
                            "type": "bitmap",
                            "file": "minecraft:ui/anger-0.png",
                            "ascent": 64,
                            "height": 128,
                            "chars": ["\uE032"]
                        },
                        {
                                    "type": "bitmap",
                                    "file": "minecraft:ui/anger-1.png",
                                    "ascent": 64,
                                    "height": 128,
                                    "chars": ["\uE033"]
                                },
                {
                            "type": "bitmap",
                            "file": "minecraft:ui/anger-2.png",
                            "ascent": 64,
                            "height": 128,
                            "chars": ["\uE034"]
                        },
                {
                            "type": "bitmap",
                            "file": "minecraft:ui/anger-3.png",
                            "ascent": 64,
                            "height": 128,
                            "chars": ["\uE035"]
                        },
                {
                            "type": "bitmap",
                            "file": "minecraft:ui/anger-4.png",
                            "ascent": 64,
                            "height": 128,
                            "chars": ["\uE036"]
                        },
                {
                            "type": "bitmap",
                            "file": "minecraft:ui/anger-5.png",
                            "ascent": 64,
                            "height": 128,
                            "chars": ["\uE037"]
                        },
                {
                            "type": "bitmap",
                            "file": "minecraft:ui/anger-6.png",
                            "ascent": 64,
                            "height": 128,
                            "chars": ["\uE038"]
                        },
                {
                            "type": "bitmap",
                            "file": "minecraft:ui/anger-7.png",
                            "ascent": 64,
                            "height": 128,
                            "chars": ["\uE039"]
                        },
                {
                            "type": "bitmap",
                            "file": "minecraft:ui/anger-8.png",
                            "ascent": 64,
                            "height": 128,
                            "chars": ["\uE040"]
                        },
                {
                            "type": "bitmap",
                            "file": "minecraft:ui/anger-9.png",
                            "ascent": 64,
                            "height": 128,
                            "chars": ["\uE041"]
                        },
                {
                            "type": "bitmap",
                            "file": "minecraft:ui/anger-10.png",
                            "ascent": 64,
                            "height": 128,
                            "chars": ["\uE042"]
                        },
                        {
                                    "type": "bitmap",
                                    "file": "minecraft:loading/loading1.png",
                                    "ascent": 0,
                                    "height": 32,
                                    "chars": ["\uE043"]
                                },
                        {
                                    "type": "bitmap",
                                    "file": "minecraft:loading/loading2.png",
                                    "ascent": 0,
                                    "height": 32,
                                    "chars": ["\uE044"]
                                },
                        {
                                    "type": "bitmap",
                                    "file": "minecraft:loading/loading3.png",
                                    "ascent": 0,
                                    "height": 32,
                                    "chars": ["\uE045"]
                                },
                        {
                                    "type": "bitmap",
                                    "file": "minecraft:loading/loading4.png",
                                    "ascent": 0,
                                    "height": 32,
                                    "chars": ["\uE046"]
                                },
                        {
                                    "type": "bitmap",
                                    "file": "minecraft:loading/loading5.png",
                                    "ascent": 0,
                                    "height": 32,
                                    "chars": ["\uE047"]
                                },
                        {
                                    "type": "bitmap",
                                    "file": "minecraft:loading/loading6.png",
                                    "ascent": 0,
                                    "height": 32,
                                    "chars": ["\uE048"]
                                },
                        {
                                    "type": "bitmap",
                                    "file": "minecraft:loading/loading7.png",
                                    "ascent": 0,
                                    "height": 32,
                                    "chars": ["\uE049"]
                                },
                        {
                                    "type": "bitmap",
                                    "file": "minecraft:loading/loading8.png",
                                    "ascent": 0,
                                    "height": 32,
                                    "chars": ["\uE050"]
                                },
                        {
                                    "type": "bitmap",
                                    "file": "minecraft:loading/loading9.png",
                                    "ascent": 0,
                                    "height": 32,
                                    "chars": ["\uE051"]
                                },
                        {
                                    "type": "bitmap",
                                    "file": "minecraft:loading/loading10.png",
                                    "ascent": 0,
                                    "height": 32,
                                    "chars": ["\uE052"]
                                },
                        {
                                    "type": "bitmap",
                                    "file": "minecraft:loading/loading11.png",
                                    "ascent": 0,
                                    "height": 32,
                                    "chars": ["\uE053"]
                                },
                                {
                                            "type": "bitmap",
                                            "file": "minecraft:menus/background.png",
                                            "ascent": 295,
                                            "height": 360,
                                            "chars": ["\uE054"]
                                        },
                                {
                                            "type": "bitmap",
                                            "file": "minecraft:menus/goose.png",
                                            "ascent": 20,
                                            "height": 96,
                                            "chars": ["\uE055"]
                                        },
                                {
                                            "type": "bitmap",
                                            "file": "minecraft:menus/menu1-1.png",
                                            "ascent": 64,
                                            "height": 128,
                                            "chars": ["\uE056"]
                                        },
                                {
                                            "type": "bitmap",
                                            "file": "minecraft:menus/menu1-2.png",
                                            "ascent": 64,
                                            "height": 128,
                                            "chars": ["\uE057"]
                                        },
                                {
                                            "type": "bitmap",
                                            "file": "minecraft:menus/menu1-3.png",
                                            "ascent": 64,
                                            "height": 128,
                                            "chars": ["\uE058"]
                                        },
                                {
                                            "type": "bitmap",
                                            "file": "minecraft:menus/menu1-4.png",
                                            "ascent": 64,
                                            "height": 128,
                                            "chars": ["\uE059"]
                                        },
                                {
                                            "type": "bitmap",
                                            "file": "minecraft:menus/menu2-1.png",
                                            "ascent": 64,
                                            "height": 128,
                                            "chars": ["\uE060"]
                                        },
                                {
                                            "type": "bitmap",
                                            "file": "minecraft:menus/menu2-2.png",
                                            "ascent": 64,
                                            "height": 128,
                                            "chars": ["\uE061"]
                                        },
                                {
                                            "type": "bitmap",
                                            "file": "minecraft:menus/menu2-3.png",
                                            "ascent": 64,
                                            "height": 128,
                                            "chars": ["\uE062"]
                                        },
                                {
                                            "type": "bitmap",
                                            "file": "minecraft:menus/menu2-4.png",
                                            "ascent": 64,
                                            "height": 128,
                                            "chars": ["\uE063"]
                                        },
                                {
                                            "type": "bitmap",
                                            "file": "minecraft:menus/menu3-1.png",
                                            "ascent": 64,
                                            "height": 128,
                                            "chars": ["\uE064"]
                                        },
                                {
                                            "type": "bitmap",
                                            "file": "minecraft:menus/menu3-2.png",
                                            "ascent": 64,
                                            "height": 128,
                                            "chars": ["\uE065"]
                                        },
                                {
                                            "type": "bitmap",
                                            "file": "minecraft:menus/menu3-3.png",
                                            "ascent": 64,
                                            "height": 128,
                                            "chars": ["\uE066"]
                                        },
                                {
                                            "type": "bitmap",
                                            "file": "minecraft:menus/menu3-4.png",
                                            "ascent": 64,
                                            "height": 128,
                                            "chars": ["\uE067"]
                                        },
                                {
                                            "type": "bitmap",
                                            "file": "minecraft:menus/menu4-1.png",
                                            "ascent": 64,
                                            "height": 128,
                                            "chars": ["\uE068"]
                                        },
                                {
                                            "type": "bitmap",
                                            "file": "minecraft:menus/menu4-2.png",
                                            "ascent": 64,
                                            "height": 128,
                                            "chars": ["\uE069"]
                                        },
                                {
                                            "type": "bitmap",
                                            "file": "minecraft:menus/menu4-3.png",
                                            "ascent": 64,
                                            "height": 128,
                                            "chars": ["\uE070"]
                                        },
                                {
                                            "type": "bitmap",
                                            "file": "minecraft:menus/menu4-4.png",
                                            "ascent": 64,
                                            "height": 128,
                                            "chars": ["\uE071"]
                                        },
                                {
                                            "type": "bitmap",
                                            "file": "minecraft:menus/menu5-1.png",
                                            "ascent": 64,
                                            "height": 128,
                                            "chars": ["\uE072"]
                                        },
                                {
                                            "type": "bitmap",
                                            "file": "minecraft:menus/menu5-2.png",
                                            "ascent": 64,
                                            "height": 128,
                                            "chars": ["\uE073"]
                                        },
                                {
                                            "type": "bitmap",
                                            "file": "minecraft:menus/menu5-3.png",
                                            "ascent": 64,
                                            "height": 128,
                                            "chars": ["\uE074"]
                                        },
                                {
                                            "type": "bitmap",
                                            "file": "minecraft:menus/menu5-4.png",
                                            "ascent": 64,
                                            "height": 128,
                                            "chars": ["\uE075"]
                                        },
                                {
                                            "type": "bitmap",
                                            "file": "minecraft:menus/menu6-1.png",
                                            "ascent": 64,
                                            "height": 128,
                                            "chars": ["\uE076"]
                                        },
                                {
                                            "type": "bitmap",
                                            "file": "minecraft:menus/menu6-2.png",
                                            "ascent": 64,
                                            "height": 128,
                                            "chars": ["\uE077"]
                                        },
                                {
                                            "type": "bitmap",
                                            "file": "minecraft:menus/menu7-1.png",
                                            "ascent": 96,
                                            "height": 128,
                                            "chars": ["\uE078"]
                                        },
                                {
                                            "type": "bitmap",
                                            "file": "minecraft:menus/menu7-2.png",
                                            "ascent": 96,
                                            "height": 128,
                                            "chars": ["\uE079"]
                                        },
                                {
                                            "type": "bitmap",
                                            "file": "minecraft:menus/menu7-3.png",
                                            "ascent": 96,
                                            "height": 128,
                                            "chars": ["\uE080"]
                                        },
                                {
                                            "type": "bitmap",
                                            "file": "minecraft:menus/menu7-4.png",
                                            "ascent": 96,
                                            "height": 128,
                                            "chars": ["\uE081"]
                                        },
                                {
                                            "type": "bitmap",
                                            "file": "minecraft:menus/menu7-5.png",
                                            "ascent": 96,
                                            "height": 128,
                                            "chars": ["\uE082"]
                                        },
                                {
                                            "type": "bitmap",
                                            "file": "minecraft:menus/menu7-6.png",
                                            "ascent": 96,
                                            "height": 128,
                                            "chars": ["\uE083"]
                                        },
                                {
                                            "type": "bitmap",
                                            "file": "minecraft:menus/menu7-7.png",
                                            "ascent": 96,
                                            "height": 128,
                                            "chars": ["\uE084"]
                                        },
                                {
                                            "type": "bitmap",
                                            "file": "minecraft:menus/menu7-8.png",
                                            "ascent": 96,
                                            "height": 128,
                                            "chars": ["\uE085"]
                                        },
                                {
                                            "type": "bitmap",
                                            "file": "minecraft:menus/menu7-9.png",
                                            "ascent": 64,
                                            "height": 128,
                                            "chars": ["\uE086"]
                                        },
                                {
                                            "type": "bitmap",
                                            "file": "minecraft:menus/menu8-1.png",
                                            "ascent": 96,
                                            "height": 128,
                                            "chars": ["\uE087"]
                                        },
                                {
                                            "type": "bitmap",
                                            "file": "minecraft:menus/menu8-2.png",
                                            "ascent": 96,
                                            "height": 128,
                                            "chars": ["\uE088"]
                                        },
                                {
                                            "type": "bitmap",
                                            "file": "minecraft:menus/menu8-3.png",
                                            "ascent": 96,
                                            "height": 128,
                                            "chars": ["\uE089"]
                                        },
                                {
                                            "type": "bitmap",
                                            "file": "minecraft:menus/menu8-4.png",
                                            "ascent": 96,
                                            "height": 128,
                                            "chars": ["\uE090"]
                                        },
                                {
                                            "type": "bitmap",
                                            "file": "minecraft:menus/menu8-5.png",
                                            "ascent": 96,
                                            "height": 128,
                                            "chars": ["\uE091"]
                                        },
                                {
                                            "type": "bitmap",
                                            "file": "minecraft:menus/menu8-6.png",
                                            "ascent": 96,
                                            "height": 128,
                                            "chars": ["\uE092"]
                                        },
                                {
                                            "type": "bitmap",
                                            "file": "minecraft:menus/menu8-7.png",
                                            "ascent": 96,
                                            "height": 128,
                                            "chars": ["\uE093"]
                                        },
                                {
                                            "type": "bitmap",
                                            "file": "minecraft:menus/menu8-8.png",
                                            "ascent": 96,
                                            "height": 128,
                                            "chars": ["\uE094"]
                                        },
                                {
                                            "type": "bitmap",
                                            "file": "minecraft:menus/menu8-9.png",
                                            "ascent": 96,
                                            "height": 128,
                                            "chars": ["\uE095"]
                                        },
                                {
                                            "type": "bitmap",
                                            "file": "minecraft:menus/menu9-1.png",
                                            "ascent": 96,
                                            "height": 128,
                                            "chars": ["\uE096"]
                                        },
                                {
                                            "type": "bitmap",
                                            "file": "minecraft:menus/menu9-2.png",
                                            "ascent": 96,
                                            "height": 128,
                                            "chars": ["\uE097"]
                                        },
                                {
                                            "type": "bitmap",
                                            "file": "minecraft:menus/menu9-3.png",
                                            "ascent": 96,
                                            "height": 128,
                                            "chars": ["\uE098"]
                                        },
                                {
                                            "type": "bitmap",
                                            "file": "minecraft:menus/menu9-4.png",
                                            "ascent": 96,
                                            "height": 128,
                                            "chars": ["\uE099"]
                                        },
                                {
                                            "type": "bitmap",
                                            "file": "minecraft:menus/menu9-5.png",
                                            "ascent": 96,
                                            "height": 128,
                                            "chars": ["\uE100"]
                                        },
                                {
                                            "type": "bitmap",
                                            "file": "minecraft:menus/menu9-6.png",
                                            "ascent": 96,
                                            "height": 128,
                                            "chars": ["\uE101"]
                                        },
                                {
                                            "type": "bitmap",
                                            "file": "minecraft:menus/menu9-7.png",
                                            "ascent": 96,
                                            "height": 128,
                                            "chars": ["\uE102"]
                                        },
                                {
                                            "type": "bitmap",
                                            "file": "minecraft:menus/menu9-8.png",
                                            "ascent": 96,
                                            "height": 128,
                                            "chars": ["\uE103"]
                                        },
                                {
                                            "type": "bitmap",
                                            "file": "minecraft:menus/menu9-9.png",
                                            "ascent": 96,
                                            "height": 128,
                                            "chars": ["\uE104"]
                                        },
                                {
                                            "type": "bitmap",
                                            "file": "minecraft:menus/menu9-10.png",
                                            "ascent": 96,
                                            "height": 128,
                                            "chars": ["\uE105"]
                                        },
                                {
                                            "type": "bitmap",
                                            "file": "minecraft:menus/menu9-11.png",
                                            "ascent": 96,
                                            "height": 128,
                                            "chars": ["\uE106"]
                                        },
                                {
                                            "type": "bitmap",
                                            "file": "minecraft:menus/menu9-12.png",
                                            "ascent": 96,
                                            "height": 128,
                                            "chars": ["\uE107"]
                                        },
                                {
                                            "type": "bitmap",
                                            "file": "minecraft:menus/menu9-13.png",
                                            "ascent": 96,
                                            "height": 128,
                                            "chars": ["\uE108"]
                                        },
                                {
                                            "type": "bitmap",
                                            "file": "minecraft:menus/menu9-14.png",
                                            "ascent": 96,
                                            "height": 128,
                                            "chars": ["\uE109"]
                                        },
                                {
                                            "type": "bitmap",
                                            "file": "minecraft:menus/menu9-15.png",
                                            "ascent": 96,
                                            "height": 128,
                                            "chars": ["\uE110"]
                                        },
                                {
                                            "type": "bitmap",
                                            "file": "minecraft:menus/menu9-16.png",
                                            "ascent": 96,
                                            "height": 128,
                                            "chars": ["\uE111"]
                                        },
                                {
                                            "type": "bitmap",
                                            "file": "minecraft:menus/menu9-17.png",
                                            "ascent": 96,
                                            "height": 128,
                                            "chars": ["\uE112"]
                                        },
                                {
                                            "type": "bitmap",
                                            "file": "minecraft:reload/reload1.png",
                                            "ascent": 4,
                                            "height": 12,
                                            "chars": ["\uE113"]
                                        },
                                {
                                            "type": "bitmap",
                                            "file": "minecraft:reload/reload2.png",
                                            "ascent": 4,
                                            "height": 12,
                                            "chars": ["\uE114"]
                                        },
                                {
                                            "type": "bitmap",
                                            "file": "minecraft:reload/reload3.png",
                                            "ascent": 4,
                                            "height": 12,
                                            "chars": ["\uE115"]
                                        },
                                {
                                            "type": "bitmap",
                                            "file": "minecraft:reload/reload4.png",
                                            "ascent": 4,
                                            "height": 12,
                                            "chars": ["\uE116"]
                                        },
                                {
                                            "type": "bitmap",
                                            "file": "minecraft:reload/reload5.png",
                                            "ascent": 4,
                                            "height": 12,
                                            "chars": ["\uE117"]
                                        },
                                {
                                            "type": "bitmap",
                                            "file": "minecraft:reload/reload6.png",
                                            "ascent": 4,
                                            "height": 12,
                                            "chars": ["\uE118"]
                                        },
                                {
                                            "type": "bitmap",
                                            "file": "minecraft:reload/reload7.png",
                                            "ascent": 4,
                                            "height": 12,
                                            "chars": ["\uE119"]
                                        },
                                {
                                            "type": "bitmap",
                                            "file": "minecraft:reload/reload8.png",
                                            "ascent": 4,
                                            "height": 12,
                                            "chars": ["\uE120"]
                                        },
                                {
                                            "type": "bitmap",
                                            "file": "minecraft:reload/reload-wrong.png",
                                            "ascent": 4,
                                            "height": 12,
                                            "chars": ["\uE121"]
                                        },
                                {
                                            "type": "bitmap",
                                            "file": "minecraft:menus/credits.png",
                                            "ascent": 100,
                                            "height": 128,
                                            "chars": ["\uE122"]
                                        },
                                {
                                            "type": "bitmap",
                                            "file": "minecraft:menus/conceptart1.png",
                                            "ascent": 92,
                                            "height": 128,
                                            "chars": ["\uE123"]
                                        },
                                {
                                            "type": "bitmap",
                                            "file": "minecraft:menus/conceptart2.png",
                                            "ascent": 92,
                                            "height": 128,
                                            "chars": ["\uE124"]
                                        },
                                {
                                            "type": "bitmap",
                                            "file": "minecraft:menus/conceptart3.png",
                                            "ascent": 92,
                                            "height": 128,
                                            "chars": ["\uE125"]
                                        },
                                {
                                            "type": "bitmap",
                                            "file": "minecraft:menus/conceptart4.png",
                                            "ascent": 92,
                                            "height": 128,
                                            "chars": ["\uE126"]
                                        },
                                {
                                            "type": "bitmap",
                                            "file": "minecraft:menus/conceptart5.png",
                                            "ascent": 92,
                                            "height": 128,
                                            "chars": ["\uE127"]
                                        },
                                {
                                            "type": "bitmap",
                                            "file": "minecraft:menus/conceptart6.png",
                                            "ascent": 92,
                                            "height": 128,
                                            "chars": ["\uE128"]
                                        },
                                {
                                            "type": "bitmap",
                                            "file": "minecraft:menus/conceptart7.png",
                                            "ascent": 92,
                                            "height": 128,
                                            "chars": ["\uE129"]
                                        },
                                {
                                            "type": "bitmap",
                                            "file": "minecraft:menus/conceptart8.png",
                                            "ascent": 92,
                                            "height": 128,
                                            "chars": ["\uE130"]
                                        },
                                {
                                            "type": "bitmap",
                                            "file": "minecraft:menus/conceptart-back.png",
                                            "ascent": 80,
                                            "height": 128,
                                            "chars": ["\uE131"]
                                        },
                                {
                                            "type": "bitmap",
                                            "file": "minecraft:menus/menu10-1.png",
                                            "ascent": 64,
                                            "height": 128,
                                            "chars": ["\uE132"]
                                        },
                                {
                                            "type": "bitmap",
                                            "file": "minecraft:menus/menu10-2.png",
                                            "ascent": 64,
                                            "height": 128,
                                            "chars": ["\uE133"]
                                        },
                                {
                                            "type": "bitmap",
                                            "file": "minecraft:menus/menu10-3.png",
                                            "ascent": 64,
                                            "height": 128,
                                            "chars": ["\uE134"]
                                        },
                                {
                                            "type": "bitmap",
                                            "file": "minecraft:menus/menu10-4.png",
                                            "ascent": 64,
                                            "height": 128,
                                            "chars": ["\uE135"]
                                        },
                                {
                                            "type": "bitmap",
                                            "file": "minecraft:menus/menu7-9.png",
                                            "ascent": 96,
                                            "height": 128,
                                            "chars": ["\uE136"]
                                        },
                                {
                                            "type": "bitmap",
                                            "file": "minecraft:menus/menu7-10.png",
                                            "ascent": 96,
                                            "height": 128,
                                            "chars": ["\uE137"]
                                        },
                                {
                                            "type": "bitmap",
                                            "file": "minecraft:menus/menu7-11.png",
                                            "ascent": 96,
                                            "height": 128,
                                            "chars": ["\uE138"]
                                        },
                                {
                                            "type": "bitmap",
                                            "file": "minecraft:menus/menu7-12.png",
                                            "ascent": 96,
                                            "height": 128,
                                            "chars": ["\uE139"]
                                        },
                                {
                                            "type": "bitmap",
                                            "file": "minecraft:menus/particles-back.png",
                                            "ascent": 64,
                                            "height": 128,
                                            "chars": ["\uE140"]
                                        },
                                {
                                            "type": "bitmap",
                                            "file": "minecraft:menus/selection1.png",
                                            "ascent": 64,
                                            "height": 64,
                                            "chars": ["\uE141"]
                                        },
                                {
                                            "type": "bitmap",
                                            "file": "minecraft:menus/selection2.png",
                                            "ascent": 64,
                                            "height": 64,
                                            "chars": ["\uE142"]
                                        },
                                {
                                            "type": "bitmap",
                                            "file": "minecraft:menus/selection3.png",
                                            "ascent": 64,
                                            "height": 64,
                                            "chars": ["\uE143"]
                                        },
                                {
                                            "type": "bitmap",
                                            "file": "minecraft:menus/selection4.png",
                                            "ascent": 64,
                                            "height": 64,
                                            "chars": ["\uE144"]
                                        },
                                {
                                            "type": "bitmap",
                                            "file": "minecraft:menus/already_selected.png",
                                            "ascent": 14,
                                            "height": 32,
                                            "chars": ["\uE145"]
                                        },
                                {
                                            "type": "bitmap",
                                            "file": "minecraft:menus/select.png",
                                            "ascent": 14,
                                            "height": 32,
                                            "chars": ["\uE146"]
                                        },
                                {
                                            "type": "bitmap",
                                            "file": "minecraft:menus/not_enough_money.png",
                                            "ascent": 14,
                                            "height": 32,
                                            "chars": ["\uE147"]
                                        },
                                {
                                            "type": "bitmap",
                                            "file": "minecraft:menus/unlock.png",
                                            "ascent": 14,
                                            "height": 32,
                                            "chars": ["\uE148"]
                                        },
                                {
                                            "type": "bitmap",
                                            "file": "minecraft:menus/unlocked.png",
                                            "ascent": 14,
                                            "height": 32,
                                            "chars": ["\uE149"]
                                        },
                                {
                                            "type": "bitmap",
                                            "file": "minecraft:menus/selected.png",
                                            "ascent": 14,
                                            "height": 32,
                                            "chars": ["\uE150"]
                                        },
                                {
                                            "type": "bitmap",
                                            "file": "minecraft:menus/locked.png",
                                            "ascent": 14,
                                            "height": 32,
                                            "chars": ["\uE151"]
                                        },
                                {
                                            "type": "bitmap",
                                            "file": "minecraft:items/coin.png",
                                            "ascent": 8,
                                            "height": 10,
                                            "chars": ["\uE152"]
                                        },
                                {
                                            "type": "bitmap",
                                            "file": "minecraft:menus/map1.png",
                                            "ascent": 20,
                                            "height": 40,
                                            "chars": ["\uE153"]
                                        },
                                {
                                            "type": "bitmap",
                                            "file": "minecraft:menus/map2.png",
                                            "ascent": 20,
                                            "height": 40,
                                            "chars": ["\uE154"]
                                        },
                                {
                                            "type": "bitmap",
                                            "file": "minecraft:menus/map3.png",
                                            "ascent": 20,
                                            "height": 40,
                                            "chars": ["\uE155"]
                                        },
                                {
                                            "type": "bitmap",
                                            "file": "minecraft:menus/map4.png",
                                            "ascent": 20,
                                            "height": 40,
                                            "chars": ["\uE156"]
                                        },
                                {
                                            "type": "bitmap",
                                            "file": "minecraft:menus/map5.png",
                                            "ascent": 20,
                                            "height": 40,
                                            "chars": ["\uE157"]
                                        },
                                {
                                            "type": "bitmap",
                                            "file": "minecraft:menus/map6.png",
                                            "ascent": 20,
                                            "height": 40,
                                            "chars": ["\uE158"]
                                        },
                                {
                                            "type": "bitmap",
                                            "file": "minecraft:menus/map7.png",
                                            "ascent": 20,
                                            "height": 40,
                                            "chars": ["\uE159"]
                                        },
                                {
                                            "type": "bitmap",
                                            "file": "minecraft:menus/map8.png",
                                            "ascent": 20,
                                            "height": 40,
                                            "chars": ["\uE160"]
                                        },
                                {
                                            "type": "bitmap",
                                            "file": "minecraft:icons/hitmarker.png",
                                            "ascent": 0,
                                            "height": 8,
                                            "chars": ["\uE161"]
                                        },
                                {
                                            "type": "bitmap",
                                            "file": "minecraft:icons/tutorial1.png",
                                            "ascent": 32,
                                            "height": 64,
                                            "chars": ["\uE162"]
                                        },
                                {
                                            "type": "bitmap",
                                            "file": "minecraft:icons/tutorial2.png",
                                            "ascent": 32,
                                            "height": 64,
                                            "chars": ["\uE163"]
                                        },
                                {
                                            "type": "bitmap",
                                            "file": "minecraft:icons/tutorial3.png",
                                            "ascent": 32,
                                            "height": 64,
                                            "chars": ["\uE164"]
                                        },
                                {
                                            "type": "bitmap",
                                            "file": "minecraft:icons/tutorial4.png",
                                            "ascent": 32,
                                            "height": 64,
                                            "chars": ["\uE165"]
                                        },
                                {
                                            "type": "bitmap",
                                            "file": "minecraft:icons/tutorial5.png",
                                            "ascent": 32,
                                            "height": 64,
                                            "chars": ["\uE166"]
                                        },
                                {
                                            "type": "bitmap",
                                            "file": "minecraft:icons/tutorial6.png",
                                            "ascent": 32,
                                            "height": 64,
                                            "chars": ["\uE167"]
                                        },
                                {
                                            "type": "bitmap",
                                            "file": "minecraft:icons/tutorial7.png",
                                            "ascent": 32,
                                            "height": 64,
                                            "chars": ["\uE168"]
                                        },
                                {
                                            "type": "bitmap",
                                            "file": "minecraft:icons/tutorial8.png",
                                            "ascent": 32,
                                            "height": 64,
                                            "chars": ["\uE169"]
                                        },
                                {
                                            "type": "bitmap",
                                            "file": "minecraft:icons/tutorial9.png",
                                            "ascent": 32,
                                            "height": 64,
                                            "chars": ["\uE170"]
                                        },
                                {
                                            "type": "bitmap",
                                            "file": "minecraft:icons/tutorial10.png",
                                            "ascent": 32,
                                            "height": 64,
                                            "chars": ["\uE171"]
                                        },
                                {
                                            "type": "bitmap",
                                            "file": "minecraft:icons/tutorial11.png",
                                            "ascent": 32,
                                            "height": 64,
                                            "chars": ["\uE172"]
                                        },
                                {
                                            "type": "bitmap",
                                            "file": "minecraft:menus/mode1.png",
                                            "ascent": 20,
                                            "height": 40,
                                            "chars": ["\uE173"]
                                        },
                                {
                                            "type": "bitmap",
                                            "file": "minecraft:menus/mode2.png",
                                            "ascent": 20,
                                            "height": 40,
                                            "chars": ["\uE174"]
                                        },
                                {
                                            "type": "bitmap",
                                            "file": "minecraft:menus/mode3.png",
                                            "ascent": 20,
                                            "height": 40,
                                            "chars": ["\uE175"]
                                        }
,
                                {
                                            "type": "bitmap",
                                            "file": "minecraft:menus/mode4.png",
                                            "ascent": 20,
                                            "height": 40,
                                            "chars": ["\uE176"]
                                        }
,
                                {
                                            "type": "bitmap",
                                            "file": "minecraft:menus/mode5.png",
                                            "ascent": 20,
                                            "height": 40,
                                            "chars": ["\uE177"]
                                        }
,
                                {
                                            "type": "bitmap",
                                            "file": "minecraft:menus/mode6.png",
                                            "ascent": 20,
                                            "height": 40,
                                            "chars": ["\uE178"]
                                        }
,
                                {
                                            "type": "bitmap",
                                            "file": "minecraft:menus/mode7.png",
                                            "ascent": 20,
                                            "height": 40,
                                            "chars": ["\uE179"]
                                        }
,
                                {
                                            "type": "bitmap",
                                            "file": "minecraft:ui/teamred.png",
                                            "ascent": 64,
                                            "height": 128,
                                            "chars": ["\uE180"]
                                        }
,
                                {
                                            "type": "bitmap",
                                            "file": "minecraft:ui/teamblue.png",
                                            "ascent": 64,
                                            "height": 128,
                                            "chars": ["\uE181"]
                                        },
                                        {
                                                    "type": "bitmap",
                                                    "file": "minecraft:ui/undead.png",
                                                    "ascent": 64,
                                                    "height": 128,
                                                    "chars": ["\uE182"]
                                                },
                                {
                                            "type": "bitmap",
                                            "file": "minecraft:icons/hitmarker1.png",
                                            "ascent": 0,
                                            "height": 8,
                                            "chars": ["\uE183"]
                                        },
                                {
                                            "type": "bitmap",
                                            "file": "minecraft:icons/hitmarker2.png",
                                            "ascent": 0,
                                            "height": 8,
                                            "chars": ["\uE184"]
                                        },
                                {
                                            "type": "bitmap",
                                            "file": "minecraft:icons/hitmarker3.png",
                                            "ascent": 0,
                                            "height": 8,
                                            "chars": ["\uE185"]
                                        }



















,
        {
            "type": "bitmap",
            "file": "space:font/space_split.png",
            "ascent": -32768,
            "height": -3,
            "chars": [
                "\uF801"
            ]
        },
        {
            "type": "bitmap",
            "file": "space:font/space_split.png",
            "ascent": -32768,
            "height": -4,
            "chars": [
                "\uF802"
            ]
        },
        {
            "type": "bitmap",
            "file": "space:font/space_split.png",
            "ascent": -32768,
            "height": -5,
            "chars": [
                "\uF803"
            ]
        },
        {
            "type": "bitmap",
            "file": "space:font/space_split.png",
            "ascent": -32768,
            "height": -6,
            "chars": [
                "\uF804"
            ]
        },
        {
            "type": "bitmap",
            "file": "space:font/space_split.png",
            "ascent": -32768,
            "height": -7,
            "chars": [
                "\uF805"
            ]
        },
        {
            "type": "bitmap",
            "file": "space:font/space_split.png",
            "ascent": -32768,
            "height": -8,
            "chars": [
                "\uF806"
            ]
        },
        {
            "type": "bitmap",
            "file": "space:font/space_split.png",
            "ascent": -32768,
            "height": -9,
            "chars": [
                "\uF807"
            ]
        },
        {
            "type": "bitmap",
            "file": "space:font/space_split.png",
            "ascent": -32768,
            "height": -10,
            "chars": [
                "\uF808"
            ]
        },
        {
            "type": "bitmap",
            "file": "space:font/space_split.png",
            "ascent": -32768,
            "height": -18,
            "chars": [
                "\uF809"
            ]
        },
        {
            "type": "bitmap",
            "file": "space:font/space_split.png",
            "ascent": -32768,
            "height": -34,
            "chars": [
                "\uF80A"
            ]
        },
        {
            "type": "bitmap",
            "file": "space:font/space_split.png",
            "ascent": -32768,
            "height": -66,
            "chars": [
                "\uF80B"
            ]
        },
        {
            "type": "bitmap",
            "file": "space:font/space_split.png",
            "ascent": -32768,
            "height": -130,
            "chars": [
                "\uF80C"
            ]
        },
        {
            "type": "bitmap",
            "file": "space:font/space_split.png",
            "ascent": -32768,
            "height": -258,
            "chars": [
                "\uF80D"
            ]
        },
        {
            "type": "bitmap",
            "file": "space:font/space_split.png",
            "ascent": -32768,
            "height": -514,
            "chars": [
                "\uF80E"
            ]
        },
        {
            "type": "bitmap",
            "file": "space:font/space_split.png",
            "ascent": -32768,
            "height": -1026,
            "chars": [
                "\uF80F"
            ]
        },
        {
            "type": "bitmap",
            "file": "space:font/space_split.png",
            "ascent": -65536,
            "height": -32770,
            "chars": [
                "\uF800"
            ]
        },
        {
            "type": "bitmap",
            "file": "space:font/space_split.png",
            "ascent": -32768,
            "height": 0,
            "chars": [
                "\uF821"
            ]
        },
        {
            "type": "bitmap",
            "file": "space:font/space_split.png",
            "ascent": -32768,
            "height": 1,
            "chars": [
                "\uF822"
            ]
        },
        {
            "type": "bitmap",
            "file": "space:font/space_split.png",
            "ascent": -32768,
            "height": 2,
            "chars": [
                "\uF823"
            ]
        },
        {
            "type": "bitmap",
            "file": "space:font/space_split.png",
            "ascent": -32768,
            "height": 3,
            "chars": [
                "\uF824"
            ]
        },
        {
            "type": "bitmap",
            "file": "space:font/space_split.png",
            "ascent": -32768,
            "height": 4,
            "chars": [
                "\uF825"
            ]
        },
        {
            "type": "bitmap",
            "file": "space:font/space_split.png",
            "ascent": -32768,
            "height": 5,
            "chars": [
                "\uF826"
            ]
        },
        {
            "type": "bitmap",
            "file": "space:font/space_split.png",
            "ascent": -32768,
            "height": 6,
            "chars": [
                "\uF827"
            ]
        },
        {
            "type": "bitmap",
            "file": "space:font/space_split.png",
            "ascent": -32768,
            "height": 7,
            "chars": [
                "\uF828"
            ]
        },
        {
            "type": "bitmap",
            "file": "space:font/space_split.png",
            "ascent": -32768,
            "height": 15,
            "chars": [
                "\uF829"
            ]
        },
        {
            "type": "bitmap",
            "file": "space:font/space_split.png",
            "ascent": -32768,
            "height": 31,
            "chars": [
                "\uF82A"
            ]
        },
        {
            "type": "bitmap",
            "file": "space:font/space_split.png",
            "ascent": -32768,
            "height": 63,
            "chars": [
                "\uF82B"
            ]
        },
        {
            "type": "bitmap",
            "file": "space:font/space_split.png",
            "ascent": -32768,
            "height": 127,
            "chars": [
                "\uF82C"
            ]
        },
        {
            "type": "bitmap",
            "file": "space:font/space_split.png",
            "ascent": -32768,
            "height": 255,
            "chars": [
                "\uF82D"
            ]
        },
        {
            "type": "bitmap",
            "file": "space:font/space_split.png",
            "ascent": -32768,
            "height": 511,
            "chars": [
                "\uF82E"
            ]
        },
        {
            "type": "bitmap",
            "file": "space:font/space_split.png",
            "ascent": -32768,
            "height": 1023,
            "chars": [
                "\uF82F"
            ]
        },
        {
            "type": "bitmap",
            "file": "space:font/space_split.png",
            "ascent": -65536,
            "height": 32767,
            "chars": [
                "\uF820"
            ]
        },
        {
            "type": "bitmap",
            "file": "space:font/space_nosplit.png",
            "ascent": -32768,
            "height": -3,
            "chars": [
                "\uF811"
            ]
        },
        {
            "type": "bitmap",
            "file": "space:font/space_nosplit.png",
            "ascent": -32768,
            "height": -4,
            "chars": [
                "\uF812"
            ]
        },
        {
            "type": "bitmap",
            "file": "space:font/space_nosplit.png",
            "ascent": -32768,
            "height": -5,
            "chars": [
                "\uF813"
            ]
        },
        {
            "type": "bitmap",
            "file": "space:font/space_nosplit.png",
            "ascent": -32768,
            "height": -6,
            "chars": [
                "\uF814"
            ]
        },
        {
            "type": "bitmap",
            "file": "space:font/space_nosplit.png",
            "ascent": -32768,
            "height": -7,
            "chars": [
                "\uF815"
            ]
        },
        {
            "type": "bitmap",
            "file": "space:font/space_nosplit.png",
            "ascent": -32768,
            "height": -8,
            "chars": [
                "\uF816"
            ]
        },
        {
            "type": "bitmap",
            "file": "space:font/space_nosplit.png",
            "ascent": -32768,
            "height": -9,
            "chars": [
                "\uF817"
            ]
        },
        {
            "type": "bitmap",
            "file": "space:font/space_nosplit.png",
            "ascent": -32768,
            "height": -10,
            "chars": [
                "\uF818"
            ]
        },
        {
            "type": "bitmap",
            "file": "space:font/space_nosplit.png",
            "ascent": -32768,
            "height": -18,
            "chars": [
                "\uF819"
            ]
        },
        {
            "type": "bitmap",
            "file": "space:font/space_nosplit.png",
            "ascent": -32768,
            "height": -34,
            "chars": [
                "\uF81A"
            ]
        },
        {
            "type": "bitmap",
            "file": "space:font/space_nosplit.png",
            "ascent": -32768,
            "height": -66,
            "chars": [
                "\uF81B"
            ]
        },
        {
            "type": "bitmap",
            "file": "space:font/space_nosplit.png",
            "ascent": -32768,
            "height": -130,
            "chars": [
                "\uF81C"
            ]
        },
        {
            "type": "bitmap",
            "file": "space:font/space_nosplit.png",
            "ascent": -32768,
            "height": -258,
            "chars": [
                "\uF81D"
            ]
        },
        {
            "type": "bitmap",
            "file": "space:font/space_nosplit.png",
            "ascent": -32768,
            "height": -514,
            "chars": [
                "\uF81E"
            ]
        },
        {
            "type": "bitmap",
            "file": "space:font/space_nosplit.png",
            "ascent": -32768,
            "height": -1026,
            "chars": [
                "\uF81F"
            ]
        },
        {
            "type": "bitmap",
            "file": "space:font/space_nosplit.png",
            "ascent": -65536,
            "height": -32770,
            "chars": [
                "\uF810"
            ]
        },
        {
            "type": "bitmap",
            "file": "space:font/space_nosplit.png",
            "ascent": -32768,
            "height": 0,
            "chars": [
                "\uF831"
            ]
        },
        {
            "type": "bitmap",
            "file": "space:font/space_nosplit.png",
            "ascent": -32768,
            "height": 1,
            "chars": [
                "\uF832"
            ]
        },
        {
            "type": "bitmap",
            "file": "space:font/space_nosplit.png",
            "ascent": -32768,
            "height": 2,
            "chars": [
                "\uF833"
            ]
        },
        {
            "type": "bitmap",
            "file": "space:font/space_nosplit.png",
            "ascent": -32768,
            "height": 3,
            "chars": [
                "\uF834"
            ]
        },
        {
            "type": "bitmap",
            "file": "space:font/space_nosplit.png",
            "ascent": -32768,
            "height": 4,
            "chars": [
                "\uF835"
            ]
        },
        {
            "type": "bitmap",
            "file": "space:font/space_nosplit.png",
            "ascent": -32768,
            "height": 5,
            "chars": [
                "\uF836"
            ]
        },
        {
            "type": "bitmap",
            "file": "space:font/space_nosplit.png",
            "ascent": -32768,
            "height": 6,
            "chars": [
                "\uF837"
            ]
        },
        {
            "type": "bitmap",
            "file": "space:font/space_nosplit.png",
            "ascent": -32768,
            "height": 7,
            "chars": [
                "\uF838"
            ]
        },
        {
            "type": "bitmap",
            "file": "space:font/space_nosplit.png",
            "ascent": -32768,
            "height": 15,
            "chars": [
                "\uF839"
            ]
        },
        {
            "type": "bitmap",
            "file": "space:font/space_nosplit.png",
            "ascent": -32768,
            "height": 31,
            "chars": [
                "\uF83A"
            ]
        },
        {
            "type": "bitmap",
            "file": "space:font/space_nosplit.png",
            "ascent": -32768,
            "height": 63,
            "chars": [
                "\uF83B"
            ]
        },
        {
            "type": "bitmap",
            "file": "space:font/space_nosplit.png",
            "ascent": -32768,
            "height": 127,
            "chars": [
                "\uF83C"
            ]
        },
        {
            "type": "bitmap",
            "file": "space:font/space_nosplit.png",
            "ascent": -32768,
            "height": 255,
            "chars": [
                "\uF83D"
            ]
        },
        {
            "type": "bitmap",
            "file": "space:font/space_nosplit.png",
            "ascent": -32768,
            "height": 511,
            "chars": [
                "\uF83E"
            ]
        },
        {
            "type": "bitmap",
            "file": "space:font/space_nosplit.png",
            "ascent": -32768,
            "height": 1023,
            "chars": [
                "\uF83F"
            ]
        },
        {
            "type": "bitmap",
            "file": "space:font/space_nosplit.png",
            "ascent": -65536,
            "height": 32767,
            "chars": [
                "\uF830"
            ]
        }
    ]
}